Rank,Symbol,Name,Composite Volatility Score,Current Price,3Y Return %,Max Drawdown %,Annualized Volatility %,ATR Normalized %,Recent Vol (6M) %,Older Vol %,Volatility Trend,Current Regime,High Vol Regime %,Bollinger Width %,Avg Gap %,Max Gap %,Gap Frequency %,Risk-Adjusted Return,Daily Volatility %,Total Days,Token
1,SHANKARA,SHANKARA BLDG PRODUCT,89.64,134.5,-81.58,-88.96,61.2,36.34,121.88,38.98,Increasing,Normal,8.33,309.41,0.73,74.26,4.16,-1.333,3.85,747,5202177
2,KIOCL,KIOCL,38.98,505.4,169.62,-73.84,61.94,7.47,75.34,58.75,Increasing,Normal,0,44.8,0.78,7.51,6.3,2.739,3.9,747,4896257
3,CMRSL-SM,CYBER MEDIA RES & SER,38.76,74,-69.83,-82.63,64.74,4.51,58.41,65.81,Decreasing,Normal,0,29.26,3.19,18.06,65.35,-1.079,4.08,633,2930433
4,INDOTHAI,INDO THAI SEC,37.93,376,2178.79,-96.07,48.39,4,42.57,49.5,Decreasing,Normal,8.33,87.07,1.8,14.04,36.46,45.028,3.05,747,6555649
5,URAVIDEF,URAVI DEFENCE &TECH,37.7,247,98.87,-86.04,52.9,7.64,42.16,54.77,Decreasing,Normal,9.09,67.64,1.98,9.45,41.73,1.869,3.33,684,4370177
6,NAGREEKCAP,NAGREEKA CAP & INFR.LTD,37.67,41,262.83,-75.64,56.25,5.68,54.44,56.54,Decreasing,Normal,0,48.26,2.6,9.97,56.28,4.673,3.54,742,3825153
7,KAVDEFENCE-BE,KAVVERI DFS & WIR TEC,37.25,119.71,901.76,-97.3,50.56,5.78,53.3,49.87,Increasing,Normal,0,59.85,2.53,9.91,56.04,17.835,3.19,738,3903489
8,VIVIANA-SM,VIVIANA POWER TECH,37.17,1596,1775.44,-96.3,61.4,6,52.94,63.04,Decreasing,Normal,8.33,35.63,2.39,10.81,49.52,28.915,3.87,726,2807553
9,EIMCOELECO,EIMCO ELECON (INDIA),37.08,1952.1,428.17,-90.47,57.34,7.28,71.73,54.05,Increasing,Normal,0,40.55,1.27,13.42,20.24,7.467,3.61,747,1034241
10,TNTELE,TAMILNADU TELECOMMUNICATI,37.07,13.83,66.63,-79.62,52.16,6.44,79.91,44.55,Increasing,High,8.33,38.92,2.29,14.8,53.96,1.277,3.29,746,899073
11,MCLEODRUSS,MCLEOD RUSSEL INDIA,36.85,51.7,79.2,-71.2,55.77,4.83,50.13,56.77,Decreasing,Normal,0,59.78,1.45,10,22.39,1.42,3.51,747,3057409
12,SOMATEX-BE,SOMA TEXTILEI NDUSTRIES L,36.5,75.94,826.1,-93.57,61.57,5.12,70.72,59.59,Increasing,Normal,8.33,21.65,2.21,20,45.58,13.417,3.88,747,2330625
13,MINDTECK,MINDTECK (INDIA),36.2,275.68,125.23,-78.26,59.77,5.85,59.43,59.81,Decreasing,Normal,0,40.35,1.22,9.99,17.72,2.095,3.77,746,4620545
14,INFOMEDIA-BE,INFOMEDIA PRESS,35.9,7.23,66.21,-60.57,54.25,7.16,61.21,53.25,Increasing,Normal,0,31.11,2.85,9.97,65.7,1.22,3.42,619,3505665
15,WEWIN,WE WIN,35.66,65.97,44.99,-68.35,56.62,5.34,54.39,57.04,Decreasing,Normal,8.33,41.98,1.85,18.61,32.71,0.795,3.57,747,2524673
16,INDBANK,INDBANK MERCH BANK,35.5,43.58,85.45,-66.78,56.35,5.64,56.96,56.22,Increasing,Normal,16.67,48.97,0.88,8.11,8.85,1.516,3.55,747,4334849
17,SIKKO,SIKKO INDUSTRIES,35.48,87.55,0.55,-60.59,55.67,5.57,43.91,57.76,Decreasing,Normal,8.33,53.1,1.54,16.03,28.15,0.01,3.51,747,1591809
18,TARACHAND,TARA CHAND INFRA SOLN,35.4,86,719.05,-90.27,60.13,6.29,47.49,62.45,Decreasing,Normal,0,34.65,1.93,18.09,36.64,11.957,3.79,727,6019073
19,DCI,DC INFOTECH AND COMUN,34.88,244.25,383.66,-90.34,58.65,6.18,54.58,59.33,Decreasing,Normal,8.33,27.82,2.14,19.97,41.24,6.542,3.69,743,2960897
20,MIRZAINT,MIRZA INTERNATIONAL LIMIT,34.69,39.92,-79.82,-88.12,66.84,5.15,47.66,70.02,Decreasing,Normal,16.67,24.76,1.11,77.7,11.39,-1.194,4.21,747,1124865
21,FIDEL-SM,FIDEL SOFTECH,34.64,175,173.44,-74.74,62.72,3.77,65.12,62.24,Increasing,Normal,0,15.16,1.97,17.44,38.11,2.765,3.95,699,2523649
22,JINDALPHOT,JINDAL PHOTO,34.6,1524,329.3,-83.28,57.21,4.86,62.04,56.14,Increasing,Normal,0,36.08,1.15,11.6,15.95,5.756,3.6,747,3006209
23,AURDIS-SM,AURANGABAD DISTILLERY,34.58,130.6,21.66,-78.78,63.51,3.98,58.83,64.44,Decreasing,Normal,0,12.1,2.45,19.71,45.54,0.341,4,618,4803073
24,LASA-BE,LASA SUPERGENERICS,34.58,11.3,-70.76,-80.19,57.2,6.68,66.69,55.11,Increasing,Normal,0,27.14,1.42,16.89,27.08,-1.237,3.6,747,5561089
25,DELTAMAGNT,DELTA MANUFACTURING,34.55,74.5,-5.7,-59.56,57.37,6.11,59.48,56.97,Increasing,Normal,8.33,28.65,1.79,19.97,35.52,-0.099,3.61,747,310785
26,ZENITHEXPO,ZENITH EXPORTS,34.46,255,219.55,-83.57,57.92,5.87,57.03,58.13,Decreasing,Normal,0,22.54,2.42,15.96,50.2,3.79,3.65,738,1069057
27,SHANTI,SHANTI OVERSEAS INDIA,34.4,11.01,-52.03,-75.7,58.02,6.11,51.11,59.33,Decreasing,Normal,8.33,30.66,1.93,16.09,43.83,-0.897,3.65,747,1446401
28,SIGMA-BE,SIGMA SOLVE,34.36,52.6,103.09,-73.74,52.43,7.24,63.96,49.48,Increasing,Normal,0,33.18,1.89,14.46,35.24,1.966,3.3,719,4265985
29,WEL,WONDER ELECTRICALS,34.32,130.4,649.43,-92.75,57.56,6.05,48.46,59.15,Decreasing,Normal,0,37.26,1.52,11.13,28.23,11.283,3.63,745,2005761
30,ANTGRAPHIC,ANTARCTICA,34.2,1.09,28.24,-77.82,67.34,4.59,52.71,69.93,Decreasing,Normal,0,6.94,2.17,15.38,43.43,0.419,4.24,747,1329665
31,PARSVNATH-BE,PARSVNATH DEVELOPER,34.04,14.9,92.26,-78.09,57.89,5.76,67.55,55.7,Increasing,Normal,0,20.98,1.61,10,30.97,1.594,3.65,747,3531521
32,CINEVISTA,CINEVISTA,33.83,17.93,36.87,-60.79,56.44,7.06,66.22,54.31,Increasing,Normal,0,20.4,1.74,12.45,39.68,0.653,3.56,747,2054145
33,PROZONER-BE,PROZONE REALTY,33.82,59.58,167.17,-69.64,53.78,6.32,48.15,54.78,Decreasing,Normal,0,48.56,0.9,9.74,9.12,3.108,3.39,747,7388929
34,VCL,VAXTEX COTFAB,33.82,1.02,-78.97,-89.47,57.79,6.63,51.78,58.98,Decreasing,Normal,18.18,25.24,1.99,17.86,47.07,-1.366,3.64,683,2309121
35,SPCENET,SPACENET ENTERS IND,33.73,9.17,-53.69,-87.87,58.52,4.5,50.53,59.93,Decreasing,Normal,0,32.9,1.46,20.02,26.41,-0.917,3.69,747,4959233
36,DYNAMIC-SM,DYNAMIC SRVCS & SEC,33.71,122,648.47,-96.29,55.43,5.98,47.37,56.86,Decreasing,Normal,0,28.64,2.55,11.18,52.34,11.698,3.49,727,1556225
37,CYBERMEDIA-BE,CYBER MEDIA (INDIA),33.67,18.54,8.23,-73.5,59.8,6.31,51.15,61.39,Decreasing,Normal,0,22.34,1.83,11.6,40.75,0.138,3.77,747,3032321
38,UNITEDPOLY-BE,UNITED POLYFAB GUJ.,33.61,45.38,1063.59,-92.49,53.11,4.71,51.5,53.23,Decreasing,Normal,8.33,35.84,2.22,11.79,46.78,20.025,3.35,747,1936385
39,HERCULES,HERCULES HOI.,33.45,204.5,46.49,-75.99,62.29,5.41,48.48,64.71,Decreasing,Normal,8.33,28.17,0.87,61.1,8.71,0.746,3.92,747,3913729
40,MHLXMIRU,MAHALAXMI RUBTECH,33.42,219.2,243.04,-82.83,76.3,2.92,34.97,82.13,Decreasing,Normal,8.33,2.97,1.6,72.89,28.95,3.185,4.81,747,2018817
41,GODHA-BE,GODHA CABCON INSULAT,33.38,0.56,-80,-85.48,64.47,4.64,49.92,67.04,Decreasing,Normal,8.33,12.33,1.93,10,38.2,-1.241,4.06,747,412161
42,NIBL,NRB INDUS. BEARINGS,33.18,31.48,31.17,-70.49,51.47,6.97,64.96,48.25,Increasing,Normal,8.33,25.27,2.08,11.37,42.9,0.605,3.24,747,7611649
43,COUNCODOS,COUNTRY CONDO S,32.95,6.98,74.5,-72.32,55.77,6,64.19,53.97,Increasing,Normal,16.67,19.48,1.71,9.92,35.79,1.336,3.51,747,4348417
44,BEARDSELL,BEARDSELL,32.93,32.8,49.09,-71.14,55.81,6.27,51.96,56.54,Decreasing,Normal,0,28.44,1.59,12.85,32.57,0.88,3.52,747,4590849
45,NKIND,NK INDUSTRIES,32.84,70.6,87.27,-68.19,54.17,7.28,53.44,54.16,Decreasing,Normal,9.09,17.08,2.78,16.5,55.4,1.611,3.41,714,624385
46,CAPTRUST,CAPITAL TRUST,32.83,30.91,-50.15,-79.99,58.91,4.86,48.52,60.71,Decreasing,Normal,0,27.43,1.4,10.52,26.14,-0.851,3.71,747,4978433
47,TIRUPATIFL,TIRUPATI FORGE,32.82,41.7,174.34,-90.74,55.41,6.19,52.52,55.99,Decreasing,Normal,8.33,25.23,1.9,9.98,36.19,3.146,3.49,747,5704193
48,NILASPACES-BE,NILA SPACES,32.79,19,484.62,-88.03,55.1,5.85,53.33,55.46,Decreasing,Normal,0,26.81,1.8,9.2,33.65,8.795,3.47,747,1907201
49,LPDC,LANDMARK PR.DEV.CO.LTD,32.68,8.47,31.32,-69.57,63.33,4.7,44.39,66.51,Decreasing,Normal,8.33,14.45,1.91,14.41,38.61,0.495,3.99,747,4316929
50,RILINFRA-SM,RACHANA INFRA,32.66,33.55,-96.14,-97.96,60.6,3.75,51.53,62.55,Decreasing,Normal,0,12.38,2.35,16.76,45.19,-1.587,3.82,625,2522625
51,ARSHIYA-BZ,ARSHIYA,32.65,1.84,-86.95,-88.65,53.01,6.64,56.97,52.31,Increasing,Normal,0,23.68,2.11,9.43,40.5,-1.64,3.34,675,7427841
52,VASWANI-BE,VASWANI IND,32.6,54.55,151.96,-78.88,61.47,5.02,55.37,62.6,Decreasing,Normal,8.33,13.68,1.52,12.81,27.21,2.472,3.87,747,6488065
53,SAMPANN,SAMPANN UTPADAN INDIA,32.56,31.3,63.02,-74.94,52.84,7.46,57.31,51.86,Increasing,Normal,0,22.32,2.07,10.82,45.58,1.193,3.33,747,6989569
54,PRECOT-BE,PRECOT,32.5,385.7,63.09,-81.45,51.31,5.51,53.47,50.71,Increasing,Normal,0,37.31,1.48,19.94,27.88,1.23,3.23,747,1506305
55,FORCEMOT,FORCE MOTORS,32.44,15800,1148.57,-95.07,55.96,4.88,60.45,54.9,Increasing,Normal,9.09,29.69,0.75,31.25,5.52,20.526,3.52,671,2962689
56,PENINLAND,PENINSULA LAND,32.44,34.65,168.6,-85.87,59.61,5.57,60.9,59.37,Increasing,Normal,0,14.37,1.28,9.94,22.31,2.828,3.76,745,577537
57,PALREDTEC,PALRED TECHNOLOGIES,32.42,68.45,-52.5,-82.77,52.88,4.69,40.63,54.89,Decreasing,Normal,8.33,45.73,1.27,14.66,22.28,-0.993,3.33,746,4367873
58,INNOVANA-BE,INNOVANA THINKLABS,32.32,502,158.3,-84.37,59.53,4.69,49.29,61.56,Decreasing,Normal,0,14.58,2.16,13.68,43.91,2.659,3.75,691,7109889
59,SOLEX,SOLEX ENERGY,32.31,1548.15,517.28,-89.83,58.41,5.31,36.88,61.85,Decreasing,Normal,0,26.5,2.02,19.94,37.72,8.857,3.68,738,194405633
60,ZENITHSTL,ZENITH STEEL PIP IND,32.23,8.91,57.7,-79.29,51.67,5.09,50.75,51.87,Decreasing,Normal,0,31.45,2.06,9.5,47.86,1.117,3.25,747,3727873
61,GVPTECH,GVP INFOTECH,32.12,9.6,-85.93,-91.77,60.75,6.34,48.95,62.88,Decreasing,Normal,8.33,11.64,1.8,79.83,24.8,-1.414,3.83,747,2781441
62,CEREBRAINT-BZ,CEREBRA INT TECH,32.07,8.35,-78.86,-90.57,51.86,6.12,37.44,54.08,Decreasing,Normal,8.33,38.69,1.96,9.97,40.21,-1.521,3.27,747,7428097
63,FLEXITUFF,FLEXITUFF VENTURES INT L,32.05,21.6,-22.3,-81.73,53.78,7.02,47.08,55.03,Decreasing,Normal,0,23.88,2.15,13.92,45.96,-0.415,3.39,743,6531073
64,PKTEA-BE,THE P K TEA PROD CO,32.02,780,151.65,-78.2,53.52,5.3,66.14,50.53,Increasing,Normal,16.67,16.84,1.88,15.97,36.39,2.834,3.37,732,2641409
65,MANUGRAPH-BE,MANUGRAPH INDIA,32.02,22.93,56.52,-63.21,63.53,3.93,49.93,65.86,Decreasing,Normal,8.33,8.67,1.73,15.67,35.44,0.89,4,746,3475201
66,BHARATGEAR-BE,BHARAT GEARS,31.91,116.35,-20.31,-60.22,42.46,7.55,62.2,37.05,Increasing,Normal,0,51.83,0.81,6.4,7.37,-0.478,2.67,747,2405633
67,JAYNECOIND,JAYASWAL NECO INDUSTR,31.91,70.63,171.65,-73.42,54.89,4.78,80.91,47.85,Increasing,High,8.33,11.34,1.17,13.28,15.68,3.127,3.46,747,596737
68,SPMLINFRA,SPML INFRA,31.83,240.57,669.82,-94.82,52.79,5.33,51.56,53.04,Decreasing,Normal,0,26.57,1.93,9.16,34.53,12.689,3.33,728,850177
69,NIRAJ,NIRAJ CEMENT STRUC,31.78,34.92,13.56,-68.02,52.66,7.71,44.83,54.01,Decreasing,Normal,0,30.47,1.61,11.66,32.57,0.257,3.32,747,65281
70,TERASOFT-BE,TERA SOFTWARE,31.66,447.4,876.86,-94.23,58.73,3.17,41.07,61.66,Decreasing,Normal,16.67,25.05,1.71,19.92,31.5,14.931,3.7,747,4939777
71,PNC-BE,PRITISH NANDY COMMUNICATI,31.61,30.89,-29.8,-72.11,54.02,6.93,52.75,54.28,Decreasing,Normal,0,24.66,1.33,20,24.66,-0.552,3.4,747,2392577
72,NPST,NETWORK PEOPLE SRV TECH L,31.58,1900,4946.48,-99.08,60.14,3.95,43.61,62.82,Decreasing,Normal,8.33,14.51,2.08,19.75,41.53,82.252,3.79,721,193618945
73,PRECAM,PRECISION CAMSHAFTS,31.54,193.5,68.26,-77.01,57.65,4.79,57.91,57.63,Increasing,Normal,0,20.77,0.83,14.34,6.97,1.184,3.63,747,3226369
74,GOLDTECH,AION-TECH SOLUTIONS,31.5,61.5,18.38,-78.96,58.91,5.29,44.99,61.37,Decreasing,Normal,0,16.76,1.75,17.94,33.02,0.312,3.71,743,2527745
75,PVP-BE,PVP VENTURES,31.49,29.9,221.51,-86.42,58.57,5.98,54.36,58.85,Decreasing,Normal,0,9.47,1.8,11.06,35.12,3.782,3.69,747,1605889
76,UMIYA-MRO,UMIYA BUILDCON,31.47,87.2,31.13,-60.06,55.82,6.14,43.17,58.03,Decreasing,Normal,16.67,27.95,1.31,19.96,22.79,0.558,3.52,747,2303489
77,GOYALALUM,GOYAL ALUMINIUMS,31.44,7.06,-95.12,-97.65,68.4,4.29,24.84,74.51,Decreasing,Normal,9.09,10.89,1.79,89.91,28.85,-1.391,4.31,708,3017473
78,VASCONEQ,VASCON ENGINEERS,31.4,69.48,142.09,-74.4,54.16,5.97,55.42,53.87,Increasing,Normal,0,28.4,0.77,11.84,5.76,2.623,3.41,747,4636161
79,JSLL,JEENA SIKHO LIFECARE,31.25,763.45,4338.66,-98.17,58.84,4.2,53.9,59.74,Decreasing,Normal,0,11.78,1.65,20,30.41,73.741,3.71,741,194077441
80,JAICORPLTD,JAI CORP,31.17,161.1,-22.17,-81.41,56.96,5.08,58.34,56.55,Increasing,Normal,8.33,20.5,0.71,6.34,6.84,-0.389,3.59,747,1316609
81,QMSMEDI-SM,QMS MEDICAL ALLIED S,31.15,107,-15.45,-69.31,58.97,3.67,46.08,59.81,Decreasing,Normal,0,17.66,1.68,13.15,34.42,-0.262,3.71,736,2935553
82,GVPIL,GE POWER INDIA,31.03,332.2,121.47,-84.9,57.06,4.05,56.2,57.21,Decreasing,Normal,0,21.3,0.82,14.89,7.51,2.129,3.59,747,2012673
83,IFGLEXPOR,IFGL REFRACTORIES,31.02,267.65,112.93,-78.82,50.01,6.86,61.6,47.35,Increasing,Normal,0,29.37,0.81,18.77,5.5,2.258,3.15,747,111617
84,DYCL,DYNAMIC CABLES,30.97,398.25,390.46,-85.78,57.37,3.65,61.38,56.44,Increasing,Normal,0,13.65,1.19,17.87,14.75,6.806,3.61,747,2666753
85,SMLISUZU,SML ISUZU,30.97,3206,274.53,-86.94,52.08,4.92,56.94,51.02,Increasing,Normal,8.33,31.47,0.72,9.51,6.3,5.271,3.28,747,867073
86,ACEINTEG,ACE INTEGRATED SOLU.,30.94,23.98,-41.37,-75.7,55.63,5.81,44.74,57.63,Decreasing,Normal,0,14.99,2.24,17.84,46.94,-0.744,3.5,736,3015425
87,ALPSINDUS-BE,ALPS INDUSTRIES,30.88,1.71,-28.75,-73.68,52.23,8.11,50.73,52.42,Decreasing,Normal,0,14.08,2.27,8.7,58.18,-0.55,3.29,692,1951489
88,BAFNAPH-BE,BAFNA PHARMACEUTICALS,30.8,159.22,60.67,-60.87,41.27,3.78,48.31,39.19,Increasing,Normal,0,52.5,1.82,9.99,41.6,1.47,2.6,662,4540161
89,SHUBHLAXMI-SM,SHUBHLAXMI JEWEL ART,30.8,15.7,-58.85,-88.57,53.64,3.68,45.67,54.89,Decreasing,Normal,0,19.66,2.43,12.05,50.15,-1.097,3.38,663,1651457
90,ORIENTALTL,ORIENTAL TRIMEX,30.76,10.15,22.88,-77.33,57.37,3.69,56.35,57.61,Decreasing,Normal,0,10.79,1.67,11.96,36.46,0.399,3.61,747,3672577
91,ASHIMASYN,ASHIMA,30.74,22.3,36.81,-76.45,58.39,4.61,54.6,59.16,Decreasing,Normal,8.33,11.84,1.28,19.87,19.17,0.63,3.68,747,52737
92,GTL,GTL,30.73,9.35,11.98,-75.84,57.94,3.91,51.24,58.92,Decreasing,Normal,8.33,15.44,1.39,19.49,20.11,0.207,3.65,747,297473
93,LEXUS,LEXUS GRANITO (INDIA),30.67,27.32,-68.95,-72.03,58.21,5.81,42.55,60.88,Decreasing,Normal,9.09,13.33,1.79,12.36,34.55,-1.185,3.67,713,3701505
94,KRIDHANINF,KRIDHAN INFRA,30.66,3.95,1.28,-81.19,59.78,5.51,41.95,62.48,Decreasing,Normal,8.33,6.8,2.19,16.05,48.53,0.021,3.77,747,2938881
95,SHAHALLOYS,SHAH ALLOYS,30.65,67.25,10.43,-65.62,55.34,5.68,50.47,56.06,Decreasing,Normal,0,13.9,1.84,9.85,38.74,0.188,3.49,747,3035137
96,GRSE,GARDEN REACH SHIP&ENG,30.6,2663,588.74,-89.14,58.79,4.18,59.25,58.71,Increasing,Normal,0,13.05,0.72,13.59,6.43,10.013,3.7,747,1401601
97,PROPEQUITY-SM,P. E. ANALYTICS,30.59,183,18.06,-60.78,51.51,5.39,53.52,51.26,Increasing,Normal,0,19.8,1.91,15.6,35.46,0.351,3.24,658,2236161
98,SADBHAV,SADBHAV ENGINEERING,30.51,12.85,-7.89,-78.91,55.33,4.85,48.57,56.61,Decreasing,Normal,8.33,18.83,1.52,9.97,27.75,-0.143,3.49,747,3388417
99,MEP-BZ,MEP INFRA. DEVELOPERS,30.51,2.08,-84.82,-94.88,53.77,1.78,27.84,57.74,Decreasing,Normal,0,38.59,1.92,8.04,38.25,-1.577,3.39,686,6625793
100,KITEX,KITEX GARMENTS,30.49,190.4,168.17,-86.02,51.61,5.05,56.61,50.47,Increasing,Normal,8.33,25.22,1.14,10.89,16.89,3.258,3.25,747,7398145
101,BRNL,BHARAT ROAD NETWORK,30.49,23.7,-36.2,-82.34,54.56,6.05,49.32,55.54,Decreasing,Normal,8.33,20.15,1.3,17.12,20.24,-0.664,3.44,747,5550849
102,MAGNUM,MAGNUM VENTURES,30.44,24.39,95.12,-84.32,55.57,4.29,43.87,57.65,Decreasing,Normal,8.33,19.26,1.81,8.12,38.26,1.712,3.5,746,3828993
103,GRWRHITECH,GARWARE HI-TECH FILMS,30.44,2940,278.82,-90.86,55.96,4.21,50.37,56.71,Decreasing,Normal,0,22.68,0.94,17.43,8.85,4.982,3.53,747,2043393
104,ASAL,AUTOMOTIVE STAMPINGS & AS,30.43,563.65,39.17,-77.25,52.93,5.19,48.08,53.73,Decreasing,Normal,8.33,30.22,0.87,15.73,8.71,0.74,3.33,747,2722305
105,MADHUCON,MADHUCON PROJECTS,30.39,7.27,18.21,-82.7,49.48,6.31,54.32,48.24,Increasing,Normal,0,19.54,2.09,9.95,46.65,0.368,3.12,747,3499777
106,CPCAP,CP CAPITAL,30.37,121.98,-7.52,-79.33,50.59,5.12,63.75,47.04,Increasing,Normal,8.33,22.43,1.11,34.22,14.34,-0.149,3.19,747,5142017
107,RELINFRA-BE,RELIANCE INFRASTRUCTU,30.36,241.84,55.03,-72.93,55.82,5.15,54.09,56.18,Decreasing,Normal,0,18.17,0.94,19.99,9.65,0.986,3.52,747,1226497
108,MHHL-SM,MOHINI HEALTH&HYGIENE,30.33,49.95,46.05,-64.72,60.01,3.27,41.19,62.57,Decreasing,Normal,0,10.74,1.97,18.36,40.11,0.767,3.78,699,365057
109,BROOKS,BROOKS LAB,30.26,125.3,9.05,-71.36,52.39,5.38,38.6,54.59,Decreasing,Normal,0,30.17,1.53,8.69,23.86,0.173,3.3,747,6434817
110,DUCON,DUCON INFRATECHNOLOGIES L,30.25,4.9,-62.13,-69.89,51.85,5.74,45.84,52.98,Decreasing,Normal,0,25.07,1.57,11.32,28.69,-1.198,3.27,747,7411713
111,KOTHARIPRO,KOTHARI PRODUCTS,30.25,84.9,36.98,-56.13,51.75,6.19,49.55,52.2,Decreasing,Normal,8.33,24.13,1.35,12.62,21.72,0.715,3.26,747,1415169
112,DIL,DEBOCK INDUSTRIES,30.25,2.06,-84.57,-92.64,55.48,5.16,35.75,58.58,Decreasing,Normal,16.67,25.39,1.53,15.97,28.69,-1.524,3.49,747,2216193
113,NRL,NUPUR RECYCLERS,30.24,70.9,-13.96,-63.25,57.3,4.6,48.69,58.84,Decreasing,Normal,0,14.33,1.38,17.93,20.64,-0.244,3.61,747,3500801
114,PRAXIS-BE,PRAXIS HOME RETAIL,30.24,13.5,-46.28,-76.18,51.61,3.47,47.93,52.19,Decreasing,Normal,0,21.62,2.2,16.67,45.32,-0.897,3.25,727,311297
115,FROG-SM,FROG CELLSAT,30.2,231,30.51,-71.29,59.41,4.15,44.92,61.94,Decreasing,Normal,0,13.68,1.28,19.99,20.86,0.513,3.74,744,2944257
116,INDOTECH,INDO TECH TRANSFORM,30.17,1833,752.56,-95.66,57.77,3.98,44.55,60.01,Decreasing,Normal,8.33,12.59,1.8,20,32.6,13.027,3.64,728,3398401
117,TPHQ,TEAMO PRODUCTIONS HQ,30.17,0.67,48.89,-86.36,54.49,5.67,43.33,56.61,Decreasing,Normal,0,15.62,2.04,11.11,43.46,0.897,3.43,643,4350977
118,RPPINFRA,R.P.P INFRA PROJECTS,30.09,122.29,231.41,-86.66,51.72,4.9,51.07,51.78,Decreasing,Normal,0,25.17,1.25,12.67,16.62,4.474,3.26,747,5314561
119,MANINDS,MAN INDUSTRIES (I),30.02,382.8,307.23,-86.09,51.47,4.76,53.53,51.06,Increasing,Normal,0,27.64,0.87,13.78,8.58,5.969,3.24,747,3042305
120,WALCHANNAG,WALCHANDNAGAR INDUSTRIES,29.97,194.96,219.34,-88.66,53.95,4.61,49.15,54.84,Decreasing,Normal,0,18.74,1.49,10,23.23,4.066,3.4,737,956417
121,DSSL,DYNACONS SYS & SOLN,29.93,950,233.57,-85.31,55.24,4.34,44.33,57.17,Decreasing,Normal,8.33,21.74,1.25,11.67,18.1,4.228,3.48,747,6576641
122,AMDIND,AMD INDUSTRIES,29.89,60.15,-16.46,-59.34,51.67,6.8,46.5,52.64,Decreasing,Normal,0,21.11,1.54,16.03,30.83,-0.319,3.25,747,3685889
123,LCCINFOTEC,LCC INFOTECH,29.74,4.35,58.18,-87.98,48.45,6.95,54.97,47.24,Increasing,Normal,0,16.13,2.07,9.76,50.35,1.201,3.05,720,1927425
124,MAANALU,MAAN ALUMINIUM,29.69,133.98,230.41,-85.74,54.36,4.61,39.12,56.93,Decreasing,Normal,8.33,24.26,1.38,19.93,19.03,4.238,3.42,747,3844353
125,HEADSUP,HEADS UP VENTURES,29.69,10.75,-27.85,-61.51,56.64,8.52,40.08,59.44,Decreasing,Normal,0,10.17,1.54,19.88,26.14,-0.492,3.57,747,4916481
126,POKARNA,POKARNA,29.67,737,58.49,-83.91,54.57,4.21,44.06,56.11,Decreasing,Normal,0,26.29,0.84,10,7.91,1.072,3.44,747,4518657
127,SALASAR,SALASAR TECHNO ENGG.,29.66,8.95,51.69,-83.65,55.06,4.24,49.78,56.09,Decreasing,Normal,8.33,19.27,0.99,12.93,11.66,0.939,3.47,747,5468673
128,DBREALTY,VALOR ESTATE,29.59,159,47.22,-80.66,57.75,3.92,46.64,59.64,Decreasing,Normal,0,16.4,0.9,13.29,9.92,0.818,3.64,747,4639745
129,SEPC,SEPC,29.51,11.8,57.54,-78.82,59.38,3.46,38.87,62.67,Decreasing,Normal,0,15.9,1.16,16.64,15.95,0.969,3.74,747,3918849
130,NRAIL,N R AGARWAL INDS,29.51,445,9.89,-64.19,45.82,7,60.9,41.97,Increasing,Normal,0,26.46,1.11,16.4,13.67,0.216,2.89,747,5200385
131,BALKRISHNA,BALKRISHNA PAPER MILLS L,29.48,23.75,-2.06,-58.62,55.88,5.36,36.97,58.91,Decreasing,Normal,0,17.9,1.56,15.74,27.48,-0.037,3.52,747,2606337
132,RICOAUTO,RICO AUTO INDUSTRIES,29.48,89.75,47.13,-65.61,53.08,4.14,48.75,53.86,Decreasing,Normal,8.33,26.98,0.65,13.89,4.56,0.888,3.34,747,744705
133,MBLINFRA,MBL INFRASTRUCTURE,29.45,43.5,117.5,-83.14,54.51,4.77,41.16,56.57,Decreasing,Normal,8.33,19.15,1.53,10.85,27.75,2.156,3.43,747,4615425
134,GLFL,GUJARAT LEASE FINANCING L,29.39,6.07,124.81,-81.62,49.89,8.09,49.03,50,Decreasing,Normal,0,14.68,1.87,10.17,36.26,2.502,3.14,718,295937
135,MOHITIND-BE,MOHIT INDUSTRIES,29.39,33,73.23,-78.96,51.74,6.35,43.7,53.24,Decreasing,Normal,0,17.7,1.8,10.67,38.74,1.415,3.26,747,7533313
136,TIPSFILMS,TIPS FILMS,29.34,423.8,9.84,-68.4,60.26,3.91,36.45,63.98,Decreasing,Normal,8.33,10.68,1.47,16.29,24.8,0.163,3.8,747,2911745
137,TIJARIA,TIJARIA POLYPIPES,29.31,6.3,29.9,-86.87,50.43,6.71,48.52,50.83,Decreasing,Normal,0,13.82,2.04,16.13,42.76,0.593,3.18,747,6523393
138,PRITI,PRITI INTERNATIONAL,29.26,70.09,-59.72,-78.87,52.17,4.75,49.81,52.61,Decreasing,Normal,0,19.42,1.29,11.83,20.91,-1.145,3.29,747,2125825
139,SALZERELEC,SALZER ELECTRONICS,29.26,903,261.2,-86.46,53.36,4.34,50.48,53.86,Decreasing,Normal,0,21.44,0.83,15.86,6.84,4.895,3.36,747,2918145
140,XELPMOC,XELPMOC DESIGN & TECH,29.23,112.1,-37.89,-61.22,51.68,6.63,50.35,51.91,Decreasing,Normal,0,14.8,1.49,9.22,28.28,-0.733,3.26,747,2170113
141,AGSTRA-BZ,AGS TRANSACT TECH,29.18,4.84,-93.91,-97.02,49.39,3.1,48.43,49.51,Decreasing,Normal,0,28.66,1.32,7.92,22.52,-1.901,3.11,747,194355713
142,AVG,AVG LOGISTICS,29.16,234.67,76.51,-85.05,53.16,5.43,47.96,54.27,Decreasing,Normal,9.09,12.66,1.68,15.57,29.28,1.439,3.35,684,3990785
143,BTML,BODHI TREE MULTIMEDIA,29.15,8.9,41.72,-76.11,54.64,4.78,48.5,55.72,Decreasing,Normal,0,9.74,1.71,19.9,33.65,0.764,3.44,738,3622401
144,RAMAPHO,RAMA PHOSPHATES,29.15,160.05,8.14,-60.29,49.2,5.76,56.26,47.46,Increasing,Normal,8.33,21.5,1.09,11.56,16.35,0.165,3.1,747,2705409
145,COOLCAPS-SM,COOL CAPS INDUSTRIES,29.15,85,474.32,-85.78,48.05,5.83,49.6,47.72,Increasing,Normal,18.18,24.6,1.48,16.12,27.17,9.872,3.03,704,2191361
146,OSWALAGRO,OSWAL AGRO MILLS,29.13,72.04,62.07,-78.79,54.74,3.9,55.41,54.59,Increasing,Normal,8.33,10.56,1.25,13.76,20.91,1.134,3.45,747,643585
147,BEWLTD-SM,BEW ENGINEERING,29.1,132,-40,-73.4,51.32,3.91,46.86,52.2,Decreasing,Normal,0,19.48,1.71,16.03,35.71,-0.779,3.23,729,1449473
148,HPL,HPL ELECTRIC & POWER,29.1,445.8,500,-89.77,57.46,3.63,46.9,59.2,Decreasing,Normal,0,13.01,1.01,17.96,12.87,8.702,3.62,747,4781825
149,CAMLINFINE,CAMLIN FINE SCIENCES,29.09,202,80.41,-76.56,48.9,5.09,57.31,45.33,Increasing,Normal,8.33,26.68,0.72,13.58,6.84,1.644,3.08,747,1591297
150,INDRAMEDCO,INDRAPRASTHA MEDICAL CORP,29.01,565.1,818.86,-90.16,47.14,4.83,47.41,47.05,Increasing,Normal,8.33,33.6,1.02,19.99,12.33,17.372,2.97,747,1216257
151,MALUPAPER,MALU PAPER MILLS,29,38.48,10.26,-63.52,54.65,4.19,55.8,54.45,Increasing,Normal,0,10.86,1.07,12.73,13.4,0.188,3.44,747,3418113
152,VERANDA,VERANDA LEARNING SOL,28.98,224.4,-33.01,-62.53,56.51,4.21,51.17,57.55,Decreasing,Normal,0,11.63,0.87,7.15,9.65,-0.584,3.56,747,2275841
153,RAMANEWS,SHREE RAMA NEWSPRINT,28.95,31.48,97.99,-76.89,54.17,6.19,42.63,56.18,Decreasing,Normal,8.33,15.75,1.26,11.66,19.71,1.809,3.41,747,3472641
154,GINNIFILA-BE,GINNIFILAMENTS,28.91,44.28,26.15,-72.23,52.11,4.6,60.79,49.94,Increasing,Normal,8.33,9.26,1.37,15.17,24.53,0.502,3.28,747,2379265
155,KELLTONTEC,KELLTON TECH SOL,28.83,23.98,85.75,-77.27,51.82,3.68,53.19,51.58,Increasing,Normal,0,21.07,0.86,9.61,6.7,1.655,3.26,747,3438081
156,MAHASTEEL,MAHAMAYA STEEL INDS,28.82,522.75,646.79,-90.81,45.37,3.81,38.91,46.52,Decreasing,Normal,16.67,42.02,1.22,9.22,17.43,14.254,2.86,747,4486913
157,LOYALTEX-BE,LOYAL TEXTILE MILLS,28.74,272.1,-66.98,-77.08,49.55,5.44,47.69,49.91,Decreasing,Normal,8.33,19.46,1.57,9.98,27.48,-1.352,3.12,747,2714881
158,SETCO,SETCO AUTOMOTIVE,28.73,17.88,50.89,-78.32,47.82,5.4,43.87,48.61,Decreasing,Normal,0,24.58,1.72,9.98,31.77,1.064,3.01,747,4483585
159,AXISCADES-BE,AXISCADES TECH,28.72,1666,846.86,-91,54.94,4.78,49.76,55.84,Decreasing,Normal,0,10.27,1.21,7.89,17.83,15.414,3.46,747,2416641
160,GMDCLTD,GUJARAT MINERAL DEV CORP,28.72,602.5,326.7,-81.15,52,5.75,55.33,51.21,Increasing,Normal,0,17.3,0.63,8.97,4.29,6.283,3.28,747,1332225
161,SIMPLEXINF,SIMPLEX INFRASTRUCTURES L,28.71,290.6,354.06,-91.53,54.03,3.96,38.42,56.55,Decreasing,Normal,0,17.84,1.6,7.35,25.34,6.553,3.4,747,809473
162,NEXTMEDIA,NEXT MEDIAWORKS,28.69,6.88,25.09,-70.29,53.67,5.39,28.87,57.38,Decreasing,Normal,16.67,15.73,2.34,19.84,52.28,0.468,3.38,747,2525953
163,EMAMIREAL,EMAMI REALTY,28.67,102.9,23.98,-65.93,54.32,4.22,37.74,57.21,Decreasing,Normal,9.09,18.76,1.41,9.92,22.3,0.441,3.42,714,4934913
164,SERVOTECH,SERVOTECH REN POW SYS,28.63,128.29,663.63,-93.89,52.51,3.41,50.1,52.98,Decreasing,Normal,0,10.82,1.85,19.84,35.66,12.638,3.31,747,1409793
165,SWASTIK-SM,SWASTIK PIPE,28.6,29.95,-54.62,-77.06,51.93,3.49,44.51,53.26,Decreasing,Normal,0,18.99,1.53,10.3,30.38,-1.052,3.27,735,2941953
166,SHREERAMA-BE,SHREE RAMA MULTI TECH,28.59,58.17,380.74,-89.39,51.98,5.77,51.02,52.17,Decreasing,Normal,8.33,9.47,1.62,19.84,28.42,7.325,3.27,747,1954305
167,OPTIEMUS,OPTIEMUS INFRACOM,28.56,682.8,182.27,-81.65,57.03,4.51,47.34,58.73,Decreasing,Normal,0,10.34,0.83,10,7.77,3.196,3.59,747,5496065
168,DGCONTENT-BE,DIGICONTENT,28.53,36.4,131.85,-82.92,51.15,5.15,51.08,51.12,Decreasing,Normal,0,8.04,2.02,15.38,41.46,2.578,3.22,727,2651649
169,INSPIRISYS,INSPIRISYS SOLUTIONS,28.52,94.39,94.02,-80.27,52.18,4.42,52,52.23,Decreasing,Normal,0,5.15,2.12,14.02,42.11,1.802,3.29,654,3514881
170,UNITECH,UNITECH,28.5,7.4,279.49,-94.44,51.19,4.66,45.76,52.24,Decreasing,Normal,0,12.06,2.04,5.26,45.17,5.46,3.22,747,920065
171,SUMIT,SUMIT WOODS,28.47,93.6,631.25,-92.39,46.96,5.38,50.16,46.22,Increasing,Normal,0,18.96,1.88,10,39.41,13.444,2.96,747,2851841
172,MANAKSTEEL-BE,MANAKSIA STEELS,28.46,59.9,56.4,-70.28,55.11,3.49,56.33,54.43,Increasing,Normal,16.67,4.8,1.31,9.99,17.83,1.023,3.47,747,1915393
173,UNIVASTU,UNIVASTU INDIA,28.45,259,245.56,-81.02,51.4,4.38,49.05,51.83,Decreasing,Normal,8.33,15.66,1.42,19.66,27.21,4.777,3.24,747,4858113
174,DREAMFOLKS-BE,DREAMFOLKS SERVICES,28.45,126.35,-65.9,-88.28,41.07,4.62,52.96,37.97,Increasing,Normal,0,42.73,0.82,11.39,7.37,-1.605,2.59,747,2780673
175,HCC,HINDUSTAN CONSTRUCTION CO,28.4,28.69,100.63,-78.96,59.51,3.96,42.51,62.37,Decreasing,Normal,0,8.78,0.75,11.97,6.97,1.691,3.75,747,352001
176,KALYANIFRG,KALYANI FORGE,28.39,795.9,283.2,-77.75,46.14,4.8,45.05,46.37,Decreasing,Normal,8.33,23.96,1.96,15.82,39.41,6.138,2.91,747,3879937
177,SPECTRUM,SPECTRUM ELECTRIC IND,28.38,1340,1839.22,-97.26,52.76,4.9,33.05,56.28,Decreasing,Normal,0,13.01,2.37,19.77,44.66,34.86,3.32,628,7796481
178,SECURKLOUD,SECUREKLOUD TECH,28.37,22.49,-67.85,-77.79,52.22,6.55,42.57,53.97,Decreasing,Normal,0,10.98,1.73,16.15,37.4,-1.299,3.29,747,2830849
179,MITCON,MITCON CON & ENG SER,28.36,66.76,7.14,-71.71,55.35,4.46,37.65,58,Decreasing,Normal,8.33,10.26,1.81,11.45,38.47,0.129,3.49,747,2168065
180,SMSLIFE,SMS LIFESCIENCES (I),28.35,1110,69.16,-73.02,49.49,4.69,58.75,47.45,Increasing,Normal,8.33,12.83,1.36,13.83,19.17,1.397,3.12,747,5517057
181,LOKESHMACH,LOKESH MACHINES,28.28,191,75.71,-80.8,52.15,4.68,54.5,51.69,Increasing,Normal,0,10.69,1.2,10,18.1,1.452,3.29,747,3439617
182,SAMMAANCAP,SAMMAAN CAPITAL,28.28,162.9,37.88,-60.89,46.75,4.1,49.33,46.19,Increasing,Normal,0,33.86,0.58,11.38,3.35,0.81,2.95,747,7712001
183,SIGIND,SIGNET INDUSTRIES,28.26,54,34.66,-66.87,52.68,5.42,47.47,53.7,Decreasing,Normal,0,11.87,1.31,8.73,21.85,0.658,3.32,747,1157633
184,REPRO,REPRO INDIA,28.24,490,6,-65.65,47.61,4.65,55.26,45.94,Increasing,Normal,16.67,23.38,0.91,9.75,8.98,0.126,3,747,3360257
185,NEULANDLAB,NEULAND LAB,28.24,16310,1017.12,-92.72,54.07,3.73,49.76,54.76,Decreasing,Normal,0,15.87,0.71,9.07,4.96,18.811,3.41,747,615937
186,RUSHIL,RUSHIL DECOR,28.22,28.67,-39.26,-58.8,48.5,6.16,49.04,48.33,Increasing,Normal,0,24.54,0.75,10.66,5.23,-0.809,3.06,747,6296321
187,RTNPOWER,RATTANINDIA POWER,28.22,11.47,144.04,-86.73,52.22,3.11,53.86,51.89,Increasing,Normal,8.33,14.53,1.06,14.47,14.75,2.758,3.29,747,4485121
188,RADHIKAJWE,RADHIKA JEWELTECH,28.21,89.5,172.45,-84.37,58.22,3.11,41.89,60.95,Decreasing,Normal,0,8.84,1.1,13.25,16.22,2.962,3.67,747,2647809
189,BLBLIMITED,BLB,28.19,15.95,-20.25,-75.07,55.14,5.13,35.32,58.28,Decreasing,Normal,8.33,10.24,1.79,14.17,34.32,-0.367,3.47,747,2081793
190,ANANTRAJ,ANANT RAJ,28.16,693.3,586.44,-90.72,48.32,4.09,43.05,49.21,Decreasing,Normal,8.33,32.41,0.73,17.6,6.57,12.137,3.04,747,3486721
191,GEEKAYWIRE,GEEKAY WIRES,28.13,68.1,423.85,-92.59,56.11,3.63,30.69,59.88,Decreasing,Normal,8.33,16.13,1.53,14.07,24.93,7.554,3.53,747,4588033
192,CTE,CAMBRIDGE TECH ENTER,28.13,42.88,-37.36,-76.89,53.74,5.1,38.34,56.35,Decreasing,Normal,0,13.3,1.54,17.27,28.95,-0.695,3.39,747,3639809
193,TRF,TRF,28.11,348,62.81,-77.18,49.31,5.67,47.99,49.52,Decreasing,Normal,8.33,20.55,1.04,19.99,9.25,1.274,3.11,747,4604673
194,KRITIKA,KRITIKA WIRES,28.04,8.47,2.67,-91.02,48.64,5.46,48.82,48.63,Increasing,Normal,8.33,13.68,1.81,20,31.64,0.055,3.06,747,2377729
195,TARIL,TRANS & RECTI.,28.02,490.75,1637.17,-96.26,56.97,2.71,37.45,59.96,Decreasing,Normal,0,13.83,1.16,15.88,15.01,28.735,3.59,747,3884545
196,WELINV-BE,WELSPUN INV & COMM,28.02,1087.6,263.44,-81.82,55.07,2.01,46.37,56.62,Decreasing,Normal,0,8.37,1.6,10.5,31.45,4.783,3.47,745,5069825
197,VAKRANGEE,VAKRANGEE,28.02,8.19,-78.33,-79.08,54.19,3.71,34.72,57.29,Decreasing,Normal,0,23.08,0.89,12.71,10.86,-1.445,3.41,747,3415553
198,BPL,BPL,28.01,77.49,6.81,-68.41,52.77,4.42,46.03,54,Decreasing,Normal,0,16.71,0.91,10.08,8.71,0.129,3.32,747,135681
199,KERNEX,KERNEX MICROSYS(I),28,1136.5,265.43,-86.42,50.08,4.45,50.48,49.88,Increasing,Normal,0,11.18,1.76,10,36.6,5.301,3.15,747,3358977
200,WINDMACHIN,WINDSOR MACHINES,27.98,295,696.22,-92.11,58.33,3.24,40.2,61.32,Decreasing,Normal,8.33,6.89,1.21,18.71,15.55,11.935,3.67,747,6392065
201,UMESLTD,USHA MARTIN EDU & SOL,27.97,5.9,31.11,-70.27,51.08,5.11,35.12,53.63,Decreasing,Normal,8.33,9.92,2.62,11.63,57.1,0.609,3.22,747,4900353
202,LUMAXTECH,LUMAX AUTO TECH,27.97,1180,314.4,-84.9,44.54,5.61,57.71,41.2,Increasing,Normal,0,27.42,0.73,15.69,5.5,7.058,2.81,747,3587585
203,AGRITECH,AGRI-TECH (INDIA),27.97,132,37.72,-72.18,56.86,3.02,39.77,59.71,Decreasing,Normal,8.33,8.81,1.42,13.1,25.2,0.663,3.58,747,2834433
204,IIFLCAPS,IIFL CAPITAL SERVICES,27.94,302,337.36,-89.26,54.15,3.47,49.39,55.05,Decreasing,Normal,0,11.99,0.93,17.13,9.12,6.23,3.41,747,3346433
205,TREJHARA,TREJHARA SOLUTIONS,27.9,175.21,129.78,-84.54,48.03,5.87,42.67,47.35,Decreasing,Normal,16.67,21.56,1.52,10.01,23.36,2.702,3.03,746,1924609
206,UMAEXPORTS-BE,UMA EXPORTS,27.82,49.1,4.47,-76.71,54.54,3.18,42.72,55.98,Decreasing,Normal,8.33,11.94,1.32,19.96,20.24,0.082,3.44,747,2264321
207,SOUTHWEST,SOUTH WEST PINNACLE,27.8,127.65,-15.24,-51.14,51.66,4.14,45.27,52.83,Decreasing,Normal,0,13.89,1.4,14.23,26.14,-0.295,3.25,747,2477569
208,LIBAS,LIBAS CONSU PRODUCTS,27.77,12.23,-50.08,-63.99,48.71,5.89,46.03,49.2,Decreasing,Normal,0,16.58,1.45,20,26.41,-1.028,3.07,747,2836993
209,ANIKINDS,ANIK INDUSTRIES,27.77,68.6,71.71,-80,47.32,6.57,38.26,48.84,Decreasing,Normal,0,21.85,1.68,9.53,34.32,1.515,2.98,747,4264193
210,MTEDUCARE-BE,MT EDUCARE,27.75,2.21,-75.03,-80,46.02,5.95,51.8,44.57,Increasing,Normal,0,14.3,1.88,5.37,42.47,-1.63,2.9,658,8041729
211,JAIPURKURT,NANDANI CREATION,27.68,38.43,-43.82,-69.97,53.71,4.67,38.33,56.31,Decreasing,Normal,16.67,8.66,1.79,13.54,37.94,-0.816,3.38,747,1412097
212,INDOWIND,INDOWIND ENERGY,27.64,16.07,30.12,-74.83,51.8,3.87,46.86,52.75,Decreasing,Normal,0,9.63,1.63,14.26,27.28,0.582,3.26,745,3827713
213,STEL,STEL HOLDINGS,27.62,390,183.33,-80.74,44.72,6.43,34.1,46.58,Decreasing,Normal,8.33,34.14,1.26,9.94,22.25,4.099,2.82,747,5499905
214,IL&FSENGG-BZ,IL&FS ENG AND CONS CO,27.55,28.5,71.69,-80.45,44.29,6.24,42.68,44.58,Decreasing,Normal,0,22.78,1.87,5.01,34.77,1.619,2.79,746,2401281
215,MACPOWER,MACPOWER CNC MACHINES,27.54,841,129.84,-88.06,52.37,4.41,37.62,54.87,Decreasing,Normal,8.33,14.71,1.49,18.24,20.91,2.479,3.3,747,5720833
216,SANGAMIND,SANGAM (INDIA),27.53,427.5,56.71,-69.1,51.75,4.39,49.51,52.22,Decreasing,Normal,0,14.29,0.82,16.09,5.23,1.096,3.26,747,1071105
217,JAGSNPHARM,JAGSONPAL PHARMACEUTICALS,27.48,220.8,47.59,-66.64,49.41,4.19,46.98,49.82,Decreasing,Normal,8.33,21.46,0.83,8.26,6.17,0.963,3.11,747,1128961
218,BANG,BANG OVERSEAS,27.48,58.61,12.71,-65.42,52.5,4.81,38.79,54.85,Decreasing,Normal,16.67,12.63,1.48,11.5,27.35,0.242,3.31,747,3917569
219,WOCKPHARMA,WOCKHARDT,27.43,1419.9,467.85,-92.23,50.5,4.21,52.6,49.71,Increasing,Normal,0,15.71,0.74,10,7.51,9.265,3.18,747,1921537
220,NECCLTD,NORTH EAST CARRY CORP,27.34,20.3,-10.57,-70.41,57.66,4.17,32.14,61.51,Decreasing,Normal,8.33,7.76,1.3,7.84,22.25,-0.183,3.63,747,3461633
221,A2ZINFRA-BE,A2Z INFRA ENGINEERING,27.27,18.45,58.37,-80.97,50.22,2.83,45.29,51.11,Decreasing,Normal,0,12.99,1.69,9.94,32.57,1.162,3.16,747,5352961
222,IRCON,IRCON INTERNATIONAL,27.24,176.2,323.56,-88.52,55.23,2.88,42.12,57.51,Decreasing,Normal,0,12.77,0.76,12.1,6.3,5.858,3.48,747,1276417
223,DISHTV,DISH TV INDIA,27.21,4.93,-72.61,-84.41,50.65,3.55,38.74,52.71,Decreasing,Normal,0,24.62,0.73,13.04,7.51,-1.434,3.19,747,3721473
224,INDTERRAIN,IND TERRAIN FASHIONS,27.13,35.34,-55.27,-66.44,49.06,5.83,46.27,49.46,Decreasing,Normal,0,16.98,0.9,9.5,7.64,-1.126,3.09,747,5620993
225,NIDAN-SM,NIDAN LABS AND HEALTH,27.12,18.1,-68.25,-74.07,51.21,3.13,50.93,51.27,Decreasing,Normal,8.33,7.31,1.48,18.85,26.99,-1.333,3.23,731,1687553
226,INDORAMA,INDO RAMA SYNTHETICS,27.1,59.41,2.87,-53.56,46.88,4.46,49.69,46.2,Increasing,Normal,0,21.51,0.92,19.98,6.57,0.061,2.95,747,2814209
227,BHAGYANGR-BE,BHAGYANAGAR INDIA,27.09,99.95,114.72,-67.92,51.79,4.19,43.88,53.25,Decreasing,Normal,0,11.84,1.2,17.03,13.54,2.215,3.26,747,5324545
228,ZENTEC,ZEN TECHNOLOGIES,27.09,1419.9,570.4,-93.33,50.96,3.61,41.65,52.6,Decreasing,Normal,8.33,17.79,1.05,12.83,13.81,11.194,3.21,747,1922049
229,PRECWIRE,PRECISION WIRES INDIA,27.04,215.7,254.48,-74.55,49.66,3.77,37,51.82,Decreasing,Normal,0,26.25,0.77,8.34,6.17,5.124,3.13,747,695553
230,KHADIM,KHADIM INDIA,27.03,247.25,-20.02,-59.73,46.17,5.14,45.08,46.42,Decreasing,Normal,0,25.56,0.83,19.75,7.37,-0.434,2.91,747,108801
231,WEIZMANIND,WEIZMANN,26.99,110.02,28.53,-53.7,57.8,3.39,34.06,61.42,Decreasing,Normal,8.33,4.42,1.35,9.97,25.74,0.494,3.64,747,959489
232,IMPEXFERRO-BZ,IMPEX FERRO TECH,26.96,1.81,-67.68,-72.34,45.96,6.02,42.1,46.76,Decreasing,Normal,0,12.64,2.19,5.33,48.1,-1.473,2.9,712,6625537
233,ANNAPURNA-SM,ANNAPURNA SWADISHT,26.95,254.1,107.01,-75.33,51.6,4.13,40.51,53.52,Decreasing,Normal,0,14.8,1.1,10.23,15.55,2.074,3.25,747,2866689
234,VAISHALI,VAISHALI PHARMA,26.93,11.1,13.03,-61.86,52.03,4.52,41.25,53.96,Decreasing,Normal,0,13.74,0.98,12.76,13.94,0.251,3.28,747,4246785
235,OSWALGREEN,OSWAL GREENTECH,26.92,40.35,46.73,-75.62,52.71,3.65,48.07,53.62,Decreasing,Normal,16.67,9.29,0.92,11.51,7.77,0.887,3.32,747,120577
236,ONEPOINT,ONE POINT ONE SOL,26.91,49.8,260.87,-83.1,47.98,4.44,43.83,48.69,Decreasing,Normal,8.33,18.51,1.25,8.14,17.83,5.438,3.02,747,2544385
237,GOLDIAM,GOLDIAM INTERNATIONAL,26.91,373.6,186.28,-78.87,55.19,3.73,41.83,56.13,Decreasing,Normal,8.33,10.55,0.72,17.04,5.09,3.375,3.48,747,3064577
238,MAZDA,MAZDA,26.87,292.55,137.85,-72.18,48.62,4.12,51.65,48.02,Increasing,Normal,8.33,13.68,1.06,12.66,11.93,2.835,3.06,747,4829697
239,JINDWORLD,JINDAL WORLDWIDE,26.86,38,-30.59,-64.46,52.89,4.18,39.78,55.06,Decreasing,Normal,16.67,16.09,0.67,12.75,5.09,-0.578,3.33,747,5284353
240,HARIOMPIPE,HARIOM PIPE INDUSTRIES L,26.82,470.1,67.89,-71.16,46.54,4.16,49.41,45.97,Increasing,Normal,0,22.03,0.82,10.3,6.3,1.459,2.93,747,2295809
241,RTNINDIA,RATTANINDIA ENT,26.81,51.9,-2.99,-66.1,49.85,3.42,50.5,49.71,Increasing,Normal,0,16.24,0.68,10.96,5.76,-0.06,3.14,747,6988033
242,INDOAMIN,INDO AMINES,26.78,136.45,11.84,-72.22,56.6,2.82,37.52,59.7,Decreasing,Normal,0,8.3,0.93,15.23,8.58,0.209,3.57,747,2333697
243,TIIL,TECHNOCRAFT IND,26.77,2393.5,210.36,-82.18,50.4,4.13,40.85,52.07,Decreasing,Normal,0,19.36,0.78,17.69,5.5,4.174,3.18,747,3641089
244,NAHARPOLY,NAHAR POLY FILMS,26.76,313.5,-8.65,-57.1,47.99,4.77,54.09,46.63,Increasing,Normal,16.67,11.56,1.08,17.78,13.27,-0.18,3.02,747,3697921
245,SITINET-BZ,SITI NETWORKS,26.76,0.48,-73.33,-82.64,56.37,3.37,24.28,61.34,Decreasing,Normal,27.27,8.33,1.84,9.09,33.97,-1.301,3.55,678,7477761
246,INFIBEAM,INFIBEAM AVENUES,26.74,19.53,49.2,-69.77,48.13,3.66,39.72,49.65,Decreasing,Normal,8.33,26.38,0.73,15.26,6.57,1.022,3.03,747,4159745
247,HITECHGEAR-BE,THE HI-TECH GEARS,26.66,854.8,309,-84.77,49.96,3.85,34.41,52.46,Decreasing,Normal,8.33,21.49,1.1,6.92,16.35,6.185,3.15,747,2193409
248,GILLANDERS,GILLANDERS ARBUTHNOT,26.59,126.25,83.64,-64.21,47.77,4.58,47.83,47.79,Increasing,Normal,0,13.27,1.3,7.73,23.86,1.751,3.01,747,4566785
249,CUPID,CUPID,26.59,245.25,1996.15,-95.47,46.81,4.28,46.7,46.52,Increasing,Normal,8.33,19.22,1.07,6.34,14.88,42.643,2.95,747,4741121
250,BAJAJHIND,BAJAJ HINDUSTHAN SUGAR LT,26.59,22.26,104.22,-78.09,53.26,3.22,37.44,55.87,Decreasing,Normal,0,15.54,0.78,9.63,6.03,1.957,3.35,747,78849
251,URJA,URJA GLOBAL,26.56,12.95,11.64,-85.59,52.28,2.81,37.65,54.77,Decreasing,Normal,16.67,15.06,1.09,19.81,14.61,0.223,3.29,747,5171969
252,UNIVCABLES,UNIVERSAL CABLES,26.54,701.5,180.82,-75.48,50.15,3.54,44.79,51.15,Decreasing,Normal,0,16.42,0.79,7.01,6.57,3.605,3.16,747,923393
253,BHANDARI,BHANDARI HOSIERY EXP,26.52,4.62,-5.91,-71.93,50.89,3.78,41.29,52.63,Decreasing,Normal,0,12.28,1.23,9.12,19.3,-0.116,3.21,747,5006337
254,JHS,JHS SVEND. LAB.,26.51,11.24,-49.37,-74.63,49.88,5.37,41.03,51.48,Decreasing,Normal,0,9.28,1.51,6.6,28.42,-0.99,3.14,747,3512321
255,BSE,BSE,26.5,2379.9,1075.26,-95.53,50.49,3.16,44.75,51.58,Decreasing,Normal,8.33,16.91,0.7,15,6.3,21.297,3.18,747,5013761
256,GKWLIMITED,GKW,26.47,1758.5,190.09,-88.31,52.26,4.28,37.07,54.82,Decreasing,Normal,8.33,8.19,1.52,20,25.34,3.638,3.29,747,4443393
257,ARCHIDPLY,ARCHIDPLY IND.,26.47,104.01,30.01,-67.32,53.19,4.75,39.61,55.53,Decreasing,Normal,8.33,7.23,1.14,8.64,17.16,0.564,3.35,747,4299521
258,SEMAC-BE,SEMAC CONSTRUCTION,26.46,501.75,-44.25,-92.25,49.6,4.65,40.01,51.24,Decreasing,Normal,8.33,10.94,1.57,31.94,26.14,-0.892,3.12,747,3062785
259,AIROLAM,AIRO LAM,26.45,108,8,-67.23,49.85,4.64,47.02,50.39,Decreasing,Normal,8.33,6.52,1.45,10.91,26.68,0.16,3.14,747,1553409
260,NITIRAJ,NITIRAJ ENGINEERS,26.44,203,172.67,-84.29,48.27,4.69,36.91,50.11,Decreasing,Normal,8.33,12.88,1.89,11.11,37.53,3.577,3.04,747,831233
261,KECL,KIRLOSKAR ELECTRIC CO,26.4,116.8,157.84,-83.46,55.25,3.61,32.54,58.74,Decreasing,Normal,0,10.1,1.05,12.21,13.27,2.857,3.48,747,4664321
262,MOKSH,MOKSH ORNAMENTS,26.31,15.21,17.09,-70.99,53.38,3.37,28.64,57.06,Decreasing,Normal,16.67,13.36,1.41,13.37,24.66,0.32,3.36,747,918017
263,AARVEEDEN-BE,AARVEE DEN. & EXP.,26.3,151.5,453.93,-91.75,47.23,5.28,34.06,49.46,Decreasing,Normal,8.33,17.35,1.68,9.79,31.1,9.61,2.98,747,3526401
264,SOLARA,SOLARA ACTIVE PHA SCI,26.29,600.05,50.03,-70.15,46.8,3.87,47.83,46.55,Increasing,Normal,0,21.32,0.64,9.9,5.63,1.069,2.95,747,940033
265,SPIC,SPIC,26.29,92.95,66.88,-59.83,46.27,4.16,50.6,45.36,Increasing,Normal,8.33,20.52,0.6,5.52,3.22,1.445,2.91,747,832513
266,HLVLTD,HLV,26.22,11.46,14.6,-80.95,55.09,3.35,31.98,58.62,Decreasing,Normal,8.33,11.1,0.94,13.88,10.32,0.265,3.47,747,370689
267,JBMA,JBM AUTO,26.19,662.15,219.11,-83.53,50.13,3.33,42.29,51.48,Decreasing,Normal,0,17.23,0.7,16.99,6.7,4.371,3.16,747,2983681
268,EMBDL,EMBASSY DEVELOPMENTS,26.19,94.9,23.57,-72.07,53.71,3.51,37.4,56.44,Decreasing,Normal,0,12.69,0.65,8.36,4.02,0.439,3.38,747,3699201
269,SPORTKING,SPORTKING INDIA,26.18,100.1,18.81,-60.01,46.59,4.11,50.47,45.8,Increasing,Normal,0,16.68,0.86,14.66,5.63,0.404,2.93,747,2747649
270,TEMBO,TEMBO GLOBAL IND,26.09,572,452.92,-90.74,47.59,4.67,43.49,48.39,Decreasing,Normal,0,12.09,1.41,20,21.05,9.517,3,747,838401
271,BEDMUTHA,BEDMUTHA INDUST,26.07,135,93.13,-85.15,52.3,4.01,31.8,55.49,Decreasing,Normal,0,8.92,1.6,14.65,27.61,1.781,3.29,747,5170177
272,NURECA,NURECA,26.07,230.2,-74.73,-77.7,49.74,3.83,36.8,51.9,Decreasing,Normal,8.33,18.97,0.84,7.2,9.65,-1.503,3.13,747,601601
273,SEQUENT,SEQUENT SCIENTIFIC,26.05,215.68,99.15,-74.32,48.38,3.52,40.88,49.69,Decreasing,Normal,0,20.81,0.72,9.02,7.24,2.049,3.05,747,3659777
274,3IINFOLTD,3I INFOTECH,26.05,19.86,-51.94,-68.54,47.34,4.19,36.06,49.3,Decreasing,Normal,0,26.11,0.66,10.27,5.23,-1.097,2.98,747,1595393
275,ATULAUTO,ATUL AUTO,26.04,503,109.5,-73.13,50.25,4.05,41.94,51.78,Decreasing,Normal,0,14.23,0.77,9.92,6.17,2.179,3.17,747,7685889
276,ZODIAC-BE,ZODIAC ENERGY,26.03,381,148.45,-89.59,47.26,4,48.1,46.96,Increasing,Normal,8.33,5.97,1.86,19.99,33.11,3.141,2.98,747,1827329
277,IOLCP,IOL CHEM AND PHARMA,26.02,102.19,36.98,-56.93,43.26,4.54,50.44,41.54,Increasing,Normal,0,25.36,0.6,8.42,4.02,0.855,2.73,747,5225729
278,JISLDVREQS,JAIN DVR EQUITY SHARES,26.02,33,63.37,-66.81,50.05,4.71,41.21,51.67,Decreasing,Normal,0,8.99,1.27,9.75,21.98,1.266,3.15,747,6575105
279,STARTECK,STARTECK FINANCE,26.01,306.2,106.89,-75.42,54.34,4.38,23.43,58.65,Decreasing,Normal,8.33,6.02,1.95,15.62,37.4,1.967,3.42,739,2382081
280,DYNPRO,DYNEMIC PRODUCTS,26,322,-8.78,-52.58,46.27,5.04,45.39,46.39,Decreasing,Normal,0,17,0.98,9.19,12.87,-0.19,2.91,747,5456385
281,TPLPLASTEH,TPL PLASTECH,25.94,71.01,70.9,-81.03,53.26,3.12,33.08,56.46,Decreasing,Normal,0,9.42,1.3,18.8,21.58,1.331,3.36,747,2360065
282,LEMERITE-SM,LE MERITE EXPORTS,25.92,474.9,593.28,-92.12,44.24,3.25,25.66,47.16,Decreasing,Normal,8.33,30.64,1.74,15.3,32.06,13.412,2.79,734,2399233
283,HBLENGINE,HBL ENGINEERING,25.91,880.45,677.1,-90.58,50.22,3.53,43.27,51.43,Decreasing,Normal,0,13.71,0.74,13.34,6.17,13.484,3.16,747,3575297
284,ESTER,ESTER INDUSTRIES,25.91,115.3,-35.94,-56.06,49.9,3.88,47.89,50.31,Decreasing,Normal,8.33,11.02,0.69,10.44,4.29,-0.72,3.14,747,6211841
285,MANORAMA,MANORAMA INDUSTRIES,25.86,1525,461.07,-89.83,47.75,3.45,47.99,47.68,Increasing,Normal,0,11.08,1.22,14.72,17.56,9.655,3.01,747,2618113
286,NDL,NANDAN DENIM,25.82,3.23,12.15,-79.59,52.54,2.93,26.17,56.34,Decreasing,Normal,8.33,15.63,1.31,9.96,21.45,0.231,3.31,747,8002049
287,MOREPENLAB,MOREPEN LAB.,25.79,49.94,87.39,-76.21,48.75,2.95,42.19,49.93,Decreasing,Normal,0,18.77,0.66,14.31,3.89,1.793,3.07,747,578305
288,DENORA,DE NORA INDIA,25.77,803.7,-4.32,-74.92,53.25,3.32,37.23,55.92,Decreasing,Normal,0,10.01,0.79,12.97,4.96,-0.081,3.35,747,1095425
289,TDPOWERSYS,TD POWER SYSTEMS,25.76,600.1,379.89,-85.47,46.34,3.66,40.7,47.24,Decreasing,Normal,0,23.46,0.72,17.85,4.83,8.197,2.92,747,6445569
290,MARATHON,MARATHON NXTGEN REALT,25.76,572,168.54,-75.76,46.77,4.06,42.11,47.66,Decreasing,Normal,8.33,19.81,0.81,16.54,6.57,3.603,2.95,747,4776705
291,AARON,AARON INDUSTRIES,25.75,189.9,129.63,-71.12,44.55,4.21,52.28,42.87,Increasing,Normal,0,13.33,1.24,10.97,20.64,2.91,2.81,747,263681
292,DOLATALGO,DOLAT ALGOTECH,25.74,78.95,9.35,-78.95,52.25,3.16,35.58,55,Decreasing,Normal,16.67,13.01,0.85,7.21,6.84,0.179,3.29,747,3103745
293,HARDWYN,HARDWYN INDIA,25.72,13.3,-8.02,-73.66,51.75,5.03,31.31,54.88,Decreasing,Normal,16.67,9.93,1.26,9.96,19.44,-0.155,3.26,747,2294273
294,KAMATHOTEL,KAMAT HOTELS (I),25.72,307.8,236.03,-78.32,48.73,4.26,41.46,49.87,Decreasing,Normal,0,11.22,1.22,19.99,19.71,4.844,3.07,747,467457
295,MODISONLTD,MODISON,25.67,162,121.31,-78.48,50.75,3.53,41.59,52.41,Decreasing,Normal,0,7.15,1.23,16.62,19.03,2.39,3.2,747,848897
296,KIRLOSBROS,KIRLOSKAR BROTHERS,25.62,1942,448.9,-89.34,52.26,3.1,42.38,53.98,Decreasing,Normal,0,8.76,0.71,12.42,4.69,8.59,3.29,747,4756737
297,PDMJEPAPER,PUDUMJEE PAPER PRO.,25.61,120.64,196.78,-84.93,52.26,3.86,36.04,54.95,Decreasing,Normal,0,10.06,0.9,6.06,10.86,3.765,3.29,747,3936513
298,STERTOOLS,STERLING TOOLS,25.61,312.95,45.56,-73.26,49.76,3.19,39.74,51.54,Decreasing,Normal,0,15.51,0.77,9.99,6.17,0.915,3.13,747,1100545
299,RAMASTEEL,RAMA STEEL TUBES,25.6,10.03,44.32,-60.97,53.52,3.09,38.06,56.13,Decreasing,Normal,16.67,6.72,0.92,11.06,10.32,0.828,3.37,747,2636801
300,DAMODARIND,DAMODAR INDUSTRIES,25.56,33.9,-32,-59.18,45.89,4.91,39.11,47.16,Decreasing,Normal,8.33,13.52,1.58,6.27,34.18,-0.697,2.89,747,4490497
301,GABRIEL,GABRIEL INDIA,25.53,1270.2,713.45,-90.67,45.72,4.59,55.42,43.4,Increasing,High,8.33,11.18,0.77,20,5.23,15.605,2.88,747,277761
302,MADHAV,MADHAV MARBLE & GRANITE,25.52,42.94,-6.75,-60.65,46.96,4.67,40.01,48.26,Decreasing,Normal,8.33,12.04,1.43,9.63,23.46,-0.144,2.96,747,3878657
303,SHILPAMED,SHILPA MEDICARE,25.49,369,103.31,-77.74,47.25,4.35,41.08,48.33,Decreasing,Normal,0,18.74,0.66,11.85,5.9,2.186,2.98,747,4544513
304,SHARDACROP,SHARDA CROPCHEM,25.49,826,79.88,-73.07,46.11,3.43,55.45,43.64,Increasing,Normal,0,13.81,0.59,8.13,3.22,1.732,2.9,747,1277953
305,GOKEX,GOKALDAS EXPORTS,25.45,783.15,102.73,-73.98,44.8,3.92,46.77,44.4,Increasing,Normal,8.33,20.28,0.71,7.24,6.03,2.293,2.82,747,3015169
306,SPAL,S. P. APPARELS,25.42,705.7,67.09,-76.08,47.89,3.88,46.59,48.18,Decreasing,Normal,8.33,12.5,0.77,9.5,4.29,1.401,3.02,747,4672513
307,GALLANTT,GALLANTT ISPAT,25.4,655.15,979.32,-93.82,48.18,4.2,49.9,47.7,Increasing,Normal,0,4.97,1.17,17.05,19.03,20.326,3.04,747,3414273
308,TEXRAIL,TEXMACO RAIL & ENG.,25.38,138.34,175.58,-86.31,51.35,2.46,39.09,53.45,Decreasing,Normal,0,12.05,0.77,11.7,7.1,3.419,3.23,747,5587969
309,TI,TILAKNAGAR INDUSTRIES,25.34,454.15,332.52,-82.86,48.66,3.26,50.4,48.22,Increasing,Normal,0,8.17,0.82,10.72,7.51,6.833,3.07,747,4914177
310,ADANIENT,ADANI ENTERPRISES,25.32,2543.7,-21.35,-75.72,54.15,2.4,29.47,57.82,Decreasing,Normal,8.33,13.37,0.68,10,6.7,-0.394,3.41,747,6401
311,HITECHCORP,HITECH CORPORATION,25.31,195,-20.1,-56.92,47.06,4.54,40.04,48.36,Decreasing,Normal,0,14.23,1.07,19.72,12.06,-0.427,2.96,747,3881217
312,STEELXIND,STEEL EXCHANGE INDIA,25.3,10.67,-18.24,-61.63,48.75,4.26,39.16,50.46,Decreasing,Normal,8.33,12.52,0.96,15.14,11.39,-0.374,3.07,747,5462785
313,JSWHL,JSW HOLDINGS,25.29,17148,306.59,-86.73,43.85,3.81,36.52,45.07,Decreasing,Normal,8.33,27.22,0.87,5,9.65,6.991,2.76,747,3041281
314,RAJMET,RAJNANDINI METAL,25.28,4.42,-84.86,-87.56,50.27,3.03,33.65,52.91,Decreasing,Normal,8.33,10.06,1.45,18.65,24.53,-1.688,3.17,747,555009
315,BFUTILITIE,BF UTILITIES,25.24,806,93.52,-74.9,51.16,3.52,39.01,53.3,Decreasing,Normal,0,10.74,0.68,19.58,5.36,1.828,3.22,747,3729153
316,THEINVEST,THE INVEST TRUST OF IND L,25.23,145.6,55.22,-73.24,44.97,4.09,48.73,44.18,Increasing,Normal,8.33,10.12,1.38,10.07,24.13,1.228,2.83,747,5485313
317,PARAGMILK,PARAG MILK FOODS,25.23,278.9,146.81,-78.49,46.59,4.26,46.25,46.64,Decreasing,Normal,0,15.03,0.65,10.55,3.89,3.151,2.94,747,4385281
318,APTECHT,APTECH,25.14,119,-38.07,-74.69,47.05,3.22,45.79,47.3,Decreasing,Normal,8.33,15.79,0.62,6.46,3.75,-0.809,2.96,747,2753281
319,SCI,SHIPPING CORP OF INDIA LT,25.12,221.73,231.68,-82.47,51.85,2.89,38.36,54.14,Decreasing,Normal,0,8.8,0.78,30,7.77,4.468,3.27,747,780289
320,EMMBI,EMMBI INDUSTRIES,25.09,101.31,2.96,-58.87,46.49,3.81,47.68,46.26,Increasing,Normal,16.67,10.45,1.02,15.49,9.92,0.064,2.93,747,4644353
321,INDOBORAX-BE,INDO BORAX & CHEMICAL,25.09,237,81.4,-68.05,45.74,4.92,48.18,45.25,Increasing,Normal,0,10.93,0.92,8.52,10.19,1.78,2.88,747,2207489
322,VADILALIND,VADILAL INDUSTRIES,25.08,5321,108.26,-75.69,47.19,3.35,45.57,47.52,Decreasing,Normal,8.33,13.36,0.78,17.56,5.09,2.294,2.97,747,6194177
323,KOTHARIPET,KOTHARI PETROCHEM,25.08,142,95.05,-79.66,48.45,4.04,32.19,51.08,Decreasing,Normal,0,17.03,0.97,10.87,8.85,1.962,3.05,747,1176065
324,VENUSREM,VENUS REMEDIES,24.99,460,125.6,-74.32,48.01,4.12,41.58,49.19,Decreasing,Normal,0,9.57,1.07,17.82,9.74,2.616,3.02,740,3547905
325,OLECTRA,OLECTRA GREENTECH,24.99,1514,149.42,-83.16,49.08,3.12,40.88,50.46,Decreasing,Normal,8.33,13.54,0.64,13.77,4.42,3.045,3.09,747,2723073
326,ANTELOPUS,ANTELOPUS SELAN ENRGY,24.94,549.75,76.48,-79.92,51.2,3.11,38.49,53.38,Decreasing,Normal,8.33,8.57,0.79,11.75,6.17,1.494,3.23,747,3481089
327,DEEPINDS,DEEP INDUSTRIES,24.91,487.55,214.75,-81.05,46.68,4.02,37.12,48.32,Decreasing,Normal,0,18.49,0.76,18.65,5.63,4.6,2.94,747,842753
328,ASIANHOTNR,ASIAN HOTELS (NORTH),24.88,329.8,254.62,-84.12,46.39,5.35,37.43,47.97,Decreasing,Normal,8.33,7.3,1.68,15.32,30.83,5.488,2.92,747,4716033
329,CSLFINANCE,CSL FINANCE,24.84,285,9.57,-64.52,47.31,3.53,44.28,47.91,Decreasing,Normal,0,9.49,1.04,10.23,13.14,0.202,2.98,747,2649601
330,LINC,LINC,24.81,124,77.65,-72.93,46.01,4.26,48.04,45.63,Increasing,Normal,0,9.69,0.91,20.05,8.71,1.688,2.9,747,1779457
331,NEWGEN,NEWGEN SOFTWARE TECH,24.81,872.8,382.21,-91.66,48.95,2.73,48.43,49.02,Decreasing,Normal,0,5.89,0.85,17.74,9.38,7.808,3.08,747,297985
332,IPL,INDIA PESTICIDES,24.8,205.6,-30.77,-72.25,44.01,3.27,48.17,43.04,Increasing,Normal,8.33,18.34,0.67,9.99,3.62,-0.699,2.77,747,1263105
333,APOLSINHOT,APOLLO SINDOORI HOTEL,24.78,1330,-12.44,-61.54,48.49,3.12,37.79,50.38,Decreasing,Normal,8.33,10.6,1.15,13.71,18.9,-0.256,3.05,747,1613313
334,SURYALAXMI,SURYALAKSHMI COT MIL,24.73,63.1,-6.79,-60.06,48.66,3.71,33.46,51.16,Decreasing,Normal,8.33,10,1.35,9.78,24.66,-0.14,3.07,747,3034113
335,KCPSUGIND,KCP SUGAR IND CORP,24.71,32.22,44.81,-65.23,50.62,3.6,32.55,53.53,Decreasing,Normal,8.33,8.75,1.1,19.92,10.86,0.885,3.19,747,1231105
336,AMBICAAGAR,AMBICA AGAR & AROMAINDLTD,24.71,25.74,-12.75,-55.67,44.51,4.32,38.24,45.7,Decreasing,Normal,0,10.85,1.75,9.99,37.38,-0.286,2.8,742,2942977
337,HITECH,HI-TECH PIPES,24.7,118.5,91.13,-72.3,45.78,3.58,35.73,47.55,Decreasing,Normal,0,20.66,0.78,10.3,6.97,1.991,2.88,747,734209
338,KAMDHENU,KAMDHENU,24.7,28.6,105.76,-80.76,48.79,4.33,36.79,50.85,Decreasing,Normal,16.67,10.22,0.93,9.17,10.19,2.167,3.07,747,3444993
339,POWERINDIA,HITACHI ENERGY INDIA,24.69,17635,416.08,-86.97,45.49,3.81,42.44,45.99,Decreasing,Normal,16.67,17.83,0.61,14.19,5.09,9.146,2.87,747,4724993
340,CARTRADE,CARTRADE TECH,24.68,2445.1,306.74,-87.65,47.83,4.13,46.48,47.61,Decreasing,Normal,0,9.24,0.61,12.7,3.22,6.413,3.01,747,1384193
341,CARYSIL,CARYSIL,24.62,934,55.67,-62.55,44.21,3.65,47.18,43.54,Increasing,Normal,8.33,16.54,0.69,11.62,4.29,1.259,2.78,747,481025
342,PASUPTAC,PASUPATI ACRYLON,24.59,44.32,24.15,-68.51,49.9,3.92,35.91,52.27,Decreasing,Normal,16.67,6.95,1.07,12.84,12.73,0.484,3.14,747,1547521
343,OAL,ORIENTAL AROMATICS,24.59,334.3,-34.86,-60.17,49.56,3.78,37.87,51.6,Decreasing,Normal,0,9.14,0.81,12.18,6.17,-0.703,3.12,747,2756609
344,GVKPIL-BE,GVK POW. & INFRA,24.59,3.56,6.27,-88.24,46.48,2.86,26.97,49.48,Decreasing,Normal,8.33,16.65,1.71,8.16,27.75,0.135,2.93,747,3386625
345,MALLCOM,MALLCOM (INDIA),24.51,1445,106.43,-66,44.41,4.52,40.98,45.07,Decreasing,Normal,0,13.65,1.14,10.48,13.94,2.397,2.8,747,2039041
346,SWSOLAR,STRLNG & WIL REN ENE,24.51,249.2,-18.89,-73.62,44.52,2.95,41.7,45.03,Decreasing,Normal,0,17.94,0.89,13.93,10.59,-0.424,2.8,747,3197185
347,SUNDRMBRAK,SUNDARAM BRAK LININGS,24.5,777,122.1,-81.18,48.49,2.74,44.42,49.28,Decreasing,Normal,8.33,4.8,1.14,11.27,18.9,2.518,3.05,747,1069825
348,VISAKAIND,VISAKA INDUSTRIES,24.5,83.69,-26.23,-69.06,45.5,4.07,44.55,45.66,Decreasing,Normal,8.33,13.19,0.75,10,5.9,-0.576,2.87,747,1080577
349,GVT&D,GE VERNOVA T&D INDIA,24.49,3011.6,2235.48,-96.93,46.45,3.38,38.07,47.92,Decreasing,Normal,8.33,11.99,1.22,9.3,17.83,48.13,2.93,747,4296449
350,KAPSTON,KAPSTON SERVICES,24.47,252,260,-82.95,46.06,3.27,40.36,47.12,Decreasing,Normal,8.33,6.62,1.69,20,31.37,5.645,2.9,747,4855553
351,SHK,S H KELKAR AND CO.,24.4,226.5,56.31,-75.72,45.06,3.81,44.58,45.17,Decreasing,Normal,0,14.67,0.68,8.01,4.83,1.25,2.84,747,2870273
352,HUDCO,HSG & URBAN DEV CORPN,24.4,232.41,542.9,-90.16,52.16,2.6,31.97,55.33,Decreasing,Normal,8.33,10.12,0.62,9.57,3.89,10.408,3.29,747,5331201
353,FOSECOIND,FOSECO INDIA,24.38,5466,170.86,-73.53,41.64,4.16,51.24,39.42,Increasing,Normal,0,16.93,0.72,6.67,3.89,4.104,2.62,747,274689
354,WORTHPERI,WORTH PERIPHERALS,24.36,160.55,25.09,-55.79,47.25,3.71,41.69,48.3,Decreasing,Normal,8.33,7.09,1.13,12.91,18.77,0.531,2.98,747,5702913
355,SARDAEN,SARDA ENERGY & MIN,24.35,567.5,561.81,-87.51,45.36,3.66,44.54,44.96,Decreasing,Normal,0,14.12,0.69,20,4.42,12.386,2.86,747,4546049
356,APARINDS,APAR INDUSTRIES,24.33,8382,484.93,-88.58,47.86,2.66,44.94,48.37,Decreasing,Normal,8.33,9.91,0.64,13.97,4.96,10.132,3.01,747,2941697
357,JTEKTINDIA,JTEKT INDIA,24.33,155.11,52.23,-57.8,43.6,4.33,42.44,43.86,Decreasing,Normal,0,19.44,0.55,6.46,2.55,1.198,2.75,747,828673
358,ORCHPHARMA,ORCHID PHARMA,24.28,746.8,126.37,-84.07,46.49,3.29,38.66,47.92,Decreasing,Normal,8.33,11.69,1.07,19.06,13.27,2.718,2.93,747,237057
359,KSOLVES,KSOLVES INDIA,24.26,330.15,53.56,-75.74,45.98,3.26,43.71,46.4,Decreasing,Normal,16.67,9.57,1.04,12.86,10.46,1.165,2.9,747,2831361
360,KANANIIND,KANANI INDUSTRIES,24.25,1.99,-53.72,-78.81,51.48,3.83,26.28,55.16,Decreasing,Normal,16.67,3.64,1.54,9.86,30.29,-1.043,3.24,747,6601217
361,DMCC,DMCC SPECIALITY CHEMICALS,24.23,309.4,-20.2,-49.58,45.21,3.94,47.65,44.64,Increasing,Normal,0,8.11,0.96,8.79,10.6,-0.447,2.85,746,1785089
362,SRHHYPOLTD,SREE RAYALSEEMA HHP,24.22,578,-28.11,-60.19,47.72,2.58,42.47,48.72,Decreasing,Normal,8.33,9.9,0.78,12.79,4.29,-0.589,3.01,747,3732993
363,INDIANHUME,INDIAN HUME PIPE CO.,24.18,359,103.4,-81.16,49.42,3.08,33.71,52.01,Decreasing,Normal,0,11.78,0.72,17.75,3.75,2.092,3.11,747,391681
364,CHEMCON,CHEMCON SPECIAL CHEM,24.15,263.4,-43.04,-65.67,36.62,5.71,53.11,31.99,Increasing,Normal,0,24.79,0.61,13.83,2.82,-1.175,2.31,747,69121
365,PIONEEREMB,PIONEER EMBROIDERIES,24.11,36,-19.82,-62.91,43.63,5.64,33.71,45.38,Decreasing,Normal,0,14.49,1.3,9.48,23.06,-0.454,2.75,747,3446529
366,LUMAXIND,LUMAX INDUSTRIES,24.1,4933.5,195,-72.7,37.34,4.36,44.45,35.54,Increasing,Normal,8.33,30.08,0.66,17,3.49,5.222,2.35,747,516609
367,RITES,RITES,24.07,254.5,38.69,-63,46.66,2.63,39.87,47.89,Decreasing,Normal,8.33,14.69,0.62,8,4.16,0.829,2.94,747,962817
368,BIRLAMONEY,ADITYA BIRLA MONEY,24.06,175.36,199.25,-85.96,48.69,2.83,36.18,50.86,Decreasing,Normal,8.33,7.92,1.05,6.58,14.88,4.092,3.07,747,3901185
369,DLINKINDIA,D-LINK INDIA,24.02,474,156.35,-76.58,49.25,3.03,35.92,51.48,Decreasing,Normal,0,9.76,0.7,12.2,4.96,3.175,3.1,747,4569857
370,GUJRAFFIA,GUJARAT RAFFIA INDUST,24,38.62,20.69,-77.33,43.93,5.83,34.53,45.59,Decreasing,Normal,0,5.26,1.99,10,44.03,0.471,2.77,746,1164289
371,SCHNEIDER,SCHNEIDER ELECTRIC INFRA,24,827.55,337.39,-86.86,45.3,3.51,40.61,46.09,Decreasing,Normal,0,13.23,0.84,12.34,8.58,7.448,2.85,747,7995905
372,SHRIRAMPPS,SHRIRAM PROPERTIES,24,90.64,13.8,-64.09,45.97,3.29,42.78,46.56,Decreasing,Normal,0,11.97,0.69,7.33,4.16,0.3,2.9,747,1843201
373,WIPL,THE WESTERN INDIA PLY,23.95,160,71.86,-72.85,41.65,4.03,41.4,41.7,Decreasing,Normal,0,11.94,1.63,9.99,35.08,1.725,2.62,745,5243137
374,TTML,TATA TELESERV(MAHARASTRA),23.94,57.6,-44.35,-56.45,47.69,3.04,42.76,48.61,Decreasing,Normal,0,7.99,0.7,13.21,6.03,-0.93,3,747,2292225
375,USHAMART,USHA MARTIN,23.94,468.85,269.76,-75.36,42.64,3.89,35.47,43.92,Decreasing,Normal,0,24.39,0.59,7.39,2.95,6.327,2.69,747,2263041
376,SGIL,SYNERGY GREEN IND.,23.87,537.5,258.09,-83.28,44.04,4.23,37.98,45.18,Decreasing,Normal,0,10.65,1.36,10.49,22.65,5.86,2.77,747,1309185
377,AGI,AGI GREENPAC,23.84,877.45,168.74,-78.55,48.94,3.12,36.83,50.97,Decreasing,Normal,0,8.81,0.67,14.67,4.42,3.448,3.08,747,361473
378,UNIVPHOTO-BE,UNIVERSUS IMAGINGS,23.83,265.5,-56.45,-76.71,44.87,3.46,48.61,43.99,Increasing,Normal,0,5.97,1,19.99,13.4,-1.258,2.83,747,4521217
379,XPROINDIA,XPRO INDIA,23.81,1090.9,47.42,-68.98,44.68,3.99,37.71,45.96,Decreasing,Normal,0,15.85,0.71,9.98,3.08,1.061,2.81,747,2920193
380,ALANKIT,ALANKIT,23.8,12.66,8.67,-76.36,46.55,3.45,27.83,49.44,Decreasing,Normal,0,15.57,1.12,12.16,14.61,0.186,2.93,747,2539777
381,TFCILTD,TOURISM FINANCE CORP. OF,23.79,73.55,434.91,-82.61,51.33,2.03,34.25,53.95,Decreasing,Normal,8.33,5.77,0.77,11.22,7.24,8.473,3.23,747,887297
382,BBTCL,B&B TRIPLEWALL CONT,23.75,189,-31.27,-61.63,40.81,4.55,45.08,39.83,Increasing,Normal,0,10.77,1.47,11.7,27.41,-0.766,2.57,738,3111169
383,CREST,CREST VENTURES,23.74,361,120.39,-77.11,48.46,3.16,26.32,51.79,Decreasing,Normal,0,13.05,1.05,13.51,14.34,2.484,3.05,747,3558401
384,KINGFA-BE,KINGFA SCI & TEC IND,23.74,4670,324.16,-78.97,45.01,4.37,42.88,45.43,Decreasing,Normal,8.33,9.77,0.77,12.52,7.77,7.201,2.84,747,4850689
385,AYMSYNTEX,AYM SYNTEX,23.73,189.02,131.36,-82.21,46,3.62,38.27,47.32,Decreasing,Normal,0,7.05,1.26,6.65,21.45,2.856,2.9,747,2632961
386,RAJTV,RAJ TV NETWORK,23.66,40.67,-7.25,-73.63,46.34,3.7,35.66,47.65,Decreasing,Normal,8.33,4.56,1.58,10,31.5,-0.157,2.92,747,3687169
387,TANLA,TANLA PLATFORMS,23.61,710.9,-10.69,-68.94,44.06,3.71,43.23,44.06,Decreasing,Normal,0,13.8,0.59,8.43,4.96,-0.243,2.78,747,3577857
388,MMP,MMP INDUSTRIES,23.6,277.6,73.39,-79.82,45.51,4.47,38.82,46.79,Decreasing,Normal,0,5.91,1.21,19.99,16.99,1.613,2.87,731,4197121
389,SHYAMCENT,SHYAM CENTURY FERROUS,23.57,7,-70.65,-79.23,41.88,4.93,43.89,41.49,Increasing,Normal,8.33,9.93,1.2,16.07,20.11,-1.687,2.64,747,2608129
390,VIKASLIFE,VIKAS LIFECARE,23.56,2.17,-56.16,-73.13,47.73,2.23,36.12,49.74,Decreasing,Normal,8.33,8.48,0.99,17.91,10.72,-1.177,3.01,747,2542337
391,BASML,BANNARI AM SPIN MILL,23.55,26.65,-46.9,-62.87,44.72,3.77,37.37,45.96,Decreasing,Normal,0,11.19,1.05,9.3,13.14,-1.049,2.82,747,3080705
392,GENUSPAPER,GENUS P&B,23.54,17.23,10.8,-59.9,48.75,3.01,29.79,51.73,Decreasing,Normal,8.33,10.01,0.92,11.23,10.05,0.222,3.07,747,1689601
393,TVSHLTD,TVS HOLDINGS,23.52,13200,437.26,-86.8,49.8,3.1,34.32,51.9,Decreasing,Normal,8.33,6.68,0.68,53,4.03,8.781,3.14,745,7426049
394,GEECEE,GEECEE VENTURES,23.51,363.05,136.36,-74.65,43.29,4.32,34.4,44.85,Decreasing,Normal,0,16.82,0.91,18.55,7.37,3.15,2.73,747,3496449
395,RAJRATAN,RAJRATAN GLOBAL WIRE,23.5,320,-74.64,-79.53,39.73,3.66,48.86,37.62,Increasing,Normal,16.67,18.73,0.64,9.09,3.49,-1.879,2.5,747,4854273
396,CAPACITE,CAPACITE INFRAPROJECT,23.46,286,78.97,-76.58,44.75,3.5,32.22,46.81,Decreasing,Normal,0,18.89,0.64,13.87,3.22,1.765,2.82,747,5567745
397,ARMANFIN,ARMAN FIN SERV,23.43,1622.1,22.33,-58.58,42.35,3.38,43.76,42.05,Increasing,Normal,0,14.27,0.83,11.94,4.69,0.527,2.67,747,4419329
398,POWERMECH,POWER MECH PROJECTS,23.41,2690,158.65,-78.92,43.64,3.07,31.97,45.55,Decreasing,Normal,0,20.38,0.8,18.35,5.76,3.635,2.75,747,2681089
399,TOKYOPLAST,TOKYO PLAST INTL,23.35,121.11,22.77,-46.87,43.66,4.3,37.41,44.84,Decreasing,Normal,0,10.75,1.11,7.95,16.76,0.521,2.75,747,982273
400,MUKTAARTS,MUKTA ARTS,23.33,68.16,10.02,-63.18,46.42,3.44,35.66,48.31,Decreasing,Normal,8.33,4.59,1.35,9.01,24.53,0.216,2.92,747,2223873
401,SIYSIL,SIYARAM SILK MILLS,23.31,728.2,51.24,-66.02,42.71,3.25,38.81,43.4,Decreasing,Normal,8.33,17.69,0.69,15.9,4.56,1.2,2.69,747,3608577
402,SALONA,SALONA COTSPIN,23.3,248.35,-4.48,-40.62,43.36,5.15,41.67,43.68,Decreasing,Normal,0,5.25,1.26,9.79,20.51,-0.103,2.73,747,4441857
403,SBC,SBC EXPORTS,23.3,22.7,486.56,-85.36,46.88,2.81,34.2,49.01,Decreasing,Normal,16.67,8.84,1.02,12.7,11.93,10.379,2.95,747,1738753
404,TIRUMALCHM,THIRUMALAI CHEMICALS,23.29,278.05,27.66,-57.39,41.44,3.32,35.34,42.55,Decreasing,Normal,0,24.28,0.54,9.92,3.62,0.668,2.61,747,894977
405,ORIENTHOT,ORIENT HOTELS,23.28,128.78,65.63,-68.81,43.35,3.34,41.77,43.69,Decreasing,Normal,0,14.34,0.63,7.69,3.89,1.514,2.73,747,638209
406,VSSL,VARDHMAN SPC STEEL,23.25,292,133.13,-64.99,40.85,3.79,47.87,39.2,Increasing,Normal,8.33,14.36,0.71,6.45,4.16,3.259,2.57,747,6929153
407,ALPHAGEO,ALPHAGEO (INDIA),23.24,253.6,-11.76,-62.08,46.32,3.56,28.97,49.08,Decreasing,Normal,16.67,12.75,0.97,7.68,11.93,-0.254,2.92,747,3736833
408,SHARDAMOTR,SHARDA MOTOR INDS,23.23,1060,155.79,-81.36,44.22,3.55,42.75,44.51,Decreasing,Normal,8.33,9.12,0.82,13.96,8.18,3.523,2.79,747,2695681
409,PRAKASHSTL,PRAKASH STEELAGE,23.22,5.2,-4.59,-80.25,46.93,3.76,20.33,50.59,Decreasing,Normal,8.33,13,1.41,13.64,23.86,-0.098,2.96,747,5017345
410,STYLAMIND,STYLAM INDUSTRIES,23.22,2007.8,83.39,-65.45,39.49,3.59,37.83,39.77,Decreasing,Normal,0,24.83,0.67,7.45,4.02,2.111,2.49,747,1327617
411,CONFIPET,CONFIDENCE PETRO IND,23.17,42.88,-42.29,-65.22,43.75,3.7,36.42,45.01,Decreasing,Normal,0,15.45,0.68,9.47,5.23,-0.967,2.76,747,2620929
412,KIRLOSENG,KIRLOSKAR OIL ENG,23.16,892,248.57,-82.76,43.52,2.86,42.1,43.78,Decreasing,Normal,0,13.2,0.69,20,4.16,5.712,2.74,747,5359617
413,DHANBANK,DHANLAXMI BANK,23.13,25.98,163.49,-80.76,50.16,2.63,27.22,53.58,Decreasing,Normal,16.67,6.69,0.92,9.5,11.39,3.259,3.16,747,2907905
414,AURUM,AURUM PROPTECH,23.12,167.34,28.57,-62.29,44.53,4.67,38.97,45.55,Decreasing,Normal,0,6.82,0.98,9.09,13.27,0.642,2.8,747,2639361
415,BOROLTD,BOROSIL,23.12,343.75,58.26,-68.89,48.82,3.41,27.58,52.06,Decreasing,Normal,8.33,10.42,0.68,52.72,5.09,1.194,3.08,747,4966657
416,JINDRILL,JINDAL DRILLING IND.,23.1,588.75,118.87,-76.8,49.42,2.22,33.15,52.06,Decreasing,Normal,0,5.61,0.81,16.99,6.57,2.405,3.11,747,3552001
417,HESTERBIO,HESTER BIOSCIENCES,23.08,1735.1,-13.94,-63.22,40.51,3.12,37.97,41.03,Decreasing,Normal,16.67,23.07,0.58,8.14,2.82,-0.344,2.55,747,1804289
418,MOTILALOFS,MOTILAL OSWAL FIN,23.08,967.5,444.3,-87.05,45.3,2.95,41.57,45.91,Decreasing,Normal,0,9.18,0.65,13.9,5.09,9.809,2.85,747,3826433
419,MANALIPETC,MANALI PETROCHEMICALS LT,23.04,73,-23.96,-52.42,40.56,3.86,45.89,39.38,Increasing,Normal,0,15.46,0.64,12.3,4.02,-0.591,2.55,747,3531777
420,INDIAGLYCO,INDIA GLYCOLS,23,939.8,125.05,-76.03,41.55,3.49,44.26,40.91,Increasing,Normal,0,15.33,0.57,11.59,3.35,3.01,2.62,747,389377
421,SHALBY,SHALBY,22.99,251.4,90.82,-66.13,40.39,4.03,37.01,41.04,Decreasing,Normal,0,21.86,0.59,4.83,3.89,2.248,2.54,747,182785
422,STEELCAS,STEELCAST,22.93,220.01,158.23,-67.04,41.33,4.8,43.98,39.72,Increasing,Normal,0,10.83,0.88,19.44,6.97,3.829,2.6,747,1741569
423,HINDWAREAP,HINDWARE HME INOVATON,22.92,349.95,0.47,-72,44.43,3.62,39.1,45.31,Decreasing,Normal,0,10.13,0.72,8.84,4.56,0.011,2.8,747,4066049
424,AVANTIFEED,AVANTI FEEDS,22.92,645,32.04,-66.7,40.29,3.17,39.74,40.26,Decreasing,Normal,8.33,21.54,0.56,16.21,3.89,0.795,2.54,747,2031617
425,BORORENEW,BOROSIL RENEWABLES,22.92,642,10.14,-43.23,41.24,3.95,41.03,41.22,Decreasing,Normal,8.33,16.03,0.66,12.71,6.43,0.246,2.6,747,806145
426,KANORICHEM,KANORIA CHEMICALS & INDUS,22.91,82.03,-43.17,-58.75,46.44,3.73,30.7,49,Decreasing,Normal,8.33,10.24,0.81,12.38,6.43,-0.93,2.93,747,469761
427,WABAG,VA TECH WABAG,22.9,1424,421.52,-86.83,44.9,2.47,30.82,47.02,Decreasing,Normal,0,16.77,0.72,17.65,5.63,9.387,2.83,747,5168129
428,NBIFIN,N.B.I. IND. FIN. CO.,22.89,2595,42.16,-65.86,38.94,4.14,41.84,38.34,Increasing,Normal,8.33,11.39,1.55,8.98,29.44,1.083,2.45,745,4892417
429,IOB,INDIAN OVERSEAS BANK,22.88,40.25,130.66,-79.64,50.19,2.43,29.25,53.43,Decreasing,Normal,16.67,6.4,0.66,7.68,6.43,2.603,3.16,747,2393089
430,YUKEN,YUKEN INDIA,22.86,929.25,75.12,-71.3,45.21,3.39,36.71,46.6,Decreasing,Normal,8.33,7.72,0.94,7.96,9.52,1.661,2.85,747,1408257
431,CONSOFINVT,CONSO. FIN. & HOLD.,22.86,189,37.76,-73.04,44.11,3.82,31.5,46.21,Decreasing,Normal,0,9.75,1.29,19.92,21.98,0.856,2.78,747,3003137
432,HISARMETAL,HISAR METAL IND.,22.85,184.5,38.98,-53.75,48.26,2.97,29.65,51.2,Decreasing,Normal,8.33,3.9,1.2,18.55,14.34,0.808,3.04,747,4946433
433,NIPPOBATRY,INDO-NATIONAL,22.83,444.75,14.57,-66.82,45.07,3.65,31.12,47.36,Decreasing,Normal,8.33,10.9,0.99,7.03,11.39,0.323,2.84,747,1736193
434,ASTEC,ASTEC LIFESCIENCES,22.82,769.8,-58.3,-72.27,42.46,3.36,43.23,42.31,Increasing,Normal,8.33,12.35,0.63,8.06,4.56,-1.373,2.68,747,4538369
435,BDL,BHARAT DYNAMICS,22.82,1528.3,236.63,-81.23,44.16,3,40.07,44.92,Decreasing,Normal,0,11.73,0.58,14.58,4.02,5.359,2.78,747,548865
436,TAJGVK,TAJ GVK HOTELS & RESORTS,22.81,414.8,102.44,-68.01,46.18,3.02,39.8,47.28,Decreasing,Normal,16.67,6.9,0.61,10.34,3.62,2.218,2.91,747,2394625
437,SPLIL,SPL INDUSTRIES,22.78,38.98,-35.68,-64.73,44.97,4.87,31.03,47.28,Decreasing,Normal,8.33,6.76,1.2,7.95,19.17,-0.793,2.83,747,3055361
438,ASIANTILES,ASIAN GRANITO IND.,22.77,58.28,4.07,-65.33,44.16,3.28,36.18,45.58,Decreasing,Normal,0,12.93,0.65,7.36,4.42,0.092,2.78,747,3811585
439,ARIHANTSUP,ARIHANT SUPERSTRUCT,22.76,420.3,82.03,-71.36,45.63,4.16,29.3,48.24,Decreasing,Normal,8.33,11.48,0.81,5.92,6.03,1.798,2.87,747,5160705
440,SURYAROSNI,SURYA ROSHNI,22.76,286.95,145.36,-76.21,47.25,3.17,38.46,48.81,Decreasing,Normal,0,5.39,0.55,10.92,3.62,3.076,2.98,747,864001
441,BALPHARMA,BAL PHARMA,22.73,82.81,-11.9,-59.9,45.32,3.52,30.31,47.76,Decreasing,Normal,8.33,10.94,0.94,13.6,12.06,-0.263,2.86,747,3440897
442,THEJO,THEJO ENGINEERING,22.71,1826,75.83,-74.78,44.4,3.17,38.8,45.46,Decreasing,Normal,0,6.72,1.02,13.31,14.05,1.708,2.8,741,4935425
443,MANAKSIA,MANAKSIA,22.69,65.9,-20.6,-71.93,44.96,2.79,38.08,46.23,Decreasing,Normal,8.33,9.53,0.7,8.04,3.35,-0.458,2.83,747,3890945
444,EVERESTIND,EVEREST INDUSTRIES,22.68,679.5,-14.59,-71.05,42.81,4.51,41.11,43.05,Decreasing,Normal,0,9.2,0.73,8.92,4.29,-0.341,2.7,747,254209
445,HFCL,HFCL,22.66,76,-2.75,-67.4,45.91,3.15,38.43,47.29,Decreasing,Normal,8.33,7.62,0.57,7.81,4.02,-0.06,2.89,747,5619457
446,MOIL,MOIL,22.66,386.25,153.53,-76.06,43.73,3.38,34,45.43,Decreasing,Normal,8.33,14.71,0.64,12.5,5.5,3.511,2.75,747,5332481
447,HTMEDIA-BE,HT MEDIA,22.66,27.8,23.56,-59.89,44.32,3.59,41.92,44.7,Decreasing,Normal,0,6.39,0.74,8.53,4.83,0.532,2.79,747,3067393
448,ACE,ACTION CONST EQUIP,22.65,1070.3,276.73,-84.35,45.78,2.55,34.37,47.68,Decreasing,Normal,8.33,11,0.65,15.7,4.29,6.045,2.88,747,3478273
449,RATEGAIN,RATEGAIN TRAVEL TECHN,22.62,682.05,135.43,-71.47,40.22,3.99,39.94,40.23,Decreasing,Normal,0,16.91,0.68,7.61,4.83,3.367,2.53,747,1837313
450,NDGL,NAGA DHUNSERI GROUP,22.62,3831.1,177.56,-82.01,44.4,3.47,32.44,46.39,Decreasing,Normal,0,5.13,1.52,18.69,28.69,3.999,2.8,747,4702977
451,RESPONIND,RESPONSIVE INDUSTRIES,22.59,183,30.9,-72.34,41.79,3.26,34.57,43.07,Decreasing,Normal,0,16.52,0.84,20,6.17,0.739,2.63,747,5202689
452,LOVABLE,LOVABLE LINGERIE,22.55,91.03,-41.76,-60.72,42.44,4.11,32.19,44.21,Decreasing,Normal,0,14.06,0.94,8.66,12.47,-0.984,2.67,747,5738241
453,GFLLIMITED,GFL,22.51,61.29,-12.51,-63.92,45.99,3.53,34.76,47.92,Decreasing,Normal,8.33,3.51,1.07,9.09,12.6,-0.272,2.9,747,329985
454,SJVN,SJVN,22.51,90.15,177.38,-82.17,48.48,1.75,30.39,51.34,Decreasing,Normal,16.67,7.23,0.74,11.06,7.77,3.659,3.05,747,4834049
455,TEJASNET,TEJAS NETWORKS,22.49,599.9,-18.26,-65.89,46.74,2.62,33.88,48.84,Decreasing,Normal,8.33,7.09,0.74,20,5.63,-0.391,2.94,747,5409537
456,SNOWMAN,SNOWMAN LOGISTICS,22.48,52.15,43.07,-66.94,42.63,3.27,33.46,44.21,Decreasing,Normal,0,16.24,0.68,14.76,4.56,1.01,2.69,747,1239809
457,RML,RANE (MADRAS),22.42,829,128.37,-77.56,46.25,2.8,35.21,48.16,Decreasing,Normal,0,7,0.69,9.25,4.29,2.776,2.91,747,3065601
458,ORIENTBELL,ORIENT BELL,22.41,301.35,-50.11,-68.41,36.44,4.86,49.32,33.24,Increasing,Normal,0,14.97,0.84,9.2,5.9,-1.375,2.3,747,3655169
459,TEXINFRA,TEXMACO INFRA & HOLDG,22.35,93.56,54.26,-70.19,50.83,2.65,23.94,54.58,Decreasing,Normal,8.33,4.39,0.72,5.99,5.23,1.067,3.2,747,2956545
460,BETA-SM,BETA DRUGS,22.34,1731,130.06,-74.2,44.74,2.85,30.18,47.06,Decreasing,Normal,0,7.4,1.3,13.54,22.52,2.907,2.82,747,20737
461,DEEPAKFERT,DEEPAK FERTILIZERS & PETR,22.27,1493,62.32,-74.7,43.53,2.98,33.93,45.16,Decreasing,Normal,8.33,14.09,0.57,13.01,3.22,1.432,2.74,747,211713
462,ARVSMART,ARVIND SMARTSPACES,22.23,603.5,138.54,-78.11,45.55,3.02,27.97,48.22,Decreasing,Normal,0,12.27,0.69,10.23,4.42,3.041,2.87,747,2676993
463,IRFC,INDIAN RAILWAY FIN CORP L,22.19,126.45,493.66,-90.74,48.46,1.97,27.29,51.65,Decreasing,Normal,16.67,6.75,0.77,12.49,8.31,10.188,3.05,747,519425
464,KSL,KALYANI STEELS,22.14,830.15,173.08,-78,43.53,2.67,36.85,44.64,Decreasing,Normal,8.33,10.79,0.65,7.38,3.35,3.976,2.74,747,4835585
465,AGARIND,AGARWAL INDS CORP,22.1,892.3,24.97,-61.51,42.85,3.4,35.37,44.18,Decreasing,Normal,8.33,11.72,0.67,13.94,3.62,0.583,2.7,747,867585
466,CGCL,CAPRI GLOBAL CAPITAL,22.1,189.54,9.37,-51.08,44.75,2.53,40.75,45.52,Decreasing,Normal,8.33,4.93,0.67,15.59,6.57,0.209,2.82,747,5204225
467,INDNIPPON,INDIA NIPPON ELECT ,22.09,997.1,111.25,-70.45,38.57,5.04,35,39.19,Decreasing,Normal,8.33,19.05,0.66,6.65,3.35,2.884,2.43,747,1215233
468,LODHA,LODHA DEVELOPERS,22.01,1153.6,129.34,-78.45,43.44,2.69,33.74,45.15,Decreasing,Normal,8.33,11.49,0.73,6.43,6.43,2.978,2.74,747,824321
469,HINDCOMPOS,HINDUSTAN COMPOSITES,21.93,446,34.26,-64.18,40.81,3.21,31.58,42.44,Decreasing,Normal,0,14.98,1,10.27,13.27,0.84,2.57,747,351233
470,FSL,FIRSTSOURCE SOLU.,21.91,333.5,219.44,-77.21,38.83,3.14,33.03,39.87,Decreasing,Normal,0,22.58,0.58,16.69,3.62,5.651,2.45,747,3661825
471,SASKEN,SASKEN TECHNOLOGIES,21.87,1396,67.13,-67.91,42.71,3.11,29.39,44.71,Decreasing,Normal,0,15.27,0.68,10.46,4.16,1.572,2.69,747,3067649
472,UGROCAP,UGRO CAPITAL,21.87,184.08,3.8,-58.87,38.91,3.35,32.36,40.03,Decreasing,Normal,0,19.98,0.82,15.21,6.7,0.098,2.45,747,1360129
473,PRSMJOHNSN,PRISM JOHNSON,21.85,154.1,22.11,-60.16,40.06,3.45,35.46,40.92,Decreasing,Normal,8.33,17.44,0.55,12.2,2.55,0.552,2.52,747,701185
474,LIKHITHA,LIKHITHA INFRASTRUC,21.83,238.12,32.73,-64.41,44.54,2.69,30.93,46.66,Decreasing,Normal,8.33,10.04,0.72,9.71,5.23,0.735,2.81,747,147969
475,MBAPL,MADHYA BHARAT AGRO P.,21.81,440.35,95.45,-57.63,35.67,3.65,44.95,33.34,Increasing,Normal,8.33,17.05,0.91,11.76,9.92,2.676,2.25,747,3247617
476,RELCHEMQ,RELIANCE CHEMOTEX IND,21.78,155.5,-19.85,-63.04,40.75,3.17,38.55,41.16,Decreasing,Normal,0,6.4,1.28,10.45,20.91,-0.487,2.57,747,2470913
477,RCF,RASHTRIYA CHEMICALS & FER,21.77,146.28,49.27,-63.47,45.77,2.15,30.61,48.21,Decreasing,Normal,0,9.28,0.58,8.66,3.75,1.076,2.88,747,733697
478,UGARSUGAR,THE UGAR SUGAR WORKS,21.76,43.4,-32.19,-71.37,42.49,3.22,37.41,43.46,Decreasing,Normal,8.33,8.59,0.72,12.59,5.36,-0.758,2.68,747,5011969
479,GICRE,GENERAL INS CORP OF INDIA,21.76,383.3,216.12,-77.28,48.14,2.29,24.6,51.58,Decreasing,Normal,8.33,7.84,0.6,8.27,3.75,4.49,3.03,747,70913
480,DYNAMATECH,DYNAMATIC TECHNOLOGIES,21.73,7777,244.73,-76.27,41.25,3.68,32.42,42.59,Decreasing,Normal,0,15.01,0.63,5.27,3.62,5.932,2.6,747,1158401
481,THANGAMAYL,THANGAMAYIL JEWELLERY,21.71,2028,218.39,-82.25,43.78,3.2,27.73,46.09,Decreasing,Normal,8.33,11.97,0.77,14.82,5.36,4.988,2.76,747,4638209
482,UNICHEMLAB,UNICHEM LABORATORIES,21.7,481,24.61,-71.77,41.75,3.55,36.53,42.7,Decreasing,Normal,0,10.72,0.64,16.5,3.08,0.59,2.63,747,916225
483,VINYLINDIA,VINYL CHEMICALS (I),21.6,288,-53.32,-68.69,43.55,3.97,31.58,45.55,Decreasing,Normal,16.67,6.91,0.84,10.26,7.51,-1.224,2.74,747,4306177
484,KOKUYOCMLN,KOKUYO CAMLIN,21.58,106.1,50.71,-71.16,41.73,2.93,34.65,42.97,Decreasing,Normal,0,10.94,0.78,12.26,4.96,1.215,2.63,747,4307713
485,POONAWALLA,POONAWALLA FINCORP,21.52,531,62.58,-57.4,35.95,3.52,35.24,35.98,Decreasing,Normal,8.33,25.25,0.51,9.93,3.35,1.741,2.26,747,2919169
486,WHEELS,WHEELS INDIA,21.46,939.05,50.12,-54.83,36.52,3.87,31.55,37.35,Decreasing,Normal,8.33,24.95,0.56,19.99,1.88,1.372,2.3,747,964097
487,GLOBUSSPR,GLOBUS SPIRITS,21.44,1117.6,32.1,-51.72,42.46,3.75,32.68,44.15,Decreasing,Normal,8.33,9.84,0.64,14.74,4.56,0.756,2.68,747,4460545
488,GIPCL,GUJ IND POW CO.,21.39,184.5,112.19,-73.77,44.72,2.59,31.76,46.89,Decreasing,Normal,0,7.04,0.63,13.87,4.42,2.509,2.82,747,293121
489,ECLERX,ECLERX SERVICES,21.38,4060,180.97,-73.69,36.77,3.78,42.29,35.52,Increasing,Normal,0,15.79,0.64,17.99,3.49,4.922,2.32,747,3885825
490,NRBBEARING,NRB BEARING,21.36,273,56.49,-68.87,41.64,3.56,35.42,42.77,Decreasing,Normal,0,9.27,0.66,10.9,4.16,1.357,2.62,747,1933569
491,IRB,IRB INFRA DEV,21.35,43.5,105.19,-73.38,45.67,2.12,24.9,48.78,Decreasing,Normal,8.33,9.41,0.73,12.86,6.7,2.303,2.88,747,3920129
492,PNBGILTS,PNB GILTS,21.3,98.1,58.35,-62.68,41.98,2.77,36.97,42.94,Decreasing,Normal,16.67,9.13,0.58,11.25,3.08,1.39,2.64,747,2236417
493,DELTACORP,DELTA CORP,21.28,79.3,-64.42,-70.51,40.41,2.96,39.44,40.62,Decreasing,Normal,8.33,10.28,0.61,10.5,3.75,-1.594,2.55,747,3851265
494,EVEREADY,EVEREADY INDS. IND. ,21.25,380.4,17.41,-46.08,34.77,3.72,36.15,34.46,Increasing,Normal,0,25.57,0.46,3.99,2.01,0.501,2.19,747,3016193
495,VMART,VMART RETAIL,21.23,855,21.07,-64.71,33.74,3.17,36.06,33.25,Increasing,Normal,8.33,27.34,0.61,7.2,4.96,0.625,2.13,747,7496705
496,HARRMALAYA,HARRISON MALAYALAM,21.23,204,37.33,-69.56,43.43,2.9,29.69,45.67,Decreasing,Normal,0,6.98,0.92,13.79,10.59,0.859,2.74,747,336129
497,REPCOHOME,REPCO HOME FINANCE,21.21,394,71.3,-71.71,41.77,2.88,31.52,43.55,Decreasing,Normal,0,11.59,0.69,6.73,5.23,1.707,2.63,747,7577089
498,POLICYBZR,PB FINTECH,21.05,1745,259.05,-84.15,41.76,3.02,31.51,43.47,Decreasing,Normal,0,10.69,0.66,8.13,5.63,6.203,2.63,747,1703937
499,IONEXCHANG,ION EXCHANGE (INDIA),20.97,400.75,93.88,-74.75,42.47,2.71,28.76,44.62,Decreasing,Normal,0,10.91,0.68,7.63,5.09,2.211,2.68,747,417281
500,DCMSRIND,DCM SHRIRAM IND,20.97,167.83,107.07,-75.67,42.22,3.35,28.37,44.48,Decreasing,Normal,8.33,9.21,0.82,15.15,5.9,2.536,2.66,747,1875201
501,MTARTECH,MTAR TECHNOLOGIES,20.96,1882,17.46,-60.43,36.5,3.36,35.04,36.72,Decreasing,Normal,8.33,19.27,0.64,15.2,4.96,0.478,2.3,747,693505
502,HMVL,HINDUSTAN MEDIA VENT,20.95,83,43.1,-67.76,44.13,2.78,24.68,47.04,Decreasing,Normal,0,7.13,0.95,14.07,8.18,0.977,2.78,747,4918017
503,ORIENTCEM,ORIENT CEMENT,20.95,221.5,75.79,-72.4,41.26,2.56,37.98,41.76,Decreasing,Normal,8.33,7.86,0.61,12.39,3.62,1.837,2.6,747,7702785
504,MUTHOOTCAP,MUTHOOT CAP SERV,20.92,274.8,7.34,-49.13,41.9,2.59,36.12,42.99,Decreasing,Normal,0,5.82,0.77,9.97,6.57,0.175,2.64,747,2666241
505,NAHARCAP,NAHAR CAP & FIN.,20.92,285.5,-19.95,-43.94,40.45,3.33,35.4,41.39,Decreasing,Normal,0,4.66,1.14,9,18.23,-0.493,2.55,747,3932161
506,KPITTECH,KPIT TECHNOLOGIES,20.9,1154.9,71.62,-68.1,38.11,3.06,31.47,39.26,Decreasing,Normal,0,18.69,0.59,10,4.29,1.879,2.4,747,2478849
507,HINDOILEXP,HINDUSTAN OIL EXPLORATION,20.9,165.75,17.55,-60.57,42.82,2.58,27.6,45.27,Decreasing,Normal,0,10.75,0.67,12.95,3.89,0.41,2.7,747,359169
508,VINDHYATEL,VINDHYA TELELINKS,20.87,1380,2.99,-64.08,39.14,2.63,33.69,40.15,Decreasing,Normal,0,14.03,0.71,11.77,4.16,0.076,2.47,747,945665
509,MINDACORP,MINDA CORPORATION,20.86,587.9,179.95,-71.63,37.57,3.28,31.07,38.69,Decreasing,Normal,0,19.69,0.58,5.97,3.49,4.79,2.37,747,6629633
510,ZENSARTECH,ZENSAR TECHNOLOGIES ,20.8,793.65,252.11,-79.54,39.28,2.83,32.04,40.59,Decreasing,Normal,0,15.72,0.55,18.15,2.82,6.419,2.47,747,275457
511,BODALCHEM,BODAL CHEMICALS,20.78,60.54,-29.81,-50.46,38.81,2.93,35.23,39.47,Decreasing,Normal,8.33,13.81,0.59,7.36,3.08,-0.768,2.44,747,6404353
512,GODREJIND,GODREJ INDUSTRIES,20.76,1079.9,151.9,-71.58,36.81,3.31,36.2,36.9,Decreasing,Normal,8.33,17.71,0.52,9.58,2.95,4.127,2.32,747,2796801
513,RKFORGE,RAMKRISHNA FORGINGS,20.75,551.05,164.93,-81.08,40.29,2.86,32.18,41.65,Decreasing,Normal,0,11.89,0.65,17.72,3.49,4.093,2.54,747,2921217
514,ASTERDM,ASTER DM HEALTHCARE,20.75,689,178.95,-71.85,38,3.02,32.87,38.95,Decreasing,Normal,8.33,16.26,0.66,22.66,5.36,4.709,2.39,747,386049
515,GTPL,GTPL HATHWAY,20.67,106,-33.42,-56.96,39.18,2.08,32.21,40.42,Decreasing,Normal,0,14.47,0.72,10.4,4.16,-0.853,2.47,747,5425921
516,FIEMIND,FIEM INDUSTRIES,20.65,1940.9,173.14,-68.9,37.25,3.7,36.97,37.25,Decreasing,Normal,0,13.79,0.62,9.68,4.56,4.647,2.35,747,3509761
517,RBLBANK,RBL BANK,20.62,292.85,143.03,-60.46,39.82,2.89,36.49,40.38,Decreasing,Normal,0,9.85,0.57,6.08,3.49,3.592,2.51,747,4708097
518,FINPIPE,FINOLEX INDUSTRIES,20.62,193,35.49,-63.47,37.42,2.78,33.53,38.14,Decreasing,Normal,0,17.76,0.55,12.52,3.49,0.948,2.36,747,266497
519,MCX,MULTI COMMODITY EXCHANGE,20.62,8680,557.85,-85.9,38.65,2.65,36.83,38.94,Decreasing,Normal,0,13.08,0.53,10,3.08,14.432,2.43,747,7982337
520,MANINFRA,MAN INFRA,20.6,148.6,67.81,-74.81,39.09,2.7,33.5,40.14,Decreasing,Normal,0,12.37,0.71,12.72,4.56,1.735,2.46,747,4665857
521,CIGNITITEC,CIGNITI TECHNOLOGIES,20.6,1644.6,206.26,-73.79,35.74,3.07,34.04,36.08,Decreasing,Normal,0,19.97,0.62,17.34,4.02,5.772,2.25,747,1316353
522,AHLEAST,ASIAN HOTELS (EAST),20.59,151.2,-4.7,-57.67,39.95,3.72,28.93,41.82,Decreasing,Normal,0,6.48,1.26,9.98,21.31,-0.118,2.52,747,4976129
523,MENONBE,MENON BEARINGS,20.57,122,13.54,-50.87,38.2,3.77,36.89,38.46,Decreasing,Normal,0,10.46,0.67,6.7,3.75,0.354,2.41,747,1782017
524,QUESS,QUESS CORP,20.53,245.85,-5.33,-62.85,35.08,3.28,42.02,33.49,Increasing,Normal,8.33,14.98,0.64,12.56,4.56,-0.152,2.21,747,4532225
525,PONNIERODE,PONNIE SUGARS (ERODE),20.47,287.4,11.94,-59.76,43.16,2.85,24.72,45.96,Decreasing,Normal,8.33,7.24,0.83,18.87,6.03,0.277,2.72,747,2729217
526,LYKALABS,LYKA LABS,20.46,94.5,-30.1,-49.88,41.69,3,26.23,44.16,Decreasing,Normal,8.33,8.54,0.88,6.31,6.84,-0.722,2.63,747,519169
527,AHLUCONT,AHLUWALIA CONT IND,20.46,972.6,122.05,-74.48,40.21,2.87,31.65,41.65,Decreasing,Normal,0,9.16,0.79,13.07,6.03,3.036,2.53,747,4565249
528,STEELCITY,STEEL CITY SECURITIES,20.44,101.85,68.91,-59.14,42.39,2.57,27.93,44.75,Decreasing,Normal,8.33,4.82,1.03,5.3,9.92,1.626,2.67,747,2663937
529,ETERNAL,ETERNAL - ZOMATO,20.39,348.4,409.36,-87.32,40.08,2.14,32.6,41.4,Decreasing,Normal,0,9.44,0.79,7.84,8.71,10.213,2.53,747,1304833
530,DEN,DEN NETWORKS,20.38,34.75,6.27,-63.69,39.73,2.71,30.86,41.28,Decreasing,Normal,0,12.85,0.56,6.74,3.08,0.158,2.5,747,4536833
531,HINDPETRO,HINDUSTAN PETROLEUM CORP,20.38,452.9,279.95,-76.46,37.99,2.3,27.6,39.77,Decreasing,Normal,0,19.09,0.63,7.23,5.09,7.369,2.39,747,359937
532,NCC,NCC,20.36,211.2,191.51,-81.15,43.42,2.03,28.05,45.88,Decreasing,Normal,0,7.16,0.59,9.6,4.02,4.411,2.74,747,593665
533,VARROC,VARROC ENGINEERING,20.35,609.6,97.22,-66.6,39.18,3.47,34.63,40.01,Decreasing,Normal,0,10.01,0.55,9.69,2.82,2.481,2.47,747,987393
534,GANECOS,GANESHA ECOSPHERE,20.34,1238,77.28,-71.98,37.69,2.89,31.98,38.65,Decreasing,Normal,8.33,15.38,0.64,18.84,3.89,2.05,2.37,747,1777665
535,SHANTIGEAR,SHANTHI GEARS,20.32,524.2,53.21,-58.12,38.36,2.97,35.35,38.87,Decreasing,Normal,0,11.84,0.57,8.55,2.41,1.387,2.42,747,787969
536,BAJAJELEC,BAJAJ ELECT.LTD,20.31,543.9,-32.02,-57.32,35.96,3.26,35.14,36.13,Decreasing,Normal,16.67,16.75,0.59,32.21,2.68,-0.891,2.27,747,3848705
537,BHEL,BHEL,20.28,240,282.47,-82.09,42.02,2.11,30.34,44,Decreasing,Normal,0,7.95,0.59,9.54,4.96,6.723,2.65,747,112129
538,INDOCO,INDOCO REMEDIES,20.22,287.3,-14.81,-55.18,37.5,3.73,40.6,36.8,Increasing,Normal,8.33,8.42,0.55,8.39,1.47,-0.395,2.36,747,2989313
539,DODLA,DODLA DAIRY,20.18,1313.9,156.62,-71.72,37.39,3.08,32.23,38.35,Decreasing,Normal,8.33,13.67,0.72,12.95,4.02,4.189,2.36,747,1234433
540,CREDITACC,CREDITACCESS GRAMEEN,20.18,1386,38.66,-58.23,38.9,2.87,35.63,39.51,Decreasing,Normal,8.33,9.16,0.62,8.85,5.23,0.994,2.45,747,1131777
541,RENUKA,SHREE RENUKA SUGARS,20.16,30.45,-51.16,-64.06,39.53,3.22,32.67,40.71,Decreasing,Normal,0,8.96,0.63,9.68,4.42,-1.294,2.49,747,3078657
542,HINDZINC,HINDUSTAN ZINC,20.07,496.85,74.33,-65.83,37.06,2.8,32.84,37.84,Decreasing,Normal,8.33,14.92,0.6,9.06,4.29,2.006,2.33,747,364545
543,VESUVIUS,VESUVIUS INDIA,20.03,505,221.66,-78.17,40.48,2.58,32.55,41.63,Decreasing,Normal,0,6.76,0.68,15.67,3.62,5.475,2.55,747,941057
544,KPRMILL,KPR MILL,20.02,1002,83.18,-65.48,34.21,3.39,40.82,32.59,Increasing,Normal,8.33,15.6,0.52,9.71,2.28,2.431,2.16,747,3817473
545,SUNDROP,SUNDROP BRANDS,20.01,784.85,4.79,-44.06,38.5,3.31,32.01,39.69,Decreasing,Normal,8.33,10.52,0.64,14.46,3.62,0.124,2.43,747,425729
546,JAYSREETEA,JAYSHREE TEA & INDUSTRIES,19.99,96.2,0.94,-54.95,40.22,2.64,30.97,41.81,Decreasing,Normal,8.33,7.65,0.71,5.54,4.29,0.023,2.53,747,440321
547,POLYMED,POLY MEDICURE,19.99,1904,88.76,-75.57,38.55,3.02,34.36,39.21,Decreasing,Normal,8.33,10.42,0.52,5.42,2.41,2.302,2.43,747,6583809
548,KUANTUM,KUANTUM PAPERS,19.98,108.93,-22.68,-57.83,40.19,3.25,30.91,41.81,Decreasing,Normal,0,5.88,0.79,6.17,5.09,-0.564,2.53,747,3550721
549,LINCOLN,LINCOLN PHARMA,19.93,528.8,84.25,-70.9,40.13,2.22,31.71,41.59,Decreasing,Normal,8.33,8.33,0.64,9.21,3.49,2.099,2.53,747,2968577
550,UNIONBANK,UNION BANK OF INDIA,19.92,139.34,256.55,-76.91,41.57,2.37,30.37,43.49,Decreasing,Normal,8.33,5.81,0.63,6.81,3.75,6.172,2.62,747,2752769
551,RHIM,RHI MAGNESITA INDIA,19.92,445.6,-32.07,-57.84,35.88,3.79,33.91,36.26,Decreasing,Normal,8.33,14.79,0.54,6.72,2.55,-0.894,2.26,747,7977729
552,SUNTECK,SUNTECK REALTY,19.9,442.05,8.09,-61.22,37.13,3.56,34.51,37.49,Decreasing,Normal,0,10.57,0.66,9.91,4.42,0.218,2.34,747,4516097
553,MUNJALSHOW,MUNJAL SHOWA,19.87,139.82,45.34,-62.25,39.17,3.21,35.44,39.84,Decreasing,Normal,8.33,5.55,0.67,4.34,3.49,1.158,2.47,747,590593
554,DIAMONDYD,PRATAAP SNACKS,19.84,1013.5,8.05,-54.39,38.63,3.02,33.99,39.17,Decreasing,Normal,0,6.83,0.79,9.48,6.97,0.209,2.43,747,5591041
555,MAHSEAMLES,MAHARASHTRA SEAMLESS,19.78,585,46.47,-74.52,38.84,2.54,29.39,40.36,Decreasing,Normal,0,11.82,0.6,7.75,4.16,1.196,2.45,747,534529
556,INDIACEM,THE INDIA CEMENTS,19.73,392.3,45.3,-59.5,39.66,2.65,34.7,40.55,Decreasing,Normal,0,6.73,0.49,8.88,1.74,1.142,2.5,747,387841
557,JOCIL,JOCIL,19.7,152,-21.87,-49.89,37.38,3.71,30.83,38.56,Decreasing,Normal,0,6.57,1.1,5.96,15.95,-0.585,2.35,747,4333313
558,ADVENZYMES,ADVANCED ENZYME TECH,19.68,308.85,11.1,-60.6,35.23,3.39,36.01,35.07,Increasing,Normal,0,13.89,0.55,6.09,3.22,0.315,2.22,747,4617985
559,NATHBIOGEN-BE,NATH BIO-GENES (I),19.68,177.9,8.48,-51.25,37.06,3.28,32.59,37.88,Decreasing,Normal,0,8.41,0.93,8.26,11.13,0.229,2.33,747,2833665
560,NEOGEN,NEOGEN CHEMICALS,19.64,1504.8,2.3,-52.89,40.02,2.56,29.76,41.42,Decreasing,Normal,16.67,7.82,0.62,9.89,3.49,0.057,2.52,747,2538753
561,CDSL,CENTRAL DEPO SER (I),19.61,1607.9,156.65,-77.86,37,2.37,35.35,37.32,Decreasing,Normal,8.33,11.04,0.59,10,4.02,4.234,2.33,747,5420545
562,BEPL,BHANSALI ENG. POLYMERS LT,19.59,101.2,26.03,-67.2,40.75,2.23,25.06,43.21,Decreasing,Normal,0,9.97,0.59,15.99,3.08,0.639,2.57,747,107265
563,BALMLAWRIE,BALMER LAWRIE & CO,19.54,205.8,86.7,-66.39,39.58,2.06,26,41.8,Decreasing,Normal,16.67,12.06,0.57,6.38,3.22,2.19,2.49,747,86529
564,DWARKESH,DWARIKESH SUGAR IND,19.52,44.73,-55.6,-69.58,35.31,3.11,39.61,34.3,Increasing,Normal,8.33,9.71,0.64,14.58,5.23,-1.575,2.22,747,2986753
565,TRIVENI,TRIVENI ENGG. & INDS.,19.52,355.1,30.79,-53.86,38.55,2.61,29.71,40.01,Decreasing,Normal,0,9.74,0.67,16.29,5.9,0.799,2.43,747,3348737
566,WHIRLPOOL,WHIRLPOOL OF INDIA,19.52,1168,-28.56,-63.3,31.31,3.42,32.28,31.05,Increasing,Normal,8.33,24.48,0.54,20,3.08,-0.912,1.97,747,4610817
567,TIINDIA,TUBE INVEST OF INDIA,19.49,3156,16.03,-50.63,37.09,2.65,31.97,38.03,Decreasing,Normal,0,13.11,0.47,5.4,2.41,0.432,2.34,747,79873
568,RIIL,RELIANCE INDUSTRIAL INFRA,19.44,930.5,-19.65,-54.95,39.98,2.68,27.23,42.06,Decreasing,Normal,8.33,9.69,0.46,8.56,2.01,-0.491,2.52,747,745473
569,360ONE,360 ONE WAM,19.38,1093.2,141.56,-70.02,35.95,2.41,35.17,35.81,Decreasing,Normal,8.33,11.48,0.66,13.57,4.69,3.938,2.26,747,3343617
570,ALBERTDAVD,ALBERT DAVID,19.33,799.95,41.51,-71.15,39.03,2.13,31.14,40.43,Decreasing,Normal,8.33,5.02,0.87,9.15,7.91,1.063,2.46,747,4417537
571,BIRLACORPN,BIRLA CORPORATION,19.33,1188,26.89,-53.21,33.48,3.03,39.44,32.17,Increasing,Normal,8.33,13.61,0.57,19.99,2.28,0.803,2.11,747,122881
572,GUFICBIO,GUFIC BIOSCIENCES,19.32,365.1,66.75,-64.77,39.04,2.63,32.03,40.12,Decreasing,Normal,0,6.75,0.56,7.9,2.41,1.71,2.46,747,2971137
573,TRENT,TRENT,19.28,4679,227.2,-86.16,34.67,2.65,33.61,34.81,Decreasing,Normal,0,16,0.49,10,2.55,6.553,2.18,747,502785
574,STYRENIX,STYRENIX PERFORMANCE,19.26,2383.6,175.86,-80.1,35.97,3.11,28.04,37.3,Decreasing,Normal,0,14.07,0.69,12.41,4.69,4.889,2.27,747,4865
575,CHOLAHLDNG,CHOLAMANDALAM FIN HOL,19.24,1833.1,183.54,-77.09,34.75,3.66,36.71,34,Increasing,Normal,8.33,11.1,0.56,16.48,2.01,5.281,2.19,747,5565441
576,TASTYBITE,TASTY BITE EATABLES,19.23,8881,-29.21,-61.89,36.86,2.59,31.4,37.82,Decreasing,Normal,0,10.03,0.71,20,3.49,-0.792,2.32,747,5143553
577,ALEMBICLTD,ALEMBIC,19.22,100.55,48.19,-67.34,38.62,2.07,28.93,40.27,Decreasing,Normal,0,9.66,0.6,8.9,3.89,1.248,2.43,747,20225
578,SATIN,SATIN CREDIT NET,19.2,148,14.55,-59.71,39.79,2.51,27.49,41.82,Decreasing,Normal,8.33,5.15,0.8,19.97,6.57,0.366,2.51,747,2675969
579,OFSS,ORACLE FIN SERV SOFT,19.17,9201,251.45,-80.01,36.42,2.68,31.7,37.3,Decreasing,Normal,8.33,11.57,0.58,10.5,3.75,6.903,2.29,747,2748929
580,TRIDENT,TRIDENT,19.17,28.36,-25.27,-56.31,36.53,2.01,33.92,37.01,Decreasing,Normal,8.33,10.2,0.65,16.78,4.83,-0.692,2.3,747,2479361
581,BANKINDIA,BANK OF INDIA,19.11,126.75,172.52,-70.78,38.76,2.13,25.32,40.95,Decreasing,Normal,8.33,11,0.61,7.75,4.56,4.45,2.44,747,1214721
582,GAEL,GUJARAT AMBUJA EXPORTS LT,19.1,104.83,-24.31,-53.12,39.07,2.12,28.85,40.69,Decreasing,Normal,0,8.27,0.57,7.84,2.95,-0.622,2.46,747,2259969
583,RECLTD,REC,19.1,373.1,296.91,-86.08,40.98,1.84,26.95,43.18,Decreasing,Normal,8.33,5.62,0.57,8.79,3.22,7.245,2.58,747,3930881
584,PANAMAPET,PANAMA PETROCHEM,19.05,277,-2.74,-40.77,37.32,2.85,26.26,39.11,Decreasing,Normal,0,13.09,0.51,14.65,2.14,-0.073,2.35,747,6500353
585,DHANUKA,DHANUKA AGRITECH,18.99,1475.2,121.57,-69.36,35.97,2.63,38.39,35.46,Increasing,Normal,0,6.84,0.58,8.18,3.75,3.38,2.27,747,6248705
586,CYIENT,CYIENT,18.99,1176,47.16,-70.56,36.8,2.31,27.49,38.42,Decreasing,Normal,8.33,13.11,0.58,7.64,3.75,1.281,2.32,747,1471489
587,PRINCEPIPE,PRINCE PIPES FITTINGS,18.98,332.1,-42.35,-70.48,33.92,3.16,43.44,31.58,Increasing,High,8.33,7.41,0.57,9.53,4.42,-1.249,2.14,747,4107521
588,VHL,VARDHMAN HOLDINGS,18.95,3897.9,22.77,-57.9,38.25,2.64,25.04,40.4,Decreasing,Normal,16.67,6.97,0.96,19.98,11.26,0.595,2.41,747,3044353
589,BUTTERFLY,BTRFLY GANDHI APPL,18.94,714.95,-58.88,-71.07,35.54,2.22,41.16,34.27,Increasing,Normal,8.33,5.52,0.66,4.71,6.3,-1.657,2.24,747,695297
590,HEXATRADEX,HEXA TRADEX,18.91,174.5,5.69,-62.45,37.17,3.27,23.58,39.32,Decreasing,Normal,16.67,5.32,1.35,10,20.24,0.153,2.34,747,6914049
591,COHANCE,COHANCE LIFESCIENCES,18.9,905,114.96,-71.29,31.92,3.03,34.67,30.83,Increasing,Normal,0,17.93,0.56,13.6,4.29,3.601,2.01,747,4593921
592,SILVERTUC,SILVER TOUCH TECHNO,18.87,745,101.35,-63.24,34.09,3.28,35,33.85,Increasing,Normal,8.33,6.82,1.06,6.4,14.75,2.973,2.15,747,2412033
593,PFC,POWER FIN CORP,18.87,404.3,384.77,-86.09,40.55,1.93,27.4,42.69,Decreasing,Normal,8.33,4.64,0.56,8.82,2.55,9.488,2.55,747,3660545
594,AVTNPL,AVT NATURAL PRODUCTS,18.84,69.15,-31.3,-58.77,35.31,3.07,29.76,36.18,Decreasing,Normal,0,11.69,0.68,6.32,3.49,-0.886,2.22,747,3586049
595,KAKATCEM,KAKATIYA CEM SUGAR &IND L,18.73,144.05,-35.4,-53.16,34.8,3.15,30.23,35.64,Decreasing,Normal,0,9.36,0.9,5.01,9.65,-1.017,2.19,747,463617
596,GESHIP,THE GE SHPG.LTD,18.72,1047,89.67,-67.64,35.65,2.81,31.08,36.52,Decreasing,Normal,0,10.71,0.56,11.5,2.82,2.516,2.25,747,3526657
597,TARSONS,TARSONS PRODUCTS,18.7,300,-61.78,-66.98,35.83,2.44,35.27,35.92,Decreasing,Normal,8.33,7,0.65,12.91,4.16,-1.724,2.26,747,1777409
598,OIL,OIL INDIA,18.69,418.05,233.51,-84.22,38.4,2.09,26.8,40.32,Decreasing,Normal,0,7.71,0.65,8.52,3.75,6.081,2.42,747,4464129
599,MANAPPURAM,MANAPPURAM FINANCE,18.68,285.15,180.8,-66.81,38.2,2.7,27.51,40.03,Decreasing,Normal,0,7.13,0.59,10,4.56,4.732,2.41,747,4879617
600,RAINBOW,RAINBOW CHILDRENS MED,18.68,1346,110.58,-63.75,35.53,2.46,25.98,37.09,Decreasing,Normal,0,14.54,0.61,10.2,3.89,3.112,2.24,747,2408449
601,KEI,KEI INDUSTRIES,18.64,4275,206.89,-73.15,38.64,2.37,26.67,40.6,Decreasing,Normal,8.33,7,0.59,9.16,3.62,5.354,2.43,747,3407361
602,CENTENKA,CENTURY ENKA,18.63,483,4.09,-60.69,37.32,2.36,28.42,38.87,Decreasing,Normal,8.33,8.78,0.58,5.12,2.28,0.11,2.35,747,158465
603,CEATLTD,CEAT,18.61,3539,126.57,-66.44,36.81,2.4,32.38,37.49,Decreasing,Normal,0,7.3,0.56,11.56,2.82,3.438,2.32,747,3905025
604,WESTLIFE,WESTLIFE FOODWORLD,18.58,642.6,-11.61,-37.73,31.59,3.97,30.9,31.69,Decreasing,Normal,0,17.81,0.52,7.69,2.28,-0.368,1.99,747,2964481
605,PRICOLLTD,PRICOL,18.56,520.25,174.61,-71.31,35.93,3.02,30.15,36.97,Decreasing,Normal,0,8.08,0.69,16.23,5.5,4.859,2.26,747,5025537
606,SOLARINDS,SOLAR INDUSTRIES (I),18.53,14120,244.39,-80.62,35.25,2.48,29.91,36.17,Decreasing,Normal,0,11.58,0.58,9.11,3.08,6.933,2.22,747,3412993
607,PERSISTENT,PERSISTENT SYSTEMS,18.5,5359,210.85,-74.77,32.72,2.63,30.5,33.11,Decreasing,Normal,0,16.45,0.59,10,3.22,6.444,2.06,747,4701441
608,APCOTEXIND,APCOTEX INDUSTRIES LIMITE,18.45,361.5,-35.79,-52.88,32.53,3.46,26.96,33.54,Decreasing,Normal,0,18.05,0.55,3.89,1.61,-1.1,2.05,747,39425
609,ANDHRAPAP,ANDHRA PAPER,18.44,79.49,-9.46,-51.78,33.13,3.67,33.14,33.12,Increasing,Normal,0,10.7,0.68,15.76,4.29,-0.286,2.09,747,42497
610,SONACOMS,SONA BLW PRECISION FRGS L,18.41,433.15,-7.05,-50.56,33.71,2.9,33.76,33.55,Increasing,Normal,0,10.48,0.63,9.92,5.63,-0.209,2.12,747,1199105
611,EPL,EPL,18.4,212.42,30.32,-49.29,35.51,2.84,29.78,36.56,Decreasing,Normal,0,10.18,0.52,4.45,2.82,0.854,2.24,747,251137
612,SUPRAJIT,SUPRAJIT ENGINEERING,18.38,448,37,-50.4,32.06,3.67,33.27,31.81,Increasing,Normal,8.33,14.32,0.51,5.72,2.01,1.154,2.02,747,2992385
613,CMSINFO,CMS INFO SYSTEMS,18.36,362.95,19.88,-57.7,31.35,3.6,26.08,32.28,Decreasing,Normal,0,20.07,0.6,8.32,3.49,0.634,1.97,747,1946369
614,SHRIRAMFIN,SHRIRAM FINANCE,18.36,665,180.83,-68.13,33.45,2.12,33.19,33.49,Decreasing,Normal,0,13.15,0.55,9.99,3.89,5.406,2.11,747,1102337
615,SOTL,SAVITA OIL TECHNOLO.,18.33,404.6,35.32,-64.53,38.36,2.19,26.83,40.26,Decreasing,Normal,0,5.1,0.66,10.65,3.22,0.921,2.42,747,773377
616,SWARAJENG,SWARAJ ENGINES,18.31,4236.3,162.42,-67.94,32.43,2.83,33.77,31.99,Increasing,Normal,8.33,13.67,0.56,6.76,2.55,5.008,2.04,747,866305
617,TORNTPOWER,TORRENT POWER,18.31,1236.4,155.45,-78.85,37.91,2.21,26.2,39.77,Decreasing,Normal,0,7.53,0.55,15.73,4.29,4.1,2.39,747,3529217
618,GULFOILLUB,GULF OIL LUB. IND.,18.29,1207,185.82,-73.67,37.37,2.38,25.26,39.28,Decreasing,Normal,8.33,8.24,0.63,16.4,4.69,4.973,2.35,747,1124097
619,CSBBANK,CSB BANK,18.28,386.15,61.1,-51.76,31.71,3.29,29.66,32.11,Decreasing,Normal,0,16.77,0.59,10.99,4.16,1.927,2,747,3831297
620,SMCGLOBAL,SMC GLOBAL SECURITIES,18.23,140.99,79.15,-62.51,35.48,2.78,33.44,35.89,Decreasing,Normal,8.33,4.18,0.77,8.14,4.56,2.231,2.24,747,593921
621,MAXHEALTH,MAX HEALTHCARE INS,18.18,1155.5,183.25,-70.39,35.03,2.54,29.12,36.05,Decreasing,Normal,0,9.39,0.67,5.15,4.16,5.232,2.21,747,5728513
622,KKCL,KEWAL KIRAN CLOTHING,18.16,552.5,18.73,-55.99,31.78,3.43,32.91,31.52,Increasing,Normal,0,13.22,0.6,6.65,2.41,0.589,2,747,3425537
623,MGL,MAHANAGAR GAS,18.16,1294.9,58.08,-61.2,34.78,2.5,31.31,35.42,Decreasing,Normal,0,9.93,0.51,6.98,3.22,1.67,2.19,747,4488705
624,KPIL,KALPATARU PROJECT INT,18.15,1250.6,200.23,-71.25,35.69,2.46,32.24,36.35,Decreasing,Normal,0,5.72,0.65,15.41,5.76,5.61,2.25,747,464385
625,BAJAJHLDNG,BAJAJ HOLDINGS & INVS,18.15,12017,79.33,-62.34,29.77,2.82,33,29.09,Increasing,Normal,16.67,20.02,0.47,9.62,1.74,2.665,1.88,747,78081
626,GPPL,GUJARAT PIPAVAV PORT,18.14,162,87.05,-67.65,36.72,2.49,27.63,38.27,Decreasing,Normal,8.33,7.18,0.59,9.96,3.49,2.37,2.31,747,5051137
627,APLLTD,ALEMBIC PHARMA,18.13,949,55.09,-64.54,34.25,2.4,31.75,34.75,Decreasing,Normal,8.33,10.76,0.51,12,2.14,1.609,2.16,747,6483969
628,SESHAPAPER,SESHASAYEE PAPER & BOARDS,18.13,256.1,-10.58,-47.83,35.29,2.87,29.5,36.35,Decreasing,Normal,0,7.8,0.65,8.18,4.02,-0.3,2.22,747,784897
629,NOCIL,NOCIL,18.11,181.01,-31.94,-52.95,36.2,2.75,29.58,37.2,Decreasing,Normal,0,7.77,0.46,5.73,2.68,-0.882,2.28,747,625153
630,AFFLE,AFFLE 3I,17.98,1967.5,57.24,-60.36,31.49,3.08,29.94,31.47,Decreasing,Normal,0,15.64,0.59,18.15,3.49,1.818,1.98,747,2903809
631,ADANIPORTS,ADANI PORT & SEZ,17.97,1409.9,74.6,-75.63,38.99,1.76,24.02,41.32,Decreasing,Normal,16.67,4.69,0.59,10,4.96,1.914,2.46,747,3861249
632,MAHSCOOTER,MAHARASHTRA SCOOTERS,17.81,17190,240.74,-78.03,30.96,3.19,37.05,29.55,Increasing,Normal,16.67,10.66,0.57,11.54,4.56,7.775,1.95,746,533761
633,CGPOWER,CG POWER AND IND SOL,17.8,753.9,203.69,-71.86,35.05,2.09,27.25,36.36,Decreasing,Normal,0,9.81,0.58,9.6,3.89,5.811,2.21,747,194561
634,INDUSTOWER,INDUS TOWERS,17.78,354.3,78.94,-70.64,36.77,2.3,27.44,38.38,Decreasing,Normal,0,5.1,0.59,7.87,4.69,2.147,2.32,747,7458561
635,MPHASIS,MPHASIS,17.78,2782.9,40.18,-50.43,31.31,2.64,28.92,31.73,Decreasing,Normal,0,15.93,0.59,7.43,4.96,1.283,1.97,747,1152769
636,GNA,GNA AXLES,17.78,314.05,-4.54,-53.53,33.64,2.31,35.32,33.17,Increasing,Normal,8.33,6.61,0.6,12.54,2.01,-0.135,2.12,747,4754177
637,APTUS,APTUS VALUE HSG FIN I,17.76,318.8,4.89,-41.73,33.67,2.93,29.58,34.45,Decreasing,Normal,0,9.5,0.59,6.53,2.68,0.145,2.12,747,1391361
638,NAVNETEDUL,NAVNEET EDUCATION,17.74,157.04,20.94,-50.61,34.23,3.23,29.92,34.99,Decreasing,Normal,0,7.43,0.58,8.26,3.49,0.612,2.16,747,610561
639,VEEDOL,VEEDOL CORPORATION,17.74,1865,79.33,-71.24,32.26,3.21,25.89,33.36,Decreasing,Normal,8.33,14.19,0.64,15.27,3.08,2.459,2.03,747,3588865
640,UFLEX,UFLEX,17.7,556.5,-24.39,-62.19,37.83,2.42,24,39.91,Decreasing,Normal,8.33,4.52,0.59,11.2,3.75,-0.645,2.38,747,269569
641,TVTODAY,TV TODAY NETWORK,17.67,147.1,-46.17,-55.37,35.96,2.26,25.21,37.77,Decreasing,Normal,8.33,7.22,0.66,21.99,4.02,-1.284,2.27,747,2886401
642,LAOPALA,LA OPALA RG,17.66,241.1,-34.64,-60.94,33.93,2.62,32.88,34.14,Decreasing,Normal,0,7.09,0.52,14.44,3.75,-1.021,2.14,747,3692289
643,KSB,KSB,17.65,806.95,96.94,-67.6,33.98,2.72,25.42,35.45,Decreasing,Normal,8.33,11.18,0.61,6.7,3.22,2.853,2.14,747,498945
644,MOTHERSON,SAMVRDHNA MTHRSN INTL,17.62,104.15,106.24,-71.52,32.39,2.59,32.35,32.29,Increasing,Normal,0,9.49,0.66,8.26,5.36,3.28,2.04,747,1076225
645,CRISIL,CRISIL,17.6,4684.2,49.18,-60.79,29.92,2.76,31.93,29.53,Increasing,Normal,8.33,16.98,0.46,5.89,1.88,1.643,1.89,747,193793
646,GUJALKALI,GUJARAT ALKALIES & CHEM,17.6,562.6,-35.84,-49.08,33.38,2.21,26.3,34.64,Decreasing,Normal,16.67,13.48,0.5,7.8,3.35,-1.074,2.1,747,324353
647,VIDHIING,VIDHI SPCLTY F INGRDNTS L,17.59,364.95,-3.96,-43.78,32.92,3.44,25.61,34.21,Decreasing,Normal,8.33,11.48,0.65,7.27,2.95,-0.12,2.07,747,3465217
648,UNOMINDA,UNO MINDA,17.58,1222,118.06,-68.52,33.17,3.24,30.22,33.71,Decreasing,Normal,0,9,0.54,12.42,2.68,3.559,2.09,747,3623425
649,RUPA,RUPA & COMPANY,17.54,199.48,-37.27,-52.06,34.35,2.74,31.35,34.92,Decreasing,Normal,0,6.25,0.52,9.06,1.88,-1.085,2.16,747,6585345
650,CAMS,COMPUTER AGE MNGT SER,17.5,3864,58.04,-62.55,33.53,2.09,29.63,34.21,Decreasing,Normal,0,10.18,0.52,9.05,3.08,1.731,2.11,747,87553
651,ZYDUSWELL,ZYDUS WELLNESS,17.49,454.9,30.57,-48.39,26.61,3.96,33.08,25.09,Increasing,Normal,0,20.94,0.49,5.18,2.14,1.149,1.68,747,4514561
652,DOLLAR,DOLLAR INDUSTRIES,17.41,362.5,-28.08,-52.94,36.16,2.38,24.23,38.11,Decreasing,Normal,0,6.96,0.51,6.98,3.08,-0.776,2.28,747,5263361
653,CARBORUNIV,CARBORUNDUM UNIVERSAL,17.41,935.5,4.53,-57.19,30.89,2.79,32.23,30.62,Increasing,Normal,8.33,12.69,0.51,6.09,2.14,0.146,1.95,747,152321
654,BLUESTARCO,BLUE STAR,17.29,1947,237.46,-77.14,33.56,2.56,30.02,34.22,Decreasing,Normal,8.33,7.06,0.57,17.86,3.22,7.075,2.11,747,2127617
655,GRINDWELL,GRINDWELL NORTON,17.21,1682.5,-18.45,-54.19,30.3,2.62,37.72,28.6,Increasing,Normal,8.33,10.11,0.43,6.37,1.88,-0.609,1.91,747,3471361
656,DCBBANK,DCB BANK,17.1,130.17,28.75,-41.51,32.81,2.4,30,33.33,Decreasing,Normal,0,7.81,0.57,8.93,4.02,0.876,2.07,747,3513601
657,VEDL,VEDANTA,17.07,480.8,96.89,-66.24,33.43,2.45,25.03,34.84,Decreasing,Normal,0,8.76,0.66,7.85,5.23,2.898,2.11,747,784129
658,TEAMLEASE,TEAMLEASE SERVICES,16.96,1782,-42.19,-55.64,31.68,2.48,26.28,32.66,Decreasing,Normal,0,12.52,0.52,5.06,2.01,-1.332,2,747,3255297
659,SILVERADD,DSPAMC - DSPSILVETF,16.96,155.25,158.84,-66.57,22.76,2.93,23.76,22.38,Increasing,Normal,0,30.64,0.87,9.04,15.44,6.979,1.43,746,2754817
660,SAFARI,SAFARI IND (INDIA),16.94,2238.6,138.15,-71.37,34.64,2.67,23.82,36.17,Decreasing,Normal,0,6.38,0.6,15.58,2.68,3.988,2.18,747,3336961
661,HAPPSTMNDS,HAPPIEST MINDS TECHNO,16.89,500,-49.75,-53.38,26.7,2.65,29,26.15,Increasing,Normal,0,21.32,0.52,9.62,2.55,-1.863,1.68,747,12289
662,VSTIND,VST INDUSTRIES,16.89,259.3,-13.57,-50.21,33.89,1.58,27.66,35.01,Decreasing,Normal,16.67,6.81,0.58,17.09,4.29,-0.4,2.13,747,953345
663,MAHLOG,MAHINDRA LOGISTIC,16.84,351.7,-26.94,-57.39,31.32,2.9,31.36,31.2,Increasing,Normal,0,7.88,0.56,5.14,3.35,-0.86,1.97,747,98561
664,GLAXO,GLAXOSMITHKLINE PHARMA LT,16.81,2779,98.5,-65.1,32.55,2.23,34.61,32.09,Increasing,Normal,16.67,4.97,0.43,12.02,2.14,3.026,2.05,747,295169
665,SIEMENS,SIEMENS,16.81,3150,49.01,-66.89,33.33,2.19,25.15,34.76,Decreasing,Normal,8.33,9.18,0.5,34.74,2.68,1.47,2.1,747,806401
666,SILVER,BIRLASLAMC - SILVER,16.79,161.8,163.22,-67.1,21.11,3.69,24.32,20.22,Increasing,Normal,0,32.23,0.81,12.93,11.93,7.731,1.33,747,2048769
667,GOCOLORS,GO FASHION INDIA,16.78,674.3,-51.49,-54.51,29.45,2.89,30.24,29.29,Increasing,Normal,0,11.97,0.62,4.61,3.22,-1.748,1.86,747,1782785
668,CIEINDIA,CIE AUTOMOTIVE INDIA,16.76,422,32.29,-54.69,31.93,3.16,23.76,33.27,Decreasing,Normal,8.33,11.3,0.52,8.35,2.28,1.011,2.01,747,3823873
669,HCG,HEALTHCARE GLOB. ENT.,16.71,685.7,126.9,-64.24,29.28,3.32,33.98,28.24,Increasing,Normal,0,9.23,0.56,10.81,4.02,4.335,1.84,747,3982081
670,PSPPROJECT,PSP PROJECTS,16.7,766,16.06,-33.81,30.41,3.24,32.86,29.91,Increasing,Normal,0,7.45,0.55,17.51,2.41,0.528,1.92,747,5344513
671,CASTROLIND,CASTROL INDIA,16.68,200.54,82.39,-62.24,35.82,1.7,22.59,37.92,Decreasing,Normal,8.33,4.97,0.54,7.21,2.55,2.3,2.26,747,320001
672,VRLLOG,VRL LOGISTICS,16.63,272.95,-10.42,-45.78,31.79,2.33,25.47,32.89,Decreasing,Normal,0,9.67,0.64,14.61,4.02,-0.328,2,747,2226177
673,FORTIS,FORTIS HEALTHCARE,16.58,1059.5,289.52,-77.11,28.65,2.33,27.66,28.82,Decreasing,Normal,0,16.64,0.47,6.69,2.01,10.105,1.8,747,3735553
674,TTKHLTCARE,TTK HEALTHCARE,16.56,1148.1,20.85,-56.28,32.06,2.81,27.95,32.74,Decreasing,Normal,0,5.84,0.66,12.8,2.28,0.65,2.02,747,2910465
675,CERA,CERA SANITARYWARE,16.48,5956,10.28,-54,31.13,2.09,32.65,30.84,Increasing,Normal,0,7.22,0.48,4.91,2.01,0.33,1.96,747,3849985
676,SYMPHONY,SYMPHONY,16.39,898,1.81,-56.41,32.06,2.03,25.32,33.19,Decreasing,Normal,16.67,8.75,0.57,9.93,3.35,0.057,2.02,747,6192641
677,JAGRAN,JAGRAN PRAKASHAN,16.37,71.99,4.71,-51.27,34.33,1.33,27.08,35.62,Decreasing,Normal,16.67,2.29,0.67,8.53,4.16,0.137,2.16,747,3382017
678,AJANTPHARM,AJANTA PHARMA,16.32,2430,94.57,-68.1,30.73,2.51,26.77,31.37,Decreasing,Normal,8.33,10.24,0.51,13.7,2.28,3.078,1.94,747,2079745
679,ROSSARI,ROSSARI BIOTECH,16.28,666.2,-27.43,-44.86,29.68,3.39,27.15,30.17,Decreasing,Normal,8.33,9.99,0.56,4.5,2.41,-0.924,1.87,747,4968961
680,FINEORG,FINE ORGANIC IND.,16.25,4636.1,-30.91,-53.46,29.84,2.6,27.3,30.23,Decreasing,Normal,0,11.17,0.51,13.1,2.55,-1.036,1.88,747,958465
681,OBEROIRLTY,OBEROI REALTY,16.18,1595.5,70.46,-66.29,31.19,2.3,27.67,31.79,Decreasing,Normal,0,7.79,0.52,6.04,3.08,2.259,1.96,747,5181953
682,MATRIMONY,MATRIMONY.COM,16.17,514.9,-19.04,-42.7,30.86,2.84,24.21,32.04,Decreasing,Normal,8.33,9.21,0.59,12.51,2.82,-0.617,1.94,747,5561857
683,STARPAPER,STAR PAPER MILLS,16.13,167.15,-12.03,-50.66,31.87,2.48,23.31,33.29,Decreasing,Normal,0,6.8,0.71,6.65,5.23,-0.377,2.01,747,842497
684,INDHOTEL,THE INDIAN HOTELS CO.,16.1,734.05,116.53,-68.71,29.42,1.79,26.5,29.92,Decreasing,Normal,0,13.58,0.46,6.92,2.14,3.961,1.85,747,387073
685,SANSERA,SANSERA ENGINEERING,16.1,1444,103.45,-61.18,28.52,2.99,28.41,28.32,Increasing,Normal,0,11.44,0.56,6.22,3.35,3.627,1.8,747,1472257
686,COROMANDEL,COROMANDEL INTERNTL.,16.08,2225,126.65,-69.18,28.34,3.15,37.7,26.04,Increasing,High,8.33,6.81,0.39,7.21,0.94,4.469,1.79,747,189185
687,AMBUJACEM,AMBUJA CEMENTS,16.07,568.75,10.01,-55.4,34.36,1.96,20.06,36.58,Decreasing,Normal,8.33,6.01,0.5,10,2.95,0.291,2.16,747,325121
688,SILVERIETF,ICICIPRAMC - ICICISILVE,16.06,162.99,165.11,-66.42,21.2,3.37,23.19,20.59,Increasing,Normal,0,30.36,0.62,3.77,7.64,7.788,1.34,747,2033153
689,BHARATFORG,BHARAT FORGE,16.05,1222.7,60.04,-58.88,30.08,2.39,29.55,30.13,Decreasing,Normal,16.67,8.43,0.47,9.85,2.68,1.996,1.89,747,108033
690,KIMS,KRISHNA INST OF MED SCI L,15.93,700.05,141.48,-67.89,27.16,2.71,29.63,26.56,Increasing,Normal,0,12.77,0.58,11.1,4.29,5.209,1.71,747,1240833
691,CROMPTON,CROMPT GREA CON ELEC,15.89,287.9,-27.24,-48.14,28.33,2.2,24.93,28.96,Decreasing,Normal,8.33,14.77,0.49,7.38,2.28,-0.961,1.78,747,4376065
692,TATACOMM,TATA COMMUNICATIONS,15.87,1857.2,53.57,-47.72,28.25,3.08,26.5,28.6,Decreasing,Normal,0,13.02,0.41,5.38,1.74,1.896,1.78,747,952577
693,BEL,BHARAT ELECTRONICS,15.83,412.15,292.15,-80.05,31.95,2.03,24.84,33.19,Decreasing,Normal,8.33,5.41,0.59,9.35,3.75,9.143,2.01,747,98049
694,CONCOR,CONTAINER CORP OF IND,15.8,540,-1.46,-52.97,30.48,1.85,25.09,31.47,Decreasing,Normal,8.33,9.89,0.47,6.62,2.28,-0.048,1.92,747,1215745
695,RADICO,RADICO KHAITAN,15.8,2988.1,181.9,-69.7,31.46,2.16,24.92,32.62,Decreasing,Normal,8.33,6.74,0.52,6,2.55,5.781,1.98,747,2813441
696,NH,NARAYANA HRUDAYALAYA,15.79,1773,150.07,-70.84,29.4,2.74,31.11,29.06,Increasing,Normal,0,5.8,0.55,11.77,2.41,5.104,1.85,747,3031041
697,CANFINHOME,CAN FIN HOMES,15.78,791,60.77,-49.97,30.36,2.29,25.5,31.25,Decreasing,Normal,0,8.97,0.47,7.39,1.88,2.002,1.91,747,149249
698,ESCORTS,ESCORTS KUBOTA,15.76,3615,71.33,-59.1,28.47,3.16,29.74,28.21,Increasing,Normal,0,9.43,0.41,12.33,1.47,2.505,1.79,747,245249
699,MHRIL,MAHINDRA HOLIDAYS,15.71,345.7,21.3,-52.36,30.28,2.39,26.75,30.93,Decreasing,Normal,0,7.32,0.5,12.38,2.01,0.703,1.91,747,4437249
700,SFL,SHEELA FOAM,15.66,678.2,-50.59,-58.02,27.6,2.99,26.29,27.78,Decreasing,Normal,0,11.64,0.59,14.99,2.82,-1.833,1.74,747,4911105
701,BPCL,BHARAT PETROLEUM CORP  LT,15.59,338.4,145.04,-65.6,29.02,2.26,24.44,29.85,Decreasing,Normal,0,10.94,0.54,6.24,3.08,4.998,1.83,747,134657
702,GAIL,GAIL (INDIA),15.59,178.77,131.9,-68.07,31.92,1.76,23.47,33.36,Decreasing,Normal,8.33,6,0.52,9.52,3.22,4.132,2.01,747,1207553
703,HDFCAMC,HDFC AMC,15.57,5529.5,197.27,-73.68,29.71,2.03,26.8,30.1,Decreasing,Normal,8.33,9.39,0.4,7.53,1.61,6.641,1.87,747,1086465
704,ABB,ABB INDIA,15.51,5188,58.08,-71.15,32.15,1.72,21.53,33.88,Decreasing,Normal,8.33,7.07,0.46,8.07,1.74,1.806,2.03,747,3329
705,ERIS,ERIS LIFESCIENCES,15.35,1593.1,121.2,-71.14,28.31,2.48,29.09,28.16,Increasing,Normal,8.33,7.25,0.55,16.96,2.55,4.281,1.78,747,5415425
706,BIRLANU,BIRLANU,15.33,1919,-30.72,-50.99,29.58,2.38,28.73,29.76,Decreasing,Normal,0,5.13,0.49,14.16,1.88,-1.039,1.86,747,372481
707,DIVISLAB,DIVI S LABORATORIES,15.29,6489,76.2,-61.39,27.25,2.37,26.17,27.38,Decreasing,Normal,0,13.25,0.38,9.63,2.01,2.796,1.72,747,2800641
708,MONQ50,MOTILALAMC - MONQ50,15.25,103.34,108.89,-56.86,21.26,3.23,18.85,21.51,Decreasing,Normal,33.33,24.13,1.01,9.42,13.54,5.121,1.34,747,1900033
709,VOLTAS,VOLTAS,15.23,1417,57.44,-62.1,29.71,2.39,24.53,30.66,Decreasing,Normal,8.33,7.33,0.47,7.96,2.95,1.934,1.87,747,951809
710,LTTS,L&T TECHNOLOGY SER.,15.2,4309.2,22.07,-46.4,28.18,2.3,25.65,28.68,Decreasing,Normal,0,9.17,0.56,6.42,2.95,0.783,1.78,747,4752385
711,IOC,INDIAN OIL CORP,15.17,153.8,202.16,-73.37,29.73,1.79,20.72,31.24,Decreasing,Normal,8.33,9.93,0.54,5.9,4.02,6.801,1.87,747,415745
712,KAJARIACER,KAJARIA CERAMICS,15.15,1240,8.77,-51.94,27.91,2.59,29.85,27.34,Increasing,Normal,0,6.8,0.49,4.36,2.14,0.314,1.76,747,462849
713,APLAPOLLO,APL APOLLO TUBES,15.15,1737.2,52.52,-48.97,30.91,1.91,23.35,32.17,Decreasing,Normal,0,5.69,0.48,4.72,2.55,1.699,1.95,747,6599681
714,ASTRAL,ASTRAL,15.01,1423.1,-15.88,-49.78,26.8,2.22,29.19,26.29,Increasing,Normal,0,9.87,0.45,6.5,1.34,-0.593,1.69,747,3691009
715,PTL,PTL ENTERPRISES,14.98,40,30.93,-46.21,32.28,1.51,20.29,34.19,Decreasing,Normal,8.33,2.3,0.68,5.49,3.75,0.958,2.03,747,3609857
716,BAYERCROP,BAYER CROPSCIENCE,14.98,5000,7.25,-45.53,26.72,2.57,28.2,26.4,Increasing,Normal,0,9.81,0.46,9.12,2.41,0.271,1.68,747,4589313
717,VENKEYS,VENKY S (INDIA),14.97,1494,-26.48,-45.6,33.29,2.1,15.66,35.78,Decreasing,Normal,16.67,4.14,0.5,6.12,2.41,-0.795,2.1,747,961793
718,JKCEMENT,JK CEMENT,14.91,6605,158.51,-67.94,26.02,2.6,26.99,25.81,Increasing,Normal,0,12.01,0.43,5.41,1.88,6.093,1.64,747,3397121
719,HATSUN,HATSUN AGRO PRODUCT,14.84,880.95,-15.58,-43.93,30.61,2.27,20.94,32.17,Decreasing,Normal,0,4.54,0.57,11.85,3.49,-0.509,1.93,747,996353
720,RATNAMANI,RATNAMANI MET & TUB,14.81,2341,19.32,-52.59,29.19,2.41,22.47,30.35,Decreasing,Normal,8.33,6.86,0.51,12.87,2.55,0.662,1.84,747,3443457
721,M&M,MAHINDRA & MAHINDRA,14.81,3457,180.15,-69.83,27.48,2.22,25.77,27.79,Decreasing,Normal,0,8.97,0.48,7.33,2.82,6.555,1.73,747,519937
722,DEEPAKNTR,DEEPAK NITRITE,14.77,1792,-17.79,-45.41,29.28,2.03,23.51,29.99,Decreasing,Normal,0,7.44,0.41,8.87,2.01,-0.608,1.84,747,5105409
723,SANOFI,SANOFI INDIA,14.77,4698.1,-11.59,-51.06,27.97,1.73,19.91,29.24,Decreasing,Normal,8.33,12.66,0.48,30.32,2.14,-0.414,1.76,747,369153
724,SYNGENE,SYNGENE INTERNATIONAL,14.72,651,16.24,-44.3,25.88,2.27,29.51,25.09,Increasing,Normal,0,10.19,0.4,8.5,2.01,0.627,1.63,747,2622209
725,NUVOCO,NUVOCO VISTAS CORP,14.72,432.95,7.46,-39.88,26.32,2.86,24.9,26.54,Decreasing,Normal,0,9.71,0.57,11.8,3.22,0.283,1.66,747,1389057
726,ATUL,ATUL,14.61,6024.5,-31.7,-46.89,26.42,2.33,25.59,25.78,Decreasing,Normal,8.33,11.63,0.36,11.43,1.21,-1.2,1.66,747,67329
727,HINDALCO,HINDALCO  INDUSTRIES ,14.52,774.25,91.88,-51.92,29.16,1.88,20.15,30.39,Decreasing,Normal,0,6.43,0.63,7.46,4.02,3.151,1.84,747,348929
728,LUPIN,LUPIN,14.51,1959.9,172.89,-73.86,26.28,2.34,24.99,26.49,Decreasing,Normal,0,10.07,0.48,8.92,2.68,6.578,1.66,747,2672641
729,APOLLOTYRE,APOLLO TYRES,14.49,487.2,82.13,-54.95,27.87,2.34,25.07,28.25,Decreasing,Normal,0,6.41,0.47,8.08,2.95,2.947,1.76,747,41729
730,LICI,LIFE INSURA CORP OF INDIA,14.49,899,44.37,-56.62,30.08,1.6,22.45,31.4,Decreasing,Normal,16.67,4.62,0.44,5.95,3.35,1.475,1.89,747,2426881
731,JBCHEPHARM,J B CHEMICALS AND PHARMA,14.42,1676,67.6,-56.9,28.65,1.83,25.11,29.31,Decreasing,Normal,0,4.56,0.5,12.03,1.88,2.359,1.81,747,441857
732,ICRA,ICRA,14.32,6248.5,53.41,-49.58,26.3,2.35,21.2,27.2,Decreasing,Normal,0,10.1,0.61,7.39,2.28,2.031,1.66,747,3717889
733,PSUBNKBEES,NIP IND ETF PSU BANK BEES,14.12,85.87,155.95,-65.63,25.97,2.29,19.3,27.12,Decreasing,Normal,0,9.44,0.77,5.9,11.13,6.004,1.64,747,3848193
734,AUTOAXLES,AUTOMOTIVE AXLES,13.98,1722,-15.17,-43.56,27.47,2.4,22.01,28.42,Decreasing,Normal,8.33,5.94,0.47,6.74,1.21,-0.552,1.73,747,71169
735,MFSL,MAX FINANCIAL SERV,13.85,1584,109.63,-64.23,28.09,2.25,20.06,29.43,Decreasing,Normal,0,5.26,0.48,6.87,3.08,3.903,1.77,747,548353
736,NIFTY PSU BANK,NIFTY PSU BANK,13.71,7692.15,158.1,-63.78,26.94,1.47,19.28,28.23,Decreasing,Normal,8.33,9.26,0.43,5.77,1.21,5.868,1.7,747,262921
737,VGUARD,V-GUARD IND,13.63,348,39.93,-60.33,26.03,2.78,19.72,27.12,Decreasing,Normal,0,7.98,0.46,6.3,2.01,1.534,1.64,747,3932673
738,MAFANG,MIRAEAMC - MAFANG,13.58,171.9,332.13,-80.28,25.67,0.79,23.75,26,Decreasing,Normal,8.33,3.63,0.99,18.57,14.21,12.939,1.62,747,897793
739,SKFINDIA,SKF INDIA,13.57,4880,3.3,-51.82,25.81,2.08,23.23,26.27,Decreasing,Normal,8.33,6.08,0.53,11.56,3.22,0.128,1.63,747,815617
740,3MINDIA,3M INDIA,13.56,29600,21.79,-47.87,26.98,1.86,18.41,28.32,Decreasing,Normal,8.33,7.87,0.46,3.5,1.21,0.807,1.7,747,121345
741,ACC,ACC,13.49,1881.1,-19.95,-44.01,28.7,1.55,18.28,30.37,Decreasing,Normal,16.67,4.48,0.42,9.14,1.61,-0.695,1.81,747,5633
742,FEDERALBNK,FEDERAL BANK,13.44,209,72.73,-45.41,24.93,1.73,21.23,25.62,Decreasing,Normal,0,9.82,0.47,6.11,1.74,2.917,1.57,747,261889
743,PAGEIND,PAGE INDUSTRIES,13.42,41415,-21.21,-39.15,23.23,2.29,23.18,23.12,Increasing,Normal,0,12.64,0.34,10,0.4,-0.913,1.46,747,3689729
744,IRCTC,INDIAN RAIL TOUR CORP,13.42,714.9,-1.46,-51.08,27.53,1.3,19.6,28.84,Decreasing,Normal,16.67,6.27,0.41,8.14,2.14,-0.053,1.73,747,3484417
745,NILKAMAL,NILKAMAL,13.32,1576.8,-23.18,-46.74,26.68,2.01,22.63,27.42,Decreasing,Normal,16.67,3.19,0.5,8.91,1.74,-0.869,1.68,747,619777
746,SBICARD,SBI CARDS & PAY SER,13.26,916.75,3.7,-36.92,22.82,2.31,27.6,21.75,Increasing,Normal,0,8.38,0.45,10,2.41,0.162,1.44,747,4600577
747,SRF,SRF,13.23,3005.1,18.35,-38.65,25.2,1.86,22.02,25.38,Decreasing,Normal,8.33,7.71,0.42,9.97,1.47,0.728,1.59,747,837889
748,TVSMOTOR,TVS MOTOR COMPANY ,13.17,3486.4,226.93,-73.14,25.96,1.87,23.13,26.48,Decreasing,Normal,0,4.27,0.45,8.91,2.68,8.743,1.64,747,2170625
749,BAJAJ-AUTO,BAJAJ AUTO,12.94,8943,157.76,-72.48,24.59,1.93,22.8,24.9,Decreasing,Normal,8.33,6.63,0.39,5.12,2.01,6.415,1.55,747,4267265
750,BATAINDIA,BATA INDIA,12.89,1168.6,-33.98,-45.33,21.42,2.52,24.45,20.77,Increasing,Normal,8.33,11.74,0.36,4.97,1.21,-1.586,1.35,747,94977
751,TECH,BIRLASLAMC - TECH,12.86,37.92,34.09,-46.49,19.61,2.55,20.13,19.52,Increasing,Normal,0,10.96,1.13,9.74,19.84,1.738,1.24,747,1654273
752,NIFTY MEDIA,NIFTY MEDIA,12.84,1560.9,-26.83,-46.41,25.38,1.64,18.85,26.48,Decreasing,Normal,8.33,6.94,0.44,8.25,0.94,-1.057,1.6,747,263945
753,DABUR,DABUR INDIA,12.72,489.6,-8.31,-35.52,20.59,2.14,20.55,20.6,Decreasing,Normal,0,16.01,0.34,6.24,1.47,-0.404,1.3,747,197633
754,MASPTOP50,MIRAEAMC - MASPTOP50,12.64,69.51,170.47,-64.74,23.95,1.05,18.76,24.76,Decreasing,Normal,16.67,4.53,0.98,5.7,13.4,7.118,1.51,747,1480193
755,NIFTY HIGHBETA 50,NIFTY HIGHBETA 50,12.28,3851.4,81.54,-54.34,22.59,1.28,19.75,23.11,Decreasing,Normal,8.33,5.83,0.81,13.25,8.45,3.609,1.42,747,405769
756,ITBEES,NIP IND ETF IT,12.2,38.75,29.64,-44.61,18.99,2.64,20.08,18.78,Increasing,Normal,0,11.03,0.81,9.64,13,1.561,1.2,747,4885505
757,BAJAJFINSV,BAJAJ FINSERV,12.12,2008.5,19.89,-43.09,23.12,1.64,21.25,23.43,Decreasing,Normal,0,5.92,0.41,4.04,1.47,0.86,1.46,747,4268801
758,UNITDSPR,UNITED SPIRITS,12.11,1336.3,55.44,-57.03,23.4,1.85,20.45,23.91,Decreasing,Normal,0,5.1,0.44,5.4,1.88,2.369,1.47,747,2674433
759,74GS2062-GS,GOI LOAN  7.4% 2062,12.04,102.98,4.23,-16.51,21.83,1.47,18.23,22.44,Decreasing,Normal,10,5.22,0.97,5.01,19.81,0.194,1.38,647,2811137
760,IT,KOTAKMAMC - KOTAKIT,11.96,38.69,38.08,-45.45,18.72,2.78,20.2,18.41,Increasing,Normal,0,11.04,0.69,8.94,5.23,2.035,1.18,747,672513
761,APOLLOHOSP,APOLLO HOSPITALS ENTER. L,11.93,7690,75.77,-48.33,22.02,1.54,21.11,22.21,Decreasing,Normal,0,7.83,0.37,5,1.34,3.441,1.39,747,40193
762,EICHERMOT,EICHER MOTORS,11.84,6974,101.5,-60.18,24.28,1.75,18.35,25.27,Decreasing,Normal,0,3.39,0.4,5,2.01,4.181,1.53,747,232961
763,LT,LARSEN & TOUBRO,11.79,3779,98.37,-53.12,23.4,1.55,18.14,24.29,Decreasing,Normal,8.33,5.6,0.4,6.48,1.61,4.204,1.47,747,2939649
764,CPSEETF,CPSE ETF,11.39,93.55,153.73,-68.76,20.73,2.46,13.18,21.87,Decreasing,Normal,16.67,2.81,1.22,5.93,22.92,7.414,1.31,747,595969
765,PGHH,P&G HYGIENE & HEALTH CARE,11.34,14253,2.95,-37.11,19.39,2.21,17.54,19.74,Decreasing,Normal,8.33,11.8,0.32,3.65,0.67,0.152,1.22,747,648961
766,TORNTPHARM,TORRENT PHARMACEUTICALS L,11.23,3545.7,126.1,-61.84,21.44,1.98,19.95,21.74,Decreasing,Normal,0,4.53,0.37,6.98,1.61,5.882,1.35,747,900609
767,NIFTY200 ALPHA 30,NIFTY200 ALPHA 30,10.91,25191.6,89.65,-58.46,20.14,1.08,16.27,20.79,Decreasing,Normal,8.33,7.56,0.57,7.05,3.62,4.451,1.27,747,294409
768,NEXT50IETF,ICICIPRAMC - ICICINXT50,10.91,72.07,77.03,-54.56,15.56,1.65,13.68,15.9,Decreasing,Normal,0,3.71,2.09,14.89,53.89,4.951,0.98,747,1159425
769,UTINEXT50,UTIAMC - UTINEXT50,10.86,73.78,64.43,-53.69,20.62,1.83,14.01,21.69,Decreasing,Normal,8.33,3.86,0.83,7.38,8.45,3.125,1.3,747,5498369
770,MIDSELIETF,ICICI PRUD MIDCAP SEL ETF,10.78,17.89,77.83,-55.6,15.62,2.79,15.29,15.65,Decreasing,Normal,16.67,6.03,1.46,21.59,32.04,4.984,0.98,747,4531713
771,NIFTY200 VALUE 30,NIFTY200 VALUE 30,10.78,13536.9,141.45,-61.96,20.45,1,14.99,21.34,Decreasing,Normal,8.33,5.22,0.75,13.15,6.84,6.916,1.29,747,408841
772,BHARTIARTL,BHARTI AIRTEL,10.71,1940,147.15,-64.03,20.17,1.46,18.49,20.45,Decreasing,Normal,0,5.21,0.45,4.1,1.34,7.297,1.27,747,2714625
773,NIFTY PSE,NIFTY PSE,10.67,9907.5,143.95,-66.1,22.56,1.09,14.67,23.79,Decreasing,Normal,8.33,3.24,0.4,7.18,1.34,6.38,1.42,747,262665
774,RELIANCE,RELIANCE INDUSTRIES,10.59,1380.7,20.46,-35.42,20.28,1.26,19.03,20.45,Decreasing,Normal,0,4.58,0.4,6.02,1.34,1.009,1.28,747,738561
775,JUNIORBEES,NIP IND ETF JUNIOR BEES,10.57,736,63.92,-53.66,15.52,2.33,14.04,15.79,Decreasing,Normal,0,3.8,1.73,13.01,42.9,4.119,0.98,747,2800385
776,MOM100,MOTILAL OS MIDCAP100 ETF,10.48,63.09,86.33,-53.51,15.58,2,15.71,15.52,Increasing,Normal,8.33,5.54,1.42,12.91,26.54,5.539,0.98,747,5484289
777,NIFTY SMLCAP 50,NIFTY SMLCAP 50,10.47,8681.3,100.27,-58.08,19.36,1.11,17.41,19.66,Decreasing,Normal,0,7.06,0.42,9.89,1.07,5.181,1.22,747,266761
778,TNIDETF,TATAAML - TNIDETF,10.38,95.18,66.98,-51.71,16.95,2.34,17.23,16.85,Increasing,Normal,0,6.75,0.75,11.53,8.31,3.951,1.07,747,2273793
779,ICICIB22,ICICIPRAMC - BHARATIWIN,10.31,112.53,105.12,-60.48,16.7,1.52,11.84,17.48,Decreasing,Normal,8.33,3.36,1.62,13.05,31.23,6.296,1.05,747,133633
780,NESTLEIND,NESTLE INDIA,10.29,1198.6,25.51,-35.64,18.66,1.66,19.55,18.48,Increasing,Normal,0,6.38,0.29,4.52,0.67,1.367,1.18,747,4598529
781,NIFTY MID LIQ 15,NIFTY MID LIQ 15,10.25,15555.85,107.5,-55.78,18,1.24,19.11,17.71,Increasing,Normal,8.33,7.68,0.39,7.82,1.21,5.973,1.13,747,270601
782,736GS2052-GS,GOI LOAN  7.36% 2052,10.21,103,4.57,-17.3,15.77,1.36,27.11,12.93,Increasing,High,10,3.37,0.76,5,9.77,0.29,0.99,605,2798337
783,NIFTY SMLCAP 100,NIFTY SMLCAP 100,10.18,18124.25,88.86,-55.97,19.24,1.04,16.46,19.68,Decreasing,Normal,0,6.22,0.42,10.14,1.21,4.619,1.21,747,267017
784,667GS2050-GS,GOI LOAN  6.67% 2050,10.18,95.8,3.02,-14.2,18.67,0.87,14.17,19.35,Decreasing,Normal,0,5.29,0.84,4.98,15.12,0.162,1.18,616,244737
785,PIDILITIND,PIDILITE INDUSTRIES,10.13,1507,14.85,-34.11,19.04,1.68,15.82,19.63,Decreasing,Normal,0,6.48,0.34,4.26,1.21,0.78,1.2,747,681985
786,LOWVOL1,KOTAKMAMC - KOTAKLOVOL,9.9,21.22,61.49,-46.6,17.55,2.19,10.29,18.67,Decreasing,Normal,16.67,4.89,1.01,20.15,21.31,3.504,1.11,747,2209793
787,HDFCGOLD,HDFC GOLD ETF,9.89,103.86,128.36,-58.65,12.36,2.41,15.97,11.26,Increasing,Normal,8.33,14.89,0.76,4.99,13.54,10.387,0.78,747,5003009
788,NIFTY OIL AND GAS,NIFTY OIL AND GAS,9.78,11455.85,50.37,-49.12,19.78,1.01,14.61,20.63,Decreasing,Normal,8.33,4.07,0.38,6.5,0.94,2.547,1.25,747,289033
789,GOLDSHARE,UTI GOLD ETF,9.76,102,130.77,-59.7,12.4,2.4,15.93,11.32,Increasing,Normal,8.33,14.76,0.69,8.89,9.79,10.547,0.78,747,3720961
790,ABSLNN50ET,BIRLASLAMC - ABSLNN50ET,9.75,71.64,64.16,-54.27,16.76,1.73,13.72,17.3,Decreasing,Normal,0,3.81,1.02,17.28,15.42,3.828,1.06,747,1878785
791,AUTOBEES,NIPPONAMC - NETFAUTO,9.73,274.87,112.76,-59.52,16.26,2.32,16.76,16.1,Increasing,Normal,0,4.31,0.76,6.04,9.65,6.937,1.02,747,2017281
792,MAKEINDIA,MIRAEAMC - MAMFGETF,9.6,152.98,61.03,-58.21,14.42,1.47,13.48,14.51,Decreasing,Normal,8.33,3.9,1.51,17.93,37.27,4.233,0.91,747,2042625
793,PHARMABEES,NIPPONAMC - NETFPHARMA,9.5,22.8,70.4,-53.1,14.25,2.6,13.54,14.33,Decreasing,Normal,0,6.25,1.05,5.59,20.51,4.941,0.9,747,1273089
794,AXISHCETF,AXISAMC - AXISHCETF,9.45,150.09,80.83,-58.75,15.67,1.93,13.34,16.07,Decreasing,Normal,0,6,0.84,12.53,12.6,5.159,0.99,747,923649
795,IDFNIFTYET,BANDHANAMC - IDFNIFTYET,9.39,277.91,47.91,-41.11,17.99,1.24,10.11,19.03,Decreasing,Normal,8.33,3.74,0.85,13.11,14.77,2.663,1.13,746,4808449
796,BFSI,MIRAEAMC - MAFSETF,9.39,27.75,55.2,-39.55,14.23,2.43,12.65,14.49,Decreasing,Normal,8.33,3.66,1.33,14.36,30.56,3.88,0.9,747,1336321
797,ITC,ITC,9.27,402.4,41,-40.42,17.95,1.17,14.7,18.52,Decreasing,Normal,0,4.73,0.36,9.37,0.94,2.283,1.13,747,424961
798,876HUDCO28-ND,876HUDCO28-ND,9.16,1083.5,-12.76,-15.57,12.14,1.15,22.79,8.96,Increasing,High,20,12.81,0.31,7.58,0.76,-1.052,0.76,656,5111809
799,985ECL28-NK,985ECL28-NK,9.13,998,2.57,-24,16.37,1.05,16.79,16.3,Increasing,Normal,0,2.03,0.77,19.27,8.33,0.157,1.03,625,1098753
800,MIDCAPIETF,ICICIPRAMC - ICICIM150,8.97,22.4,84.82,-52.62,15.5,1.65,14.84,15.6,Decreasing,Normal,0,4.82,0.62,7.44,7.24,5.472,0.98,747,4390913
801,NIFTY EV,NIFTY EV & NEW AGE AUTOMOTIVE,8.95,3093.5,73.71,-53.51,15.46,1.03,15.78,15.32,Increasing,Normal,8.33,5.52,0.59,7.41,3.49,4.767,0.97,747,405513
802,LOWVOLIETF,ICICI PR NIF LW VL 30 ETF,8.93,22.46,60.43,-45.45,10.3,1.86,10.01,10.34,Decreasing,Normal,0,5.14,2.06,18.99,51.74,5.867,0.65,747,5441025
803,MIDQ50ADD,DSPAMC - DSPQ50ETF,8.93,250,46.22,-43.91,14.04,1.92,13.35,14.13,Decreasing,Normal,8.33,6.56,0.82,7.05,15.68,3.291,0.88,747,1908737
804,10IIFL28-N4,10IIFL28-N4,8.91,990.97,-0.75,-21.5,16.66,0.76,16.97,16.61,Increasing,Normal,0,2.2,0.57,9,6.7,-0.045,1.05,688,1334273
805,NIFTY MOBILITY,NIFTY MOBILITY,8.85,22716.6,107.4,-57.51,16.03,0.96,15.3,16.13,Decreasing,Normal,0,3.56,0.63,6.42,4.16,6.699,1.01,747,406281
806,NETF,TATAAML - NETF,8.66,272.12,47.91,-39.51,14.68,1.74,11.65,15.18,Decreasing,Normal,8.33,3.06,0.99,9.9,10.32,3.264,0.92,747,2006529
807,SETFNN50,SBI-ETF NIFTY NEXT 50,8.6,729,64.03,-53.35,15.63,1.49,13.56,16,Decreasing,Normal,0,3.83,0.56,8.15,7.51,4.097,0.98,747,1882369
808,INFRAIETF,ICICIPRAMC - ICICIINFRA,8.52,94.44,83.74,-50.25,15.43,1.3,12.67,15.87,Decreasing,Normal,8.33,3.65,0.67,6.7,7.37,5.428,0.97,747,2745089
809,SHARIABEES,NIP IND ETF SHARIAH BEES,8.43,498.25,23.63,-38.48,13.13,1.7,11.71,13.39,Decreasing,Normal,8.33,6.82,0.81,12.09,7.64,1.8,0.83,747,4363265
810,NIFTY HOUSING,NIFTY HOUSING,8.39,11709.55,48.83,-41.45,15.64,0.84,13.08,16.06,Decreasing,Normal,8.33,3.62,0.58,9.73,2.82,3.122,0.99,747,410889
811,NIFTY MULTI INFRA,NIFTY MULTI INFRA,8.37,14128.05,82.12,-49.76,15.76,0.83,13.4,16.17,Decreasing,Normal,8.33,3.88,0.49,6.37,1.47,5.209,0.99,747,295433
812,PVTBANIETF,ICICIPRAMC - ICICIBANKP,8.26,27.98,38.86,-33.48,13.71,1.7,12.78,13.86,Decreasing,Normal,0,5.31,0.65,4.01,7.51,2.834,0.86,747,2914817
813,BANKNIFTY1,KOTAKMAMC-KOTAKBKETF,8.1,586.33,48.45,-39.87,13.91,1.15,13.64,13.96,Decreasing,Normal,0,4.59,0.6,6,6.3,3.482,0.88,747,1497857
814,UTISENSETF,UTIAMC - UTISENSETF,8.03,907.84,46.43,-43.95,14.68,1.19,10.5,15.36,Decreasing,Normal,8.33,3.5,0.7,8.64,6.3,3.163,0.92,747,2691841
815,NIFTY MULTI MFG,NIFTY MULTI MFG,8.02,15686.85,80.91,-50.12,14.56,0.88,13.28,14.68,Decreasing,Normal,0,4.62,0.47,7.45,1.07,5.559,0.92,747,295177
816,EQUAL50ADD,DSPAMC - DSPNEWETF,7.85,336,71.4,-44.7,14.42,1.27,10.96,14.96,Decreasing,Normal,8.33,3.44,0.6,9.14,7.37,4.951,0.91,747,1691137
817,NIFTYIETF,ICICI PRUD NIFTY ETF,7.83,284.11,43.23,-47.39,11.58,1.8,10.79,11.68,Decreasing,Normal,8.33,3.54,1.15,12.99,25.74,3.733,0.73,747,7565569
818,NIFTY BANK,NIFTY BANK,7.75,56620.95,46.53,-33.3,14.69,0.86,12.15,15.13,Decreasing,Normal,8.33,4.36,0.36,4.21,0.67,3.167,0.93,747,260105
819,IRBINVIT-IV,IRB INVIT FUND,7.72,63.32,2.66,-33.18,13.64,1.27,15.73,13.14,Increasing,Normal,8.33,2.42,0.46,3.35,1.07,0.195,0.86,747,5329153
820,865TCAPS27-N8,865TCAPS27-N8,7.72,1020,-2.86,-14.07,14.29,0.78,14.93,14.17,Increasing,Normal,22.22,2.8,0.4,9.27,2.5,-0.2,0.9,600,5426433
821,865IRFC29-NA,865IRFC29-NA,7.71,1125.69,-8.1,-21.58,14.79,1.02,10.3,15.53,Decreasing,Normal,0,2.21,0.63,8.85,7.39,-0.548,0.93,745,154369
822,810IRFC27-N2,810IRFC27-N2,7.68,1037,-6.58,-12.83,10.49,0.83,12.42,10.08,Increasing,Normal,20,14.11,0.29,7.17,0.79,-0.627,0.66,633,7968769
823,AXISBNKETF,AXISAMC - AXISBNKETF,7.57,582,50.35,-34.38,13.77,0.95,11.56,14.14,Decreasing,Normal,0,4.14,0.5,4.5,3.75,3.657,0.87,747,267265
824,CONSUMIETF,ICICIPRAMC - ICICICONSU,7.54,127,54.92,-53.9,12.53,1.37,11.9,12.64,Decreasing,Normal,0,4.13,0.67,17.86,11.39,4.382,0.79,747,1650177
825,MOM50,MOTILAL OSWAL M50 ETF,7.53,262.53,50.47,-39.81,13.21,1.65,11.07,13.56,Decreasing,Normal,8.33,3.33,0.6,14.05,6.43,3.821,0.83,747,4937985
826,AXISNIFTY,AXISAMC - AXISNIFTY,7.48,277.23,51.09,-37.85,11.22,1.68,10.83,11.23,Decreasing,Normal,0,3.51,1.02,3.01,17.96,4.555,0.71,747,5440513
827,FMCGIETF,ICICIPRAMC - ICICIFMCG,7.47,58.73,31.68,-40.87,12.3,1.3,11.33,12.48,Decreasing,Normal,0,5.13,0.63,7.18,4.96,2.576,0.77,747,1358337
828,901HUDCO34-NE,901HUDCO34-NE,7.4,1330,-6.2,-15.37,12.42,1.09,15.44,11.68,Increasing,Normal,0,3.86,0.44,7.47,1.79,-0.499,0.78,673,5112321
829,ESG,MIRAEAMC - MAESGETF,7.27,42.97,50.3,-38.62,12.37,1.19,12.08,12.39,Decreasing,Normal,0,4.51,0.51,12.04,4.69,4.067,0.78,747,307201
830,NIFTY100 ENH ESG,NIFTY100 ENHANCED ESG,7.21,5048.75,47.38,-40.18,12.53,0.77,12.42,12.51,Decreasing,Normal,0,4.42,0.49,5.47,1.61,3.782,0.79,747,408585
831,79NHIT40-N2,79NHIT40-N2,7.16,313,4.33,-11.33,10.24,1.93,16.41,8.83,Increasing,High,9.09,4.71,0.49,4.86,3.27,0.423,0.65,674,2986241
832,764IRFC31-NO,764IRFC31-NO,7.15,1096,-5.11,-10.23,9.65,0.77,12.13,9.14,Increasing,Normal,20,12.59,0.31,6.03,0.48,-0.529,0.61,621,3883009
833,PGINVIT-IV,POWERGRID INFRA. INVITS,7.14,95.23,-32.16,-47.21,12.6,1.08,14.79,11.99,Increasing,Normal,8.33,2.98,0.36,4.6,1.07,-2.552,0.79,747,894465
834,ALPL30IETF,ICICIPRAMC - ICICIALPLV,7.09,27.47,57.42,-50.72,12.01,1.36,10.57,12.26,Decreasing,Normal,0,4.64,0.54,19.81,6.84,4.781,0.76,747,5720065
835,NIFTYETF,MIRAEAMC - MAN50ETF,7.05,272.76,50.72,-37.96,12.03,1.17,11.16,12.14,Decreasing,Normal,8.33,3.46,0.62,12.44,7.37,4.216,0.76,747,1626369
836,HDFCSENSEX,HDFCAMC - HDFCSENSEX,7.05,92.5,46.36,-38.24,11.95,1.28,10.46,12.2,Decreasing,Normal,0,3.5,0.66,8.23,6.03,3.879,0.75,747,2967809
837,CONSUMBEES,NIP IND ETF CONSUMPTION,7.05,136.7,59.4,-48.31,11.37,1.24,11.74,11.28,Increasing,Normal,8.33,4.44,0.61,7.91,6.17,5.224,0.72,747,623361
838,NIFTY 500,NIFTY 500,7.03,23331,57.04,-42.31,13.03,0.73,11.99,13.18,Decreasing,Normal,8.33,4.1,0.32,6.16,0.67,4.379,0.82,747,268041
839,NIFTY TOP 10 EW,NIFTY TOP 10 EQUAL WEIGHT,6.96,9554.8,37.64,-31.86,12.1,0.81,12.02,12.08,Decreasing,Normal,0,4.06,0.48,4.68,1.21,3.112,0.76,747,407561
840,NIF100BEES,NIP IND ETF NIFTY 100,6.84,274.05,49.76,-41.03,11.48,1.24,11.04,11.52,Decreasing,Normal,0,3.4,0.6,18.95,5.76,4.334,0.72,747,7571713
841,NIFTY50 EQL WGT,NIFTY50 EQL WGT,6.71,32353.6,64.22,-43.36,12.5,0.74,11.68,12.6,Decreasing,Normal,8.33,3.58,0.3,5.74,0.4,5.138,0.79,747,271625
842,HDFCNIFTY,HDFCAMC - HDFCNIFTY,6.7,282.75,50.81,-39.82,11.04,1.04,10.97,11,Decreasing,Normal,8.33,3.59,0.63,7.6,8.31,4.603,0.7,747,2967297
843,NIFTY50 TR 1X INV,NIFTY50 TR 1X INV,6.58,167.6,-24.35,-31.95,12.14,0.72,11.31,12.25,Decreasing,Normal,8.33,3.84,0.3,5.06,0.4,-2.005,0.76,747,259593
844,NIFTY 50,NIFTY 50,6.58,25278.2,47.87,-35.96,12.16,0.71,11.42,12.25,Decreasing,Normal,8.33,3.68,0.31,5,0.4,3.936,0.77,747,256265
845,QNIFTY,QUANTUM NIFTY 50 ETF,6.46,2760,51.23,-38.51,11.37,0.69,11.23,11.35,Decreasing,Normal,8.33,3.68,0.43,9,4.96,4.506,0.72,747,4305665
846,9MMFSML-N2,9MMFSML-N2,6.42,1035.77,-2.56,-11.94,12.18,0.34,13.62,11.94,Increasing,Normal,20,1.24,0.35,10.13,2.35,-0.21,0.77,640,5132289
847,NIFTY QLTY LV 30,NIFTY QUALITY LOW VOLATILITY 30,6.33,17329.65,42.3,-39.57,10.62,0.79,10.07,10.69,Decreasing,Normal,0,5.1,0.44,5.25,0.4,3.983,0.67,747,407049
848,769NHAI31-NE,769NHAI31-NE,6.03,1099.8,-4.23,-13.17,8.97,0.56,11.59,8.35,Increasing,Normal,16.67,7.79,0.28,6.22,0.54,-0.472,0.56,746,3719425
849,INDIGRID-IV,INDIGRID INFRASTRUCT TRST,5.85,168.5,16.21,-27.5,10.3,1.31,10.26,10.26,Increasing,Normal,0,2,0.4,5.1,0.67,1.574,0.65,747,5372929
850,901NHB34-N6,901NHB34-N6,5.61,6550,-5.07,-23.27,9.77,1.08,8.87,9.94,Decreasing,Normal,9.09,3.21,0.37,12.33,2.02,-0.519,0.62,694,8184321
851,943ECL28-NJ,943ECL28-NJ,5.48,994,1.64,-17.89,9.18,0.85,10.11,8.98,Increasing,Normal,0,1.86,0.51,12.89,2.42,0.178,0.58,661,1097729
852,LICNETFGSC,LICNAMC - LICNMFET,5.21,28.59,29.07,-26.97,9.75,1.02,3.1,10.59,Decreasing,Normal,16.67,0.99,0.77,5.34,9.79,2.982,0.61,747,1551873
853,726GS2032-GS,GOI LOAN  7.26% 2032,4.9,104.4,4.15,-11.83,8.31,0.77,10.07,7.96,Increasing,Normal,9.09,1.69,0.35,4.77,1.91,0.499,0.52,682,2744833
854,739NHAI26-N8,739NHAI26-N8,4.9,1038,-6.23,-13.03,10.81,0.29,4.55,11.67,Decreasing,Normal,30,1.09,0.32,5.32,1.4,-0.577,0.68,644,3059713
855,710GS2029-GS,GOI LOAN 7.10% 2029,4.8,106.01,3.93,-10.59,8.62,0.43,7.22,8.87,Decreasing,Normal,16.67,2.1,0.43,4.99,4.01,0.456,0.54,724,2316033
856,GSEC5IETF,ICICIPRAMC - ICICI5GSEC,4.74,63.6,25.94,-25.86,9.08,0.65,4.72,9.71,Decreasing,Normal,8.33,1.61,0.48,9.7,5.83,2.858,0.57,739,2135553
857,79NHIT35-N1,79NHIT35-N1,4.52,318.01,6,-13.77,7.36,1.61,7.68,7.3,Increasing,Normal,9.09,1.38,0.38,2.63,2.55,0.816,0.46,708,2984449
858,871REC28-N9,871REC28-N9,4.13,1162.31,-7.39,-15.34,8.72,0.39,4.19,9.37,Decreasing,Normal,27.27,1.59,0.24,12.76,0.56,-0.847,0.55,713,7933441
859,764NABAR31-N2,764NABAR31-N2,3.99,1131.99,-4.23,-20.32,8.49,0.32,4.38,9.1,Decreasing,Normal,27.27,0.55,0.3,17.7,1.16,-0.498,0.53,689,5128705
860,EBBETF0430,EDELAMC - EBBETF0430,3.77,1546.4,27.17,-34.43,3.11,1.22,2.41,3.22,Decreasing,Normal,16.67,1.24,1.3,16.16,32.17,8.739,0.2,747,4160769
861,96IIFL28-N5,96IIFL28-N5,3.45,987.3,-1.39,-11.07,6.91,0.4,4.72,7.27,Decreasing,Normal,8.33,1,0.22,1.92,0,-0.201,0.44,746,1334785
862,96IIFL28A-NF,96IIFL28A-NF,3.43,987.2,-1.87,-15.32,6.3,0.76,5.04,6.52,Decreasing,Normal,0,0.95,0.26,12.69,0.54,-0.296,0.4,745,736513
863,LTGILTBEES,NIP IND ETF LONGTERM GILT,2.32,28.97,28.93,-31.55,2.86,0.68,2.61,2.9,Decreasing,Normal,0,0.72,0.52,4.53,10.32,10.131,0.18,747,4531201
864,GILT5YBEES,RELCAPAMC - NETFGILT5Y,2.22,63.14,28.18,-32.38,2.57,0.79,2.21,2.63,Decreasing,Normal,16.67,1.5,0.45,15.17,7.1,10.956,0.16,747,812033
865,BBETF0432,EDELAMC - BBETF0432,1.92,1299.53,29.05,-36.32,3.01,0.42,2.56,3.09,Decreasing,Normal,8.33,1.44,0.2,3,2.28,9.659,0.19,747,1842177
