Rank,Symbol,Name,Average Price,Current Price,Max Daily Fluctuation %,Min Daily Fluctuation %,Avg Daily Fluctuation %,Year High,Year Low,Yearly Range %,Total Days,Token
1,3IINFO-RE-BE,"3I INFOTECH",1.79,1.59,56.10,14.94,28.24,3.00,1.26,97.07,4,194587393
2,837REC33-N7,"837REC33-N7",34896.55,34000.00,49.10,0.00,26.11,58000.00,19370.00,110.70,11,7932417
3,94SCL27-ZG,"94SCL27-ZG",912.81,855.62,16.37,10.37,13.37,970.00,811.25,17.39,2,6129153
4,835SCL23A-YH,"835SCL23A-YH",1024.21,1024.21,12.13,12.13,12.13,1024.21,900.00,12.13,1,5382657
5,JAINREC,"JAIN RESOURCE RECYCLING L",324.79,348.00,22.16,4.18,11.95,356.60,247.57,33.57,7,194366465
6,950ISF27-N0,"950ISF27-N0",75413.76,72900.00,33.33,0.00,11.85,89209.83,59473.22,39.43,6,7560449
7,GVPTECHPP-E1,"GVPTECH RE.1 PPD UP",4.95,4.47,21.24,0.00,10.30,6.00,3.82,44.06,45,194082817
8,FINKURVE,"FINKURVE FINANCIAL SERV L",119.17,123.00,18.09,7.24,10.08,134.90,105.00,25.09,7,194365185
9,INDIA VIX,"INDIA VIX",14.08,10.15,41.38,2.57,9.90,23.19,9.40,97.95,250,264969
10,SOLARWORLD,"SOLARWORLD ENERGY SOL",321.52,327.00,21.02,3.38,7.96,388.50,295.35,28.97,8,194541825
11,RNBDENIMS,"R&B DENIMS",116.17,127.02,27.64,1.98,7.87,136.80,97.55,33.79,26,194299137
12,JARO,"JARO INS OF TEC MG N RE L",728.49,713.50,23.17,4.19,7.66,890.00,675.50,29.44,8,194547457
13,1025SCL34Z-N1,"1025SCL34Z-N1",928.36,921.00,47.71,0.00,7.59,1170.00,650.00,56.01,17,7406849
14,GKENERGY,"GK ENERGY",175.17,193.10,12.05,4.23,7.49,197.35,155.16,24.09,10,194316289
15,SGL,"STL GLOBAL",15.08,14.50,19.48,0.47,7.42,20.89,10.04,71.94,250,3421953
16,990SCL26I-AV,"990SCL26I-AV",581.67,570.00,20.63,0.00,7.36,700.00,516.00,31.63,6,4483841
17,PACEDIGITK,"PACE DIGITEK",217.85,223.80,11.01,4.88,7.32,231.95,206.39,11.73,5,194391553
18,1015SCL28A-AL,"1015SCL28A-AL",811.16,699.60,27.90,0.00,7.29,1000.00,699.60,37.03,18,3765761
19,GLOTTIS,"GLOTTIS",82.91,81.50,14.13,3.81,7.22,93.00,81.00,14.47,4,194589697
20,GCSL,"GRETEX CORPORATE SERVICES",266.61,229.25,16.64,2.38,7.14,333.30,229.00,39.12,26,194300417
21,740IIFCL33-N1,"740IIFCL33-N1",1186.33,1170.00,45.45,0.00,7.10,1600.00,1094.10,42.64,52,5133313
22,LYPSAGEMS,"LYPSA GEMS & JEWEL",7.15,6.66,24.06,0.00,7.08,10.93,5.35,78.03,250,8055809
23,VCL,"VAXTEX COTFAB",0.90,1.02,28.05,0.00,6.98,1.31,0.60,78.90,250,2309121
24,GLOBALE,"GLOBALE TESSILE",20.83,13.27,15.33,0.44,6.98,37.62,12.04,122.78,250,6382593
25,CINEVISTA,"CINEVISTA",17.31,17.93,24.09,1.95,6.97,24.88,13.21,67.42,250,2054145
26,DNAMEDIA,"DILIGENT MEDIA CORP",5.16,4.57,20.40,0.00,6.97,7.17,4.00,61.48,250,164097
27,TIGERLOGS,"TIGER LOGISTICS (INDIA) L",47.78,44.50,15.58,3.07,6.96,56.69,43.78,27.02,16,194349057
28,GREENLEAF-ST,"GREENLEAF ENVIROTECH",136.20,139.50,8.78,5.08,6.93,139.50,127.25,8.99,2,194413313
29,RETAIL,"JHS SVENDGAARD RETAIL V L",38.63,33.99,17.83,0.00,6.86,57.00,31.50,66.01,249,6181121
30,ANONDITA-ST,"ANONDITA MEDICARE",367.47,443.00,14.47,0.00,6.84,475.20,261.75,58.09,29,194238209
31,ALPSINDUS-BE,"ALPS INDUSTRIES",2.50,1.71,10.80,0.00,6.82,4.43,1.60,113.40,195,1951489
32,LANCORHOL,"LANCOR HOLDINGS",27.46,22.02,25.86,1.65,6.80,45.90,19.01,97.93,250,5894913
33,KHANDSE,"KHANDWALA SECURITIES",25.30,21.98,30.12,0.66,6.76,32.50,19.23,52.44,250,2468097
34,MORARJEE-BZ,"MORARJEE TEXTILES",8.59,9.30,10.56,0.00,6.76,12.80,4.56,95.93,194,6624257
35,PRAENG-BE,"PRAJAY ENG. SYN.",25.09,27.80,21.07,1.45,6.76,37.80,17.12,82.42,250,3569921
36,SAMPANN,"SAMPANN UTPADAN INDIA",31.27,31.30,18.26,0.63,6.70,47.88,24.16,75.85,250,6989569
37,SCLZC26A-NF,"SCLZC26A-NF",2032.31,2114.50,19.24,0.00,6.70,2130.00,1675.80,22.35,6,4771329
38,GENCON,"GENERIC ENG CONS PROJ",38.78,48.59,24.96,1.40,6.69,55.92,21.96,87.58,250,560129
39,ACEINTEG,"ACE INTEGRATED SOLU.",26.88,23.98,18.21,1.15,6.67,37.34,20.00,64.52,250,3015425
40,CLASSICEIL-SM,"CLASSIC ELECTRODE (IND) L",93.91,92.50,19.36,2.99,6.66,113.90,80.50,35.57,29,194236417
41,TECHD-ST,"TECHD CYBERSECURITY",540.59,643.25,30.06,0.00,6.64,794.00,366.70,79.04,14,194340097
42,TOUCHWOOD,"TOUCHWOOD ENTERTAIN",111.47,102.00,42.25,0.06,6.64,176.38,74.00,91.85,250,4328449
43,FABTECH-BE,"FABTECH TECHNOLOGIES",186.67,194.50,7.05,5.54,6.62,198.87,173.28,13.71,4,194592257
44,LAXMIINDIA,"LAXMI INDIA FINANCE",150.58,148.10,21.91,2.45,6.60,180.90,116.05,43.07,46,194268929
45,SMARTEN-SM,"SMARTEN POWER SYSTEMS",107.84,89.55,17.69,2.29,6.59,157.95,80.75,71.59,62,193950465
46,ONELIFECAP,"ONELIFE CAP ADVISORS",13.65,12.29,29.70,0.00,6.57,20.96,9.08,87.06,250,6525953
47,CYBERMEDIA-BE,"CYBER MEDIA (INDIA)",18.90,18.54,31.70,0.00,6.56,31.48,10.97,108.54,250,3032321
48,SYSTMTXC,"SYSTEMATIX CORP SERVICE L",144.58,148.50,12.08,4.27,6.55,151.19,126.10,17.35,5,194394881
49,SILLYMONKS,"SILLY MONKS ENTERTAIN",18.79,16.81,27.81,0.06,6.54,28.10,13.45,77.95,250,4888833
50,HAVISHA-BE,"SRI HAVISHA HOSP & INFR L",2.25,2.04,25.70,1.00,6.54,3.49,1.70,79.51,250,2154753
51,TNTELE,"TAMILNADU TELECOMMUNICATI",11.92,13.83,23.08,0.00,6.52,26.00,7.94,151.54,250,899073
52,FELDVR-BZ,"FUTURE ENTERPRISES",4.19,3.59,10.57,0.00,6.46,5.91,3.08,67.55,249,7805697
53,MANAKALUCO-BE,"MANAK ALUMINIUM CO.",27.61,29.60,19.25,1.45,6.46,35.02,17.81,62.32,250,1901313
54,SUPREME,"SUPREME HOLDIN N HOSP I L",88.62,96.89,21.38,1.09,6.45,116.50,69.11,53.48,170,7536385
55,INFOMEDIA-BE,"INFOMEDIA PRESS",6.74,7.23,10.55,0.00,6.45,9.89,5.60,63.64,177,3505665
56,BHADORA-SM,"BHADORA INDUSTRIES",102.29,92.00,17.82,1.51,6.44,128.85,85.60,42.28,42,194105601
57,INNOVANA-BE,"INNOVANA THINKLABS",437.78,502.00,23.15,0.00,6.44,649.50,270.50,86.57,248,7109889
58,PREMIER-BE,"PREMIER",3.51,3.68,10.78,0.00,6.43,4.77,2.55,63.28,211,1599489
59,COMPINFO-BZ,"COMPUAGE INFOCOM",2.13,1.64,10.90,0.00,6.42,3.53,1.26,106.34,147,5035521
60,STLNETWORK,"STL NETWORKS",27.09,28.71,23.32,1.70,6.40,35.40,20.66,54.41,26,194293249
61,SADBHIN-BE,"SADBHAV INFRA PROJ",5.27,3.89,18.62,0.00,6.39,8.51,3.22,100.44,250,2719233
62,WILLAMAGOR,"WILLIAMSON MAGOR",33.76,34.12,19.29,1.15,6.36,42.80,25.31,51.80,250,965633
63,889SCL28-NU,"889SCL28-NU",982.41,1000.00,16.34,0.00,6.35,1000.00,820.20,18.30,5,1499905
64,PAVNAIND,"PAVNA INDUSTRIES",44.31,40.30,23.47,1.69,6.32,75.95,29.35,105.16,250,4145153
65,INCREDIBLE,"INCREDIBLE INDUSTRIES",41.52,45.03,18.70,1.49,6.32,55.15,28.50,64.18,250,4481793
66,DRCSYSTEMS,"DRC SYSTEMS INDIA",22.85,19.95,29.17,0.00,6.32,34.90,16.15,82.06,250,677121
67,SCL0182025-NC,"SCL0182025-NC",845.99,870.30,19.60,0.00,6.32,979.80,819.20,18.98,4,193911809
68,BLUESTONE,"BLUESTONE JEWEL LFSTL",599.70,701.00,18.19,1.98,6.31,793.00,508.10,47.51,37,194378497
69,PROSTARM,"PROSTARM INFO SYSTEMS",185.45,194.10,16.87,1.59,6.29,253.49,108.00,78.45,91,194092289
70,ADROITINFO,"ADROIT INFOTECH",14.81,10.99,19.32,0.05,6.27,30.40,9.56,140.67,250,1267969
71,BVCL-BE,"BARAK VALLEY CEM.",44.94,50.32,20.89,0.00,6.27,69.99,34.06,79.96,250,3859713
72,NATCAPSUQ-BE,"NATURAL CAPSULES",214.35,239.00,23.42,1.25,6.26,296.00,164.00,61.58,161,7574529
73,NIBL,"NRB INDUS. BEARINGS",26.07,31.48,24.22,0.00,6.26,39.90,19.50,78.26,250,7611649
74,MGEL,"MANGALAM GLOBAL ENT",14.17,16.98,18.66,1.79,6.26,18.40,10.64,54.76,250,407809
75,CELEBRITY,"CELEBRITY FASHIONS",13.27,11.34,27.68,1.77,6.25,18.47,8.36,76.17,250,3369473
76,MADHUCON,"MADHUCON PROJECTS",8.19,7.27,17.98,0.00,6.24,13.30,5.64,93.53,250,3499777
77,NAGREEKEXP,"NAGREEKA EXPORTS",31.28,31.79,23.58,0.00,6.23,43.50,22.50,67.13,250,3763713
78,BTML,"BODHI TREE MULTIMEDIA",9.43,8.90,23.03,0.00,6.23,14.67,7.28,78.39,250,3622401
79,SINDHUTRAD,"SINDHU TRADE LINKS",22.83,26.18,21.80,1.71,6.22,39.29,13.00,115.13,250,4315905
80,RELIABLE-BE,"RELIABLE DATA SERVICE",82.37,114.00,19.97,0.00,6.22,163.91,63.15,122.32,250,6241281
81,JAIPURKURT,"NANDANI CREATION",41.39,38.43,19.81,1.18,6.22,59.00,31.91,65.45,250,1412097
82,DBSTOCKBRO,"DB (INT) STOCK BROKERS",34.79,25.49,34.85,0.91,6.22,59.88,24.95,100.39,250,7963393
83,3PLAND,"3P LAND HOLDINGS",47.80,43.16,19.69,0.00,6.20,82.06,34.05,100.43,250,664321
84,ISHANCH,"ISHAN DYES N CHEMICALS L",52.24,79.00,22.76,1.46,6.18,82.99,36.00,89.94,137,7743745
85,MCLOUD,"MAGELLANIC CLOUD",73.30,75.63,27.11,1.54,6.17,105.42,42.49,85.85,166,7547393
86,ANKITMETAL-BZ,"ANKIT MET & POW",2.58,1.90,10.62,0.00,6.17,4.99,1.75,125.80,203,6624769
87,HEADSUP,"HEADS UP VENTURES",11.05,10.75,25.85,0.00,6.17,15.50,8.66,61.89,250,4916481
88,SUVIDHAA-BE,"SUVIDHAA INFOSERVE",4.73,4.00,25.66,0.00,6.15,7.87,3.40,94.44,250,769281
89,KARMAENG-BE,"KARMA ENERGY",62.25,63.30,19.89,0.48,6.12,86.93,44.91,67.51,250,6243585
90,CREATIVEYE,"CREATIVE EYE",7.52,7.88,17.97,0.00,6.12,12.19,5.27,91.97,250,2402305
91,CCHHL,"COUNTRY CLUB HOSP HOL",18.03,17.12,20.73,1.73,6.11,26.00,13.00,72.09,250,1634561
92,GOENKA-BZ,"GOENKA DIAMOND&JEWELS",0.95,1.03,10.89,0.00,6.10,1.29,0.76,55.84,206,1282561
93,GVPTECH,"GVP INFOTECH",10.42,9.60,15.99,1.28,6.10,14.25,7.52,64.56,250,2781441
94,MAHICKRA-SM,"MAHICKRA CHEMICAL",121.71,156.00,23.11,0.00,6.10,180.00,90.00,73.95,217,726785
95,MTEDUCARE-BE,"MT EDUCARE",2.28,2.21,10.90,0.00,6.09,3.46,1.87,69.77,183,8041729
96,XTGLOBAL,"XTGLOBAL INFOTECH",38.16,40.00,18.72,1.74,6.06,52.37,28.65,62.16,250,6460161
97,DELTAMAGNT,"DELTA MANUFACTURING",86.87,74.50,19.93,0.80,6.06,136.04,55.01,93.28,250,310785
98,SECURKLOUD,"SECUREKLOUD TECH",27.58,22.49,17.44,0.00,6.06,44.15,16.35,100.81,250,2830849
99,ICDSLTD-BE,"ICDSLTD",49.81,51.70,19.93,0.00,6.05,76.00,36.00,80.30,250,2460161
100,QPOWER,"QUALITY POWER ELEC EQUP L",612.23,996.00,13.69,1.78,6.05,1082.00,267.80,132.99,155,7606017
101,RVHL-BE,"RAVINDER HEIGHTS",53.48,61.00,20.02,0.00,6.05,81.90,38.15,81.80,250,402433
102,OMAXAUTO-BE,"OMAX AUTOS",109.65,129.33,18.16,1.76,6.03,165.80,77.55,80.48,250,3616001
103,SACHEEROME-SM,"SACHEEROME",189.86,208.60,19.46,1.71,6.03,247.00,140.50,56.09,82,193896705
104,NAGREEKCAP,"NAGREEKA CAP & INFR.LTD",29.75,41.00,18.15,0.00,6.03,43.93,22.57,71.80,250,3825153
105,SECMARK,"SECMARK CONSULTANCY",119.90,106.80,18.29,0.00,6.03,174.63,75.00,83.10,250,4990977
106,ZENITHSTL,"ZENITH STEEL PIP IND",7.79,8.91,21.47,0.00,6.02,10.11,5.65,57.22,250,3727873
107,RUCHINFRA,"RUCHI INFRASTRUCTURE",9.30,7.38,29.48,1.42,6.02,14.29,6.35,85.37,250,1168897
108,MADHAV,"MADHAV MARBLE & GRANITE",47.48,42.94,21.85,1.64,6.01,68.49,37.62,65.01,250,3878657
109,COUNCODOS,"COUNTRY CONDO S",6.88,6.98,19.96,0.00,6.00,11.92,5.31,96.10,250,4348417
110,KEEPLEARN,"DSJ KEEP LEARNING",3.76,2.88,19.40,0.00,5.98,6.33,2.46,102.95,250,199169
111,EUROTEXIND,"EUROTEX INDUSTRIES",13.95,14.20,22.13,0.00,5.97,19.08,9.65,67.62,238,255745
112,VIMTALABS,"VIMTA LABS",510.32,713.65,24.17,1.33,5.97,902.65,266.50,124.66,250,3353857
113,AMBICAAGAR,"AMBICA AGAR & AROMAINDLTD",28.46,25.74,17.58,0.00,5.97,36.95,23.99,45.54,250,2942977
114,AFFORDABLE,"AFFORD ROBO & AUTO",467.06,246.80,27.84,1.78,5.96,788.50,218.00,122.15,241,6618881
115,SALSTEEL-BE,"S.A.L. STEEL",21.11,27.64,21.56,0.00,5.96,36.50,14.37,104.82,250,2979073
116,INDOUS,"INDO US BIOTECH",197.35,134.00,18.30,1.56,5.95,388.40,128.20,131.85,250,6528769
117,STALLION,"STALLION IND FLUOROCHEM L",111.60,303.50,19.85,0.00,5.95,345.50,60.00,255.83,178,7476225
118,CPEDU,"CAREER POINT EDUTECH",267.06,281.10,14.34,0.00,5.95,320.11,217.61,38.38,25,194288897
119,AHCL-BE,"ANLON HEALTHCARE",120.17,129.07,16.33,0.77,5.94,147.70,90.78,47.37,27,194296065
120,MOBIKWIK,"ONE MOBIKWIK SYSTEMS",314.71,281.35,21.30,1.37,5.94,698.30,219.20,152.23,203,7179777
121,ATLANTAELE,"ATLANTA ELECTRICALS",870.99,911.00,9.28,2.40,5.93,940.00,782.10,18.13,9,194305793
122,MGSL-ST,"MATRIX GEO SOLUTIONS",107.37,106.25,9.56,4.24,5.93,120.00,94.20,24.03,8,194546689
123,BCONCEPTS-BE,"BRAND CONCEPTS",390.95,333.60,18.97,0.50,5.93,658.80,252.10,104.03,250,1992449
124,MEDICO-BE,"MEDICO REMEDIES",51.81,50.21,27.16,0.00,5.92,79.83,37.18,82.31,250,2476289
125,HPIL,"HINDPRAKASH INDUSTRY",136.42,130.00,18.72,0.76,5.92,193.00,110.40,60.55,250,3019777
126,BILVYAPAR,"BIL VYAPAR",13.81,12.13,22.32,0.00,5.92,23.11,9.17,100.95,250,3488001
127,GARUDA,"GARUDA CONSTRUCT N ENG L",129.85,201.96,19.40,1.62,5.92,229.99,77.05,117.78,247,6604801
128,SETUINFRA-BZ,"SETUBANDHAN INFRA",0.71,0.59,12.28,0.00,5.91,1.12,0.46,92.59,229,4614145
129,AKG,"AKG EXIM",15.15,13.99,24.56,1.36,5.90,22.60,11.24,74.98,250,557057
130,WHITEFORCE-SM,"HAPPY SQUARE OUTSOURC S L",79.54,71.00,19.51,0.00,5.90,94.80,54.85,50.23,59,193962241
131,BAJAJINDEF,"INDEF MANUFACTURING",334.67,422.00,18.87,0.00,5.90,580.25,199.24,113.85,156,7597569
132,LPDC,"LANDMARK PR.DEV.CO.LTD",8.85,8.47,27.10,0.00,5.90,15.30,6.96,94.25,250,4316929
133,ADL,"ARCHIDPLY DECOR",89.02,90.99,36.18,0.00,5.89,121.77,62.00,67.14,248,62721
134,JAYNECOIND,"JAYASWAL NECO INDUSTR",43.79,70.63,24.27,1.38,5.87,75.80,28.00,109.16,250,596737
135,DCMFINSERV,"DCM FINANCIAL SERVICES LT",6.50,5.70,18.64,0.00,5.87,9.21,4.92,66.04,250,1222401
136,HBSL,"HB STOCKHOLDINGS",94.67,86.60,20.61,1.47,5.87,146.88,70.00,81.21,250,1053697
137,SHIVAMAUTO,"SHIVAM AUTO.LTD",34.36,30.37,15.92,1.98,5.86,57.33,24.80,94.66,250,3521537
138,BANKA,"BANKA BIOLOO",87.15,86.55,17.66,0.00,5.86,140.00,56.99,95.25,250,210433
139,OMKARCHEM-BZ,"OMKAR SPL CHEM",6.89,5.69,10.44,0.00,5.86,11.12,5.01,88.74,157,3459841
140,PVP-BE,"PVP VENTURES",25.74,29.90,21.18,0.00,5.86,36.98,18.30,72.56,250,1605889
141,MASTERTR,"MASTER TRUST",147.94,148.00,25.43,1.66,5.85,197.00,105.20,62.05,227,6924033
142,AKASH,"AKASH INFRA-PROJECTS",29.92,29.09,24.18,1.75,5.85,40.88,23.00,59.76,250,3458561
143,1015SCL28B-AZ,"1015SCL28B-AZ",975.14,1252.80,31.47,0.00,5.85,1316.00,812.50,51.63,13,4490753
144,FSC-BZ,"FUTURE SUPP CHAIN SOL",2.14,2.44,10.75,0.00,5.85,2.97,1.55,66.36,162,3744769
145,VASWANI-BE,"VASWANI IND",48.31,54.55,17.89,0.00,5.84,66.84,33.30,69.42,250,6488065
146,UYFINCORP,"U. Y. FINCORP",20.43,14.90,24.22,1.51,5.83,33.80,11.16,110.83,250,6560257
147,IVALUE,"IVALUE INFOSOLUTIONS",287.57,298.50,10.14,3.50,5.83,305.45,273.65,11.06,11,194314497
148,QUADFUTURE,"QUADRANT FUTURE TEK",475.62,388.55,21.37,1.52,5.83,744.00,362.10,80.30,185,7446273
149,PFOCUS,"PRIME FOCUS",129.95,168.18,21.19,0.00,5.82,203.70,85.00,91.34,250,3454977
150,ORCHASP,"ORCHASP",2.96,3.42,32.13,0.00,5.82,3.94,2.11,61.92,166,7549953
151,KMEW,"KNOWLEDGE MARINE & EN W L",1817.62,2399.00,17.68,2.10,5.82,2599.90,1264.05,73.49,225,6933505
152,NEXTMEDIA,"NEXT MEDIAWORKS",7.10,6.88,22.28,0.00,5.82,12.79,5.70,99.80,250,2525953
153,SHREEPUSHK,"SHRE PUSH CHEM & FERT",314.36,416.00,20.12,1.63,5.82,476.00,220.50,81.28,250,2710529
154,DYCL,"DYNAMIC CABLES",397.57,398.25,16.10,1.36,5.82,547.50,227.50,80.49,250,2666753
155,MODTHREAD,"MODERN THREADS INDIA",47.88,49.40,18.85,0.00,5.81,62.00,31.35,64.02,250,573697
156,BEARDSELL,"BEARDSELL",33.97,32.80,18.26,0.96,5.81,51.30,23.00,83.30,250,4590849
157,LASA-BE,"LASA SUPERGENERICS",18.80,11.30,20.33,0.00,5.80,31.40,8.16,123.59,250,5561089
158,MBLINFRA,"MBL INFRASTRUCTURE",48.00,43.50,19.54,1.80,5.80,69.98,32.51,78.06,250,4615425
159,MFML,"MAHALAXMI FABRIC MILLS LT",36.96,28.55,14.28,0.00,5.80,61.00,24.20,99.58,250,6383873
160,SATTVAENGG-SM,"SATTVA ENGINEERING CSTN L",100.83,81.85,13.35,1.71,5.80,118.90,81.10,37.49,27,194293761
161,BLBLIMITED,"BLB",16.96,15.95,19.76,1.56,5.80,24.95,13.10,69.86,250,2081793
162,NDLVENTURE-BE,"NDL VENTURES",85.81,84.04,27.58,1.66,5.79,127.70,48.94,91.79,250,3724801
163,SANGINITA,"SANGINITA CHEMICALS",12.13,10.79,25.48,1.39,5.79,18.50,8.46,82.77,250,2824193
164,SUPERSPIN,"SUPER SPINNING MILLS",11.03,9.21,20.92,0.00,5.78,16.67,8.50,74.04,250,859393
165,JAGSNPHARM,"JAGSONPAL PHARMACEUTICALS",233.66,220.80,18.19,1.57,5.78,328.05,175.20,65.42,250,1128961
166,SELMC,"SEL MANUFACTURING CO",36.67,30.35,18.51,0.00,5.78,54.91,25.50,80.20,250,1603073
167,KHAITANLTD,"KHAITAN (INDIA)LTD.",103.28,130.04,17.76,0.00,5.78,167.50,71.56,92.90,250,1001473
168,WANBURY,"WANBURY",255.05,252.00,18.05,1.76,5.77,329.70,154.01,68.88,250,3600129
169,CENTEXT,"CENTURY EXTRUSIONS",22.02,33.60,20.55,1.32,5.77,34.75,15.67,86.65,250,2946817
170,MODIRUBBER,"MODI RUBBER",118.80,129.10,19.07,0.07,5.77,163.70,90.00,62.04,250,570625
171,NKIND,"NK INDUSTRIES",65.25,70.60,20.08,0.00,5.76,98.40,44.10,83.22,242,624385
172,PEARLPOLY,"PEARL POLYMERS",32.26,29.57,18.63,1.81,5.75,47.40,24.11,72.19,250,668161
173,ASHIMASYN,"ASHIMA",28.16,22.30,19.74,0.00,5.75,38.28,16.99,75.60,250,52737
174,DCI,"DC INFOTECH AND COMUN",296.68,244.25,20.89,1.72,5.74,449.90,201.35,83.78,250,2960897
175,PREMEXPLN,"PREMIER EXPLOSIVES",482.16,658.60,19.51,1.79,5.74,680.00,309.15,76.91,250,4453633
176,UMESLTD,"USHA MARTIN EDU & SOL",6.17,5.90,18.35,0.00,5.74,9.13,4.81,70.07,250,4900353
177,EPACKPEB,"EPACK PREFAB TECHN",189.85,193.50,7.90,4.08,5.74,199.70,179.32,10.73,7,194368257
178,CUBEXTUB-BE,"CUBEXTUBINGS-ROLLSETT",94.50,96.50,19.25,0.00,5.74,143.25,67.11,80.58,250,2529537
179,FLFL-BZ,"FUT LIFESTYLE FASH",1.91,1.75,10.42,0.00,5.73,2.88,1.17,89.62,200,3806209
180,DIGISPICE-BE,"DIGISPICE TECHNOLOGIES LT",24.82,27.29,21.64,0.00,5.72,35.50,17.09,74.17,250,4271873
181,JKIPL-BE,"JINKUSHAL INDUSTRIES",114.38,111.50,7.74,2.96,5.72,126.95,106.17,18.17,6,194356737
182,SAMBHAAV,"SAMBHAAV MEDIA",6.72,7.54,29.11,0.00,5.72,9.45,4.86,68.25,250,1056513
183,AERONEU,"AEROFLEX NEU",96.60,92.95,25.36,0.13,5.71,125.37,67.00,60.42,250,3504385
184,955SCL25-ZU,"955SCL25-ZU",421.92,363.00,26.14,0.00,5.71,980.00,292.50,162.94,33,3447041
185,SHIVATEX,"SHIVA TEXYARN",206.32,180.84,19.44,1.00,5.71,299.00,168.00,63.49,250,205825
186,RPPL,"RAJSHREE POLYPACK",29.21,19.41,18.14,1.89,5.70,44.15,18.91,86.39,250,1769729
187,BANARBEADS,"BANARAS BEADS",124.34,141.90,22.09,1.22,5.70,169.52,97.00,58.32,250,88833
188,TICL,"TWAMEV CONS AND INFRA",35.46,29.59,16.01,0.00,5.70,59.23,19.35,112.46,250,4992257
189,AGARWALTUF-SM,"AGARWAL TOUGH GLASS IND L",125.65,164.45,25.85,0.00,5.69,174.05,81.00,74.05,211,6991105
190,SOMATEX-BE,"SOMA TEXTILEI NDUSTRIES L",53.57,75.94,18.64,0.00,5.69,105.00,34.53,131.54,250,2330625
191,DUCON,"DUCON INFRATECHNOLOGIES L",6.53,4.90,18.80,0.00,5.68,9.35,4.58,73.07,250,7411713
192,WEWORK,"WEWORK INDIA MANAGEMENT L",632.00,632.00,5.68,5.68,5.68,650.15,614.25,5.68,1,194415105
193,AAKASH,"AAKASH EXPLORATION SER L",9.78,9.26,18.83,0.00,5.68,13.79,7.06,68.82,250,60161
194,VAISHALI,"VAISHALI PHARMA",14.32,11.10,24.08,0.00,5.68,24.91,10.30,102.02,250,4246785
195,MIRCELECTR-BE,"MIRCELECTR-DEPO",18.38,25.77,22.48,0.00,5.68,30.47,10.26,109.98,250,1754369
196,ARFIN-BE,"ARFIN INDIA",39.71,49.81,13.71,2.04,5.67,50.90,31.43,49.03,56,194227969
197,WEWIN,"WE WIN",58.29,65.97,21.85,0.30,5.67,98.90,37.70,104.99,250,2524673
198,CENTUM,"CENTUM ELECTRONICS",2018.88,2670.00,20.51,1.51,5.66,3044.00,1140.30,94.29,250,3835393
199,FAZE3Q,"FAZE THREE",475.52,479.00,18.36,1.86,5.66,747.95,317.75,90.47,250,3072001
200,SAATVIKGL,"SAATVIK GREEN ENERGY",472.42,534.20,8.55,3.39,5.66,567.00,420.10,31.10,10,194318593
201,HYBRIDFIN,"HYBRID FINANCIAL SERVICE",14.10,19.75,17.28,0.00,5.66,22.72,10.05,89.89,250,3279105
202,DANISH-SM,"DANISH POWER",927.02,830.00,19.29,0.00,5.66,1316.00,541.50,83.55,237,6637313
203,TEAMGTY-BE,"TEAM INDIA GUARANTY",186.99,245.50,18.48,0.00,5.65,315.00,125.00,101.61,250,2871553
204,ASTRON,"ASTRON PAPER BORD MIL",16.85,10.53,16.50,0.00,5.65,25.00,10.11,88.38,250,223745
205,NITIRAJ,"NITIRAJ ENGINEERS",234.25,203.00,19.20,0.00,5.64,421.60,186.00,100.58,250,831233
206,FLYSBS-ST,"FLYSBS AVIATION",574.81,557.00,15.13,0.00,5.64,790.00,427.50,63.06,43,194102017
207,XELPMOC,"XELPMOC DESIGN & TECH",110.52,112.10,18.91,1.25,5.64,173.30,80.21,84.23,250,2170113
208,NGIL,"NAKODA GROUP OF IND.",34.61,31.46,22.08,1.21,5.64,48.00,25.61,64.70,250,1382657
209,REMSONSIND,"REMSONS INDUSTRIES",137.09,129.00,17.65,1.12,5.63,222.00,101.71,87.75,250,1015041
210,LIBAS,"LIBAS CONSU PRODUCTS",14.01,12.23,18.73,1.56,5.63,18.70,10.53,58.30,250,2836993
211,LAXMICOT,"LAXMI COTSPIN",27.74,22.45,19.92,1.21,5.63,41.45,20.35,76.07,250,1681409
212,MANUGRAPH-BE,"MANUGRAPH INDIA",20.33,22.93,19.86,0.00,5.63,26.40,14.17,60.16,249,3475201
213,IMPEXFERRO-BZ,"IMPEX FERRO TECH",2.45,1.81,10.17,0.00,5.63,3.68,1.77,78.07,248,6625537
214,AUSOMENT,"AUSOM ENTERPRISE",102.96,108.80,15.41,0.00,5.62,186.35,72.80,110.28,250,1033473
215,DHANI,"DHANI SERVICES",68.16,60.90,15.69,1.76,5.61,109.88,49.85,88.08,250,3938305
216,BBTCL,"B&B TRIPLEWALL CONT",185.30,189.00,23.20,1.56,5.61,245.50,120.60,67.40,250,3111169
217,ENVIRO-SM,"ENVIROTECH SYSTEMS",119.88,156.10,19.58,0.00,5.60,173.00,89.05,70.03,250,6505473
218,MAGNUM,"MAGNUM VENTURES",31.68,24.39,21.34,1.15,5.60,56.60,22.25,108.44,250,3828993
219,UNIVASTU,"UNIVASTU INDIA",251.15,259.00,20.30,1.74,5.59,345.35,205.10,55.84,250,4858113
220,VERTOZ,"VERTOZ",81.85,71.99,20.77,1.64,5.59,111.33,68.45,52.39,63,4828929
221,CLEDUCATE-BE,"CL EDUCATE",99.39,91.00,20.25,1.58,5.59,136.98,67.50,69.91,250,5179649
222,MINDTECK,"MINDTECK (INDIA)",233.03,275.68,16.70,0.00,5.59,330.10,145.00,79.43,250,4620545
223,AIROLAM,"AIRO LAM",111.06,108.00,19.98,1.53,5.58,150.00,83.50,59.88,250,1553409
224,DANGEE,"DANGEE DUMS",5.53,4.62,21.81,0.00,5.58,9.55,4.01,100.11,250,284161
225,LEXUS,"LEXUS GRANITO (INDIA)",36.51,27.32,18.68,0.00,5.58,53.54,25.80,75.98,244,3701505
226,SHAHALLOYS,"SHAH ALLOYS",62.85,67.25,22.54,0.00,5.57,87.00,43.30,69.54,250,3035137
227,MARALOVER,"MARAL OVERSEAS",70.31,46.25,18.00,1.42,5.57,97.17,44.80,74.48,250,540673
228,SUVEN,"SUVEN LIFE SCIENCES",173.63,209.00,15.90,1.31,5.57,299.99,102.50,113.74,250,2875649
229,SIGNPOST,"SIGNPOST INDIA",263.55,253.55,17.09,1.18,5.57,403.30,180.37,84.59,250,5799937
230,RKDL,"RAVI KUMAR DIST.",27.64,26.40,19.26,0.00,5.57,34.58,21.28,48.12,250,5363201
231,ORTEL-BZ,"ORTEL COMMUNICATIONS",1.80,1.69,11.11,0.00,5.56,2.45,1.36,60.70,135,3410177
232,GANGESSECU,"GANGES SECURITIES",167.48,150.00,16.97,1.48,5.56,230.08,125.00,62.74,250,5478145
233,MITCON,"MITCON CON & ENG SER",88.33,66.76,19.29,1.42,5.56,147.00,60.41,98.03,250,2168065
234,SIGIND,"SIGNET INDUSTRIES",59.96,54.00,16.19,1.76,5.56,81.00,39.99,68.39,250,1157633
235,PRECOT-BE,"PRECOT",507.01,385.70,21.30,0.58,5.56,690.50,331.10,70.89,250,1506305
236,SPMLINFRA,"SPML INFRA",222.78,240.57,13.69,0.00,5.56,323.40,136.30,83.98,250,850177
237,AMDIND,"AMD INDUSTRIES",53.93,60.15,19.98,0.99,5.56,73.00,39.85,61.46,250,3685889
238,GOLDIAM,"GOLDIAM INTERNATIONAL",382.42,373.60,23.40,1.00,5.56,569.00,251.35,83.06,250,3064577
239,SOMICONVEY,"SOMI CONVEYOR BELT.",167.10,146.92,21.78,0.00,5.55,227.90,125.15,61.49,250,4555265
240,NDRAUTO,"NDR AUTO COMPONENTS",849.32,998.90,15.54,1.67,5.55,1220.00,551.00,78.77,250,5697281
241,RELTD,"RAVINDRA ENERGY",132.11,153.97,14.84,0.00,5.55,191.77,93.41,74.45,250,6296577
242,ARCHIES,"ARCHIES",21.43,20.60,19.98,1.56,5.54,30.29,14.72,72.64,250,1456129
243,ARENTERP,"RAJDARSHAN INDUSTRIES",48.16,46.23,16.54,0.00,5.54,88.34,37.17,106.25,248,46337
244,LOTUSEYE-BE,"LOTUS EYE HOSP & INST L",76.53,120.99,16.96,1.26,5.54,139.20,54.99,110.04,250,4303617
245,GUJAPOLLO-BE,"GUJ. APOLLO IND.",370.54,459.00,17.79,1.45,5.54,556.00,246.55,83.51,250,3758337
246,ORIENTCER,"ORIENT CERATECH",40.43,36.71,17.58,1.70,5.54,57.50,28.67,71.31,250,3356417
247,NRL,"NUPUR RECYCLERS",83.65,70.90,27.56,1.57,5.53,143.40,52.70,108.43,250,3500801
248,JISLDVREQS,"JAIN DVR EQUITY SHARES",32.14,33.00,18.60,1.52,5.53,41.00,25.71,47.57,250,6575105
249,MOTOGENFIN,"MOTOR & GENERAL FINANCE L",28.57,26.59,19.72,1.18,5.53,39.98,23.55,57.51,250,580609
250,PRECAM,"PRECISION CAMSHAFTS",233.30,193.50,18.72,1.85,5.53,382.80,145.00,101.93,250,3226369
251,MUKTAARTS,"MUKTA ARTS",78.85,68.16,19.16,1.39,5.53,102.00,59.26,54.20,250,2223873
252,GANESHCP,"GANESH CONSUMER PRODUCT L",293.61,304.00,7.69,3.44,5.53,309.95,280.10,10.17,9,194307073
253,WELINV-BE,"WELSPUN INV & COMM",923.81,1087.60,23.70,0.00,5.53,1325.90,597.55,78.84,248,5069825
254,SPECTRUM,"SPECTRUM ELECTRIC IND",1733.57,1340.00,18.44,0.80,5.53,2400.00,1256.20,65.98,250,7796481
255,GTECJAINX,"G-TEC JAINX EDUCATION",30.83,24.10,20.83,0.00,5.52,59.06,19.71,127.62,245,289025
256,KEYFINSERV,"KEYNOTE FIN SERV",271.52,324.93,22.87,0.00,5.52,479.00,170.10,113.77,250,1064193
257,AROGRANITE,"ARO GRANITE IND.",41.45,36.98,16.89,1.43,5.52,58.90,31.08,67.12,250,3726593
258,ASMS-BE,"BARTRONICS INDIA",16.54,13.35,18.35,0.00,5.51,25.80,11.78,84.75,250,3601665
259,TTL,"T T",13.29,10.28,19.04,1.72,5.51,18.02,9.73,62.39,250,3664385
260,DIGIDRIVE,"DIGIDRIVE DISTRIBUTORS L",35.16,29.89,13.44,1.48,5.51,52.10,25.25,76.36,250,5439233
261,JAYBEE-SM,"JAY BEE LAMINATIONS",266.32,200.00,20.76,0.00,5.51,456.00,178.05,104.37,250,6409473
262,GSS,"GSS INFOTECH",44.38,25.99,24.72,0.86,5.51,82.70,24.15,131.92,250,3928833
263,GUJTHEM,"GUJARAT THEMIS BIOSYN",332.63,420.05,15.51,0.77,5.51,434.25,208.00,68.02,154,7611137
264,MOHITIND-BE,"MOHIT INDUSTRIES",31.69,33.00,18.62,0.00,5.51,52.05,23.90,88.83,250,7533313
265,ABINFRA,"A B INFRABUILD",121.59,198.00,20.24,0.00,5.50,224.98,61.73,134.27,248,6917121
266,ORIENTLTD,"ORIENT PRESS",94.91,84.85,17.74,0.98,5.50,163.40,75.01,93.13,250,4661249
267,POCL,"PONDY OXIDES & CHEM",877.21,1312.00,14.25,1.00,5.50,1360.00,490.00,99.18,250,3682561
268,SEYAIND-BE,"SEYA INDUSTRIES",19.83,18.00,10.53,0.00,5.49,32.65,12.63,100.96,144,2774017
269,OCCLLTD,"OCCL",104.07,127.54,22.29,0.00,5.49,159.42,63.63,92.04,237,6635009
270,LGHL,"LAXMI GOLDORNA HOUSE",245.86,369.00,19.82,0.00,5.48,399.60,114.15,116.10,250,5088257
271,ASIANENE,"ASIAN ENERGY SERVICES",321.60,341.75,19.99,0.94,5.47,418.00,215.00,63.12,250,1799681
272,JETFREIGHT,"JET FREIGHT LOGISTICS",14.29,12.94,14.01,0.38,5.47,20.19,10.44,68.25,250,1846017
273,TAINWALCHM,"TAINWALA CHEMICAL AND PLA",239.14,209.00,20.74,1.36,5.47,335.00,186.00,62.31,250,869377
274,DAMODARIND,"DAMODAR INDUSTRIES",37.30,33.90,16.50,1.08,5.47,47.90,28.00,53.36,250,4490497
275,PALASHSECU,"PALASH SECURITIES",135.26,118.00,18.77,1.52,5.46,198.70,107.21,67.64,250,5474049
276,CALSOFT,"CALIFORNIA SOFTWARE CO LT",12.87,18.20,16.13,0.00,5.46,21.42,9.38,93.57,250,2135297
277,VIESL-SM,"VISION INFRA EQUIP SOL L",168.82,213.00,30.53,1.12,5.46,249.90,111.95,81.71,250,6459137
278,A2ZINFRA-BE,"A2Z INFRA ENGINEERING",18.51,18.45,12.14,0.00,5.46,26.80,12.35,78.07,250,5352961
279,HGM-BE,"HANDSON GBL MNGMNT",63.28,73.98,17.64,0.00,5.46,87.40,41.50,72.54,250,3480321
280,TFL,"TRANSWARRANTY FIN.",18.71,13.85,17.25,0.00,5.46,36.00,11.75,129.61,250,3665665
281,JHS,"JHS SVEND. LAB.",16.19,11.24,20.63,0.00,5.46,29.90,10.02,122.81,250,3512321
282,SOFTTECH,"SOFTTECH ENGINEERS",385.82,380.00,18.07,0.00,5.45,612.05,296.00,81.92,250,2116097
283,LORDSCHLO-BE,"LORDS CHLORO ALKALI",162.42,202.00,18.66,0.00,5.45,241.99,121.10,74.43,250,4668161
284,WALCHANNAG,"WALCHANDNAGAR INDUSTRIES",221.12,194.96,13.13,2.04,5.44,339.15,142.79,88.80,250,956417
285,ARTNIRMAN,"ART NIRMAN",52.77,50.80,29.40,0.00,5.44,89.80,39.68,94.99,250,1575937
286,ORTINGLOBE-BE,"ORTIN GLOBAL",14.24,11.95,22.16,0.00,5.44,22.98,9.64,93.70,250,762881
287,BRNL,"BHARAT ROAD NETWORK",32.00,23.70,18.58,1.35,5.44,53.43,17.40,112.60,250,5550849
288,RUSHIL,"RUSHIL DECOR",28.36,28.67,18.44,1.42,5.43,39.00,19.57,68.51,250,6296321
289,INFLUX-ST,"INFLUX HEALTHTECH",164.28,169.00,14.04,0.00,5.43,208.00,120.00,53.57,75,193946881
290,EIMCOELECO,"EIMCO ELECON (INDIA)",2117.17,1952.10,19.20,1.70,5.43,3395.05,1301.00,98.91,250,1034241
291,CAMLINFINE,"CAMLIN FINE SCIENCES",182.54,202.00,16.79,0.00,5.43,333.30,93.40,131.42,250,1591297
292,CALSOFTPP-E1,"CALSOFT RS.2.50 PPD UP",4.16,5.37,14.71,0.00,5.43,7.58,2.28,127.52,141,7668993
293,GANESHIN-SM,"GANESH INFRAWORLD",178.63,226.40,19.18,0.00,5.43,279.80,106.25,97.15,211,6998785
294,SPUNWEB-SM,"SPUNWEB NONWOVEN",150.52,152.45,12.30,1.32,5.42,173.55,130.50,28.60,57,194013441
295,NECCLTD,"NORTH EAST CARRY CORP",26.15,20.30,15.61,1.68,5.42,39.50,18.31,81.04,250,3461633
296,AMJLAND,"AMJ LAND HOLDINGS",56.16,54.00,17.97,1.52,5.41,76.49,41.87,61.65,250,665089
297,SONAMLTD,"SONAM",55.16,41.80,38.08,0.00,5.41,96.70,37.00,108.23,250,2254337
298,KSHITIJPOL,"KSHITIJ POLYLINE",3.86,2.95,27.94,0.00,5.41,7.60,2.55,130.98,250,2664193
299,JUBLCPL-BE,"JUBILANT AGRI N CON PRO L",1826.83,2300.00,16.49,0.00,5.41,3013.40,1020.00,109.12,161,7575553
300,CUDML-SM,"CASH UR DRIVE MARKETING L",148.15,141.70,11.52,1.32,5.41,165.00,130.00,23.62,44,194081025
301,DEVX,"DEV ACCELERATOR",54.38,50.48,9.25,1.98,5.41,64.05,49.41,26.92,17,194324225
302,NACLIND-BE,"NACL INDUSTRIES",147.76,215.90,20.47,0.00,5.40,339.45,49.00,196.57,250,5229825
303,SAHANA-SM,"SAHANA SYSTEM",1425.46,1069.00,16.69,0.06,5.40,2135.00,956.75,82.66,250,4278017
304,ADVANCE-BE,"ADVANCE AGROLIFE",107.86,110.27,7.50,2.97,5.40,114.50,102.00,11.59,3,194407169
305,HIRECT,"HIND RECTIFIER",1271.16,1617.10,16.90,1.69,5.40,2108.50,799.00,103.02,250,3555841
306,GATECHDVR-BE,"GACM TECHNOLOGIES",0.81,0.55,22.22,0.00,5.40,1.16,0.42,91.29,250,6913
307,KIOCL,"KIOCL",333.79,505.40,20.83,1.20,5.40,634.55,209.84,127.24,250,4896257
308,URBANCO,"URBAN COMPANY",170.83,156.61,10.79,2.70,5.39,201.18,156.25,26.30,17,194325505
309,KREBSBIO,"KREBS BIOCHEMICALS & IND",84.07,72.00,17.07,0.00,5.39,129.07,66.12,74.88,250,495873
310,NILAINFRA,"NILA INFRASTRUCTURES",11.36,10.63,17.50,1.42,5.38,15.49,8.12,64.90,250,2368769
311,URAVIDEF,"URAVI DEFENCE &TECH",434.75,247.00,31.81,0.00,5.38,584.00,212.65,85.42,247,4370177
312,UMIYA-MRO,"UMIYA BUILDCON",78.52,87.20,18.13,1.57,5.38,107.11,56.81,64.06,250,2303489
313,POKARNA,"POKARNA",1047.59,737.00,21.52,0.00,5.38,1451.65,722.70,69.58,250,4518657
314,SILGO-BE,"SILGO RETAIL",48.80,69.33,17.52,0.00,5.38,79.00,26.21,108.18,250,638721
315,DENTA,"DENTA WATER N INFRA SOL L",331.69,449.80,17.84,0.87,5.37,479.60,251.25,68.84,174,7489537
316,CONNPLEX-SM,"CONNPLEX CINEMAS",198.31,200.95,11.64,2.37,5.37,229.00,177.00,26.22,39,194163969
317,PIONEEREMB,"PIONEER EMBROIDERIES",44.76,36.00,17.09,0.28,5.37,70.90,33.40,83.79,250,3446529
318,FIBERWEB,"FIBERWEB INDIA",47.38,43.70,20.76,1.48,5.37,65.99,34.80,65.83,250,2088705
319,AKSHOPTFBR,"AKSH OPTIFIBRE",9.42,7.85,20.44,0.00,5.37,15.00,6.95,85.42,250,2199297
320,HERCULES,"HERCULES HOI.",188.64,204.50,18.02,0.00,5.37,510.85,125.51,204.27,250,3913729
321,AAKAAR-SM,"AAKAAR MEDICAL TECHNO",85.63,86.55,18.27,0.00,5.37,105.00,62.00,50.21,73,193940225
322,GALAPREC,"GALA PRECISION ENG",934.48,780.00,18.37,1.46,5.36,1480.00,712.40,82.14,250,6434305
323,SIMBHALS-BE,"SIMBHAOLI SUGARS",17.06,13.54,10.31,0.00,5.36,25.49,12.12,78.39,250,3741697
324,NIKITA-SM,"NIKITA PAPERS",105.40,144.15,19.42,0.00,5.36,155.00,77.15,73.86,91,194093569
325,BANG,"BANG OVERSEAS",56.50,58.61,15.22,0.00,5.36,96.43,42.77,94.98,250,3917569
326,AGROPHOS-BE,"AGRO PHOS INDIA",37.11,41.90,22.54,0.00,5.35,50.29,26.58,63.90,250,2330881
327,GEMAROMA,"GEM AROMATICS",269.56,251.47,13.11,1.99,5.35,349.60,230.10,44.33,32,194422017
328,APOLLO,"APOLLO MICRO SYSTEMS",159.23,317.50,18.03,0.96,5.35,354.70,87.99,167.50,250,290305
329,CELLECOR-SM,"CELLECOR GADGETS",48.72,33.50,26.58,0.00,5.35,81.50,28.65,108.48,250,4814337
330,LLOYDSENT,"LLOYDS ENTERPRISES",55.22,70.30,14.17,1.40,5.35,88.16,34.09,97.91,245,6606593
331,IVP,"IVP",186.22,163.14,18.77,1.70,5.35,266.60,140.91,67.50,250,430337
332,SMLT,"SARTHAK METALS",135.50,103.50,17.71,1.29,5.35,210.50,97.50,83.39,250,1751809
333,DYNPRO,"DYNEMIC PRODUCTS",344.14,322.00,14.29,0.71,5.34,485.00,252.35,67.60,250,5456385
334,SRM,"SRM CONTRACTORS",391.21,557.00,21.89,1.70,5.34,584.90,251.50,85.22,250,5990913
335,VIKRAN,"VIKRAN ENGINEERING",102.23,103.80,8.89,2.52,5.34,116.64,91.70,24.40,27,194297089
336,SAHASRA-SM,"SAHASRA ELECTRONIC SOLU L",424.82,265.00,19.35,0.00,5.34,1013.00,227.50,184.90,250,6571009
337,IL&FSENGG-BZ,"IL&FS ENG AND CONS CO",37.88,28.50,10.46,0.00,5.34,48.95,26.35,59.66,250,2401281
338,ASHAPURMIN,"ASHAPURA MINECHEM",428.09,693.40,20.08,0.00,5.34,711.80,200.45,119.45,250,51969
339,INDOWIND,"INDOWIND ENERGY",19.93,16.07,16.91,1.44,5.33,28.07,14.16,69.80,250,3827713
340,EQUIPPP-BE,"EQUIPPP SOC IMP TECH",21.60,19.00,9.82,0.84,5.33,30.10,16.26,64.09,250,909569
341,CIFL,"CAPITAL INDIA FINANCE",36.81,35.04,19.24,1.43,5.33,44.50,31.55,35.18,122,193539841
342,SARTELE-SM,"SAR TELEVENTURE",251.06,198.00,18.85,1.43,5.33,375.00,163.10,84.40,250,5084929
343,TIPSFILMS,"TIPS FILMS",530.74,423.80,23.87,0.75,5.33,718.00,417.10,56.69,250,2911745
344,CAPTRUST,"CAPITAL TRUST",55.56,30.91,19.07,0.00,5.33,89.18,23.66,117.93,250,4978433
345,ROML,"RAJ OIL MILLS",50.35,53.97,25.62,1.16,5.33,73.80,41.01,65.12,250,91905
346,TARMAT,"TARMAT",61.73,54.56,20.00,1.21,5.32,92.59,45.10,76.93,250,3781377
347,ZEELEARN,"ZEE LEARN",8.39,8.95,25.00,0.00,5.32,11.48,4.57,82.39,250,5338113
348,ECOSMOBLTY,"ECOS (INDIA) MOB & HOSP L",277.95,228.10,18.02,1.27,5.32,493.50,165.00,118.19,250,6415361
349,EXXARO,"EXXARO TILES",8.33,8.26,15.92,2.11,5.32,11.60,5.45,73.87,250,1370113
350,SMSLIFE,"SMS LIFESCIENCES (I)",1221.87,1110.00,17.35,0.00,5.31,1690.00,959.80,59.76,250,5517057
351,KRN,"KRN HEAT EXCHANGE N REF L",791.16,845.95,16.26,1.37,5.31,1012.00,416.07,75.32,250,6564609
352,SHANTI,"SHANTI OVERSEAS INDIA",14.51,11.01,21.27,0.00,5.31,23.87,8.36,106.87,250,1446401
353,BLACKBUCK,"BLACKBUCK",460.22,684.90,19.18,0.00,5.31,694.40,248.35,96.92,221,6948865
354,USK,"UDAYSHIVAKUMAR INFRA",42.14,28.16,20.06,0.00,5.31,63.00,27.90,83.29,250,3806977
355,PKTEA-BE,"THE P K TEA PROD CO",699.03,780.00,20.38,0.00,5.31,1013.90,395.05,88.53,250,2641409
356,MOSCHIP,"MOSCHIP TECHNOLOGIES",182.97,269.20,22.11,1.55,5.31,288.45,129.98,86.61,168,7541505
357,BAIDFIN,"BAID FINSERV",12.34,10.59,18.22,1.52,5.31,17.90,9.10,71.30,250,3531265
358,BALKRISHNA,"BALKRISHNA PAPER MILLS L",21.64,23.75,18.83,1.47,5.31,27.69,16.20,53.10,250,2606337
359,PGIL,"PEARL GLOBAL IND",1298.20,1297.00,24.42,0.00,5.31,1717.00,872.00,65.09,250,3650561
360,REGENCERAM,"REGENCY CERAMICS",51.37,41.55,19.91,0.00,5.30,106.90,35.31,139.35,250,1057281
361,KODYTECH-SM,"KODY TECHNOLAB",1082.19,683.80,27.40,0.00,5.30,2070.00,609.90,134.92,250,4800257
362,MITTAL,"MITTAL LIFE STYLE",1.86,1.53,19.20,1.17,5.30,2.65,1.42,66.03,250,4751873
363,DIGITIDE,"DIGITIDE SOLUTIONS",209.25,169.73,16.50,1.52,5.29,279.69,156.43,58.91,85,193923841
364,INDTERRAIN,"IND TERRAIN FASHIONS",40.62,35.34,21.62,1.82,5.29,57.19,29.65,67.80,250,5620993
365,OMINFRAL,"OM INFRA",132.21,128.00,15.38,1.45,5.29,186.00,100.30,64.82,250,6203137
366,BAGFILMS,"B.A.G FILMS AND MEDIA",7.86,7.09,19.13,0.00,5.29,12.95,5.31,97.14,250,2873857
367,MCL-BE,"MADHAV COPPER",50.36,51.30,19.58,0.00,5.28,84.00,35.00,97.31,250,5724673
368,NIRAJ,"NIRAJ CEMENT STRUC",55.83,34.92,22.83,0.00,5.28,72.37,34.70,67.48,250,65281
369,KERNEX,"KERNEX MICROSYS(I)",1036.16,1136.50,10.43,0.00,5.28,1580.00,621.55,92.50,250,3358977
370,RAMCOSYS,"RAMCO SYSTEMS",402.89,565.00,15.88,1.38,5.28,605.55,270.00,83.29,250,2009857
371,WEL,"WONDER ELECTRICALS",161.46,130.40,21.95,1.27,5.27,200.00,120.95,48.96,250,2005761
372,EIEL,"ENVIRO INFRA ENGINEERS L",246.18,248.60,15.72,1.35,5.27,391.60,182.00,85.14,216,6966529
373,VERANDA,"VERANDA LEARNING SOL",230.46,224.40,16.28,1.45,5.27,292.60,185.30,46.56,250,2275841
374,LAMBODHARA,"LAMBODHARA TEXTILES",143.64,131.60,18.31,1.62,5.26,248.00,99.65,103.28,250,1640193
375,COMPUSOFT,"COMPUCOM SOFTWARE",22.82,19.29,17.50,0.55,5.26,32.98,15.94,74.66,250,7971329
376,LAGNAM,"LAGNAM SPINTEX",106.36,83.25,21.36,1.37,5.26,148.87,81.00,63.81,250,1501441
377,AXISCADES-BE,"AXISCADES TECH",959.76,1666.00,12.55,0.00,5.26,1779.20,420.90,141.53,250,2416641
378,INSPIRISYS,"INSPIRISYS SOLUTIONS",99.29,94.39,15.28,0.00,5.26,130.00,66.55,63.90,250,3514881
379,GLOBAL,"GLOBAL EDUCATION",63.71,61.07,19.23,1.71,5.26,90.00,41.00,76.91,250,362241
380,STARTECK,"STARTECK FINANCE",296.68,306.20,18.58,0.92,5.26,364.50,253.85,37.30,250,2382081
381,IIFLCAPS,"IIFL CAPITAL SERVICES",296.82,302.00,14.98,1.52,5.26,448.95,180.00,90.61,250,3346433
382,AVONMORE,"AVONMORE CAP&MGT SERV",19.15,19.00,18.25,0.00,5.26,29.95,12.20,92.69,250,3470593
383,ENERGYDEV,"ENERGY DEVE. CO.LTD",22.03,19.55,14.06,0.00,5.25,37.90,16.40,97.61,250,3852545
384,VISASTEEL,"VISA STEEL",34.47,57.75,10.38,0.00,5.25,57.75,25.46,93.69,175,3403521
385,CENTRUM,"CENTRUM CAPITAL",32.14,33.60,15.55,1.20,5.25,41.90,22.40,60.68,250,628225
386,COASTCORP,"COASTAL CORPORATION",41.79,38.00,20.23,1.63,5.25,56.59,30.01,63.60,250,1537537
387,GOLDTECH,"AION-TECH SOLUTIONS",68.79,61.50,22.81,0.00,5.25,95.00,46.55,70.43,250,2527745
388,PRABHA,"PRABHA ENERGY",235.51,220.00,14.00,0.00,5.25,315.90,155.04,68.30,140,7714305
389,LLOYDSENPP-E1,"LLOYD RS.0.50 PPD UP",47.43,42.39,13.94,2.00,5.25,60.50,36.15,51.34,82,193895937
390,NARMADA-BE,"NARMADA AGROBASE",18.93,25.00,15.97,1.43,5.24,28.25,14.42,73.06,250,2977537
391,TOTAL,"TOTAL TRANSPORT SYS",75.04,72.55,19.21,1.06,5.24,93.50,61.99,41.99,250,5740289
392,NAVKARURB-BE,"NAVKAR URBANSTRUCTURE",2.74,2.29,10.40,0.00,5.24,4.28,1.47,102.42,182,7462145
393,PGEL,"PG ELECTROPLAST",755.91,585.50,30.43,1.64,5.24,1054.20,465.00,77.95,250,6491649
394,SINTERCOM,"SINTERCOM INDIA",135.94,122.11,24.53,0.86,5.23,186.00,109.99,55.91,250,97537
395,NPST,"NETWORK PEOPLE SRV TECH L",2279.39,1900.00,16.69,0.00,5.23,3459.00,1505.00,85.72,250,193618945
396,CORALFINAC,"CORAL INDIA FIN & HOUS LT",45.60,44.00,22.84,0.00,5.23,65.49,33.70,69.72,250,1025793
397,MODISONLTD,"MODISON",158.02,162.00,14.11,1.56,5.23,211.00,112.00,62.65,250,848897
398,ARCHIDPLY,"ARCHIDPLY IND.",103.07,104.01,18.83,1.06,5.23,141.70,79.50,60.35,250,4299521
399,PCJEWELLER,"PC JEWELLER",14.16,12.92,15.04,0.06,5.22,19.65,10.28,66.17,250,7455745
400,CGRAPHICS-SM,"CREATIVE GRAPHICS S IND L",186.17,224.25,14.53,0.00,5.22,259.00,134.40,66.93,248,6007809
401,MCLEODRUSS,"MCLEOD RUSSEL INDIA",36.68,51.70,10.87,0.00,5.22,56.59,26.28,82.63,250,3057409
402,SURANAT&P,"SURANA TELECOM AND POW LT",20.60,22.09,17.82,1.33,5.22,29.27,16.30,62.97,250,2739201
403,ARSHIYA-BZ,"ARSHIYA",2.97,1.84,10.68,0.00,5.22,4.64,1.60,102.26,199,7427841
404,MANAKSTEEL-BE,"MANAKSIA STEELS",59.89,59.90,17.64,0.00,5.22,77.14,43.05,56.92,250,1915393
405,GRSE,"GARDEN REACH SHIP&ENG",2062.27,2663.00,21.45,1.24,5.22,3538.40,1184.90,114.12,250,1401601
406,PRIMECAB-ST,"PRIME CABLE INDUSTRIES L",79.84,81.50,9.48,1.01,5.21,84.00,70.70,16.66,9,194323201
407,SAGARDEEP,"SAGARDEEP ALLOYS",29.20,28.20,14.86,0.75,5.21,36.21,25.01,38.36,250,2092801
408,SANGHVIMOV,"SANGHVI MOVERS",306.15,386.80,13.84,1.43,5.21,475.95,206.00,88.18,250,3598849
409,TREJHARA,"TREJHARA SOLUTIONS",227.22,175.21,16.79,0.00,5.21,294.55,168.00,55.69,250,1924609
410,ZODIAC-BE,"ZODIAC ENERGY",456.75,381.00,16.40,0.00,5.21,634.75,318.80,69.17,250,1827329
411,PANACEABIO,"PANACEA BIOTEC",420.07,434.50,11.80,0.00,5.20,581.90,277.50,72.46,250,1038081
412,NETWEB,"NETWEB TECH INDIA",2214.55,4040.00,18.43,1.36,5.20,4479.00,1251.55,145.74,250,4462849
413,SALONA,"SALONA COTSPIN",262.79,248.35,21.47,0.07,5.20,344.90,215.00,49.43,250,4441857
414,COMSYN,"COMMERCIAL SYN BAGS",101.08,158.90,18.92,0.00,5.20,159.50,57.87,100.55,249,5523969
415,REPL,"RUDRABHISHEK ENTERP",202.77,143.60,16.77,0.91,5.20,348.00,141.00,102.09,250,378881
416,TREEHOUSE,"TREE HOUSE EDU",11.86,7.52,18.41,0.00,5.20,21.26,6.19,127.03,250,6420993
417,ISFT,"INTRASOFT TECH.",117.80,98.62,18.04,1.47,5.20,174.50,90.05,71.69,250,4730625
418,1030SFIL28-NM,"1030SFIL28-NM",751.79,601.25,32.89,0.00,5.20,1038.00,520.00,68.90,76,3592705
419,RAMAPHO,"RAMA PHOSPHATES",116.33,160.05,17.44,0.00,5.20,182.00,80.85,86.95,250,2705409
420,HILTON,"HILTON METAL FORGING",74.28,42.20,26.77,0.03,5.20,123.25,42.05,109.32,250,3744513
421,ARVEE,"ARVEE LABORATORIES I",164.04,161.47,20.71,0.00,5.20,235.79,126.54,66.60,249,720385
422,SHAILY,"SHAILY ENG PLASTICS",1631.47,2425.10,16.70,1.26,5.19,2670.00,871.10,110.26,250,2234113
423,ATAM,"ATAM VALVES",110.43,88.55,20.41,1.31,5.19,158.75,76.98,74.05,250,3943425
424,BHARATSE,"BHARAT SEATS",117.10,217.00,19.21,1.01,5.19,225.79,69.84,133.18,137,7742465
425,SHIVAMILLS,"SHIVA MILLS",81.88,70.25,19.05,1.37,5.19,116.19,65.35,62.09,250,383233
426,CARTRADE,"CARTRADE TECH",1705.08,2445.10,19.68,1.49,5.18,2755.00,893.80,109.16,250,1384193
427,IL&FSTRANS-BZ,"IL&FS TRANS NET",4.09,3.00,10.48,0.00,5.18,7.12,2.79,105.84,250,2401537
428,GPTINFRA,"GPT INFRAPROJECTS",126.00,111.79,17.56,1.43,5.17,156.00,84.48,56.76,250,4527361
429,JITFINFRA-BE,"JITF INFRALOGISTICS",488.93,350.00,19.57,0.00,5.17,979.00,252.00,148.69,250,5041921
430,AMCL-ST,"ANB METAL CAST",217.52,272.00,27.04,0.00,5.17,295.30,161.70,61.42,38,194158081
431,SHARDACROP,"SHARDA CROPCHEM",739.30,826.00,19.69,1.49,5.16,1181.00,452.25,98.57,250,1277953
432,SVPGLOB,"SVP GLOBAL TEXTILES",4.03,3.79,16.35,0.00,5.16,7.41,2.37,124.91,250,1285121
433,VGINFOTECH-SM,"VIRTUAL GALAXY INFOTECH L",175.25,168.00,16.75,0.00,5.16,208.00,146.00,35.38,102,193807361
434,ASAHISONG,"ASAHI SONGWON COLOR",363.83,278.10,20.37,0.00,5.16,491.95,258.00,64.30,250,6422529
435,ATALREAL,"ATAL REALTECH",15.57,22.75,11.84,0.00,5.16,23.50,8.40,96.99,250,4006145
436,MARINE,"MARINE ELECTRICAL (I)",208.60,208.00,12.77,0.00,5.16,333.00,138.90,93.05,250,339969
437,OPTIEMUS,"OPTIEMUS INFRACOM",605.25,682.80,14.23,1.35,5.16,812.40,378.45,71.70,250,5496065
438,MUFIN,"MUFIN GREEN FINANCE",89.85,88.89,33.83,1.43,5.16,141.40,63.11,87.14,250,5064449
439,SURANASOL,"SURANA SOLAR",38.60,31.60,18.52,1.17,5.15,60.80,27.02,87.51,250,5395713
440,MAMATA,"MAMATA MACHINERY",423.59,445.30,16.52,0.00,5.15,630.00,311.55,75.18,197,7343873
441,FUSIONPP-E1,"FUSION RS.5 PPD UP",107.16,114.00,21.71,0.30,5.15,136.80,79.10,53.85,107,193749249
442,SIKKO,"SIKKO INDUSTRIES",83.63,87.55,22.55,1.09,5.15,118.93,60.65,69.69,250,1591809
443,SALZERELEC,"SALZER ELECTRONICS",1021.47,903.00,19.00,1.37,5.15,1649.95,750.45,88.06,250,2918145
444,JINDWORLD,"JINDAL WORLDWIDE",60.21,38.00,21.51,1.28,5.15,94.25,33.89,100.25,250,5284353
445,BAJAJHCARE,"BAJAJ HEALTHCARE",519.20,468.00,17.54,1.18,5.15,745.00,333.80,79.20,250,1756929
446,OSWALAGRO,"OSWAL AGRO MILLS",76.86,72.04,17.98,0.00,5.15,110.80,57.50,69.34,250,643585
447,ORIENTTECH,"ORIENT TECHNOLOGIES",373.59,450.50,16.94,0.00,5.15,674.85,268.10,108.88,250,6390017
448,GSLSU,"GLOBAL SURFACES",133.28,94.17,17.17,1.18,5.15,204.70,84.71,90.03,250,3737345
449,PARTH-ST,"PARTH ELEC & ENG",244.09,242.95,16.68,0.00,5.14,306.40,169.00,56.29,42,194104321
450,QUICKHEAL,"QUICK HEAL TECH",416.63,315.35,15.82,1.37,5.14,825.00,245.00,139.21,250,3357697
451,ELGIRUBCO-BE,"ELGI RUBBER CO.",79.91,65.59,23.36,0.00,5.14,154.98,48.20,133.62,250,6381569
452,KAUSHALYA-BE,"KAUSHALYA INFRA DEV",967.04,1090.00,17.54,0.00,5.14,1841.90,787.80,109.00,250,3875841
453,THEMISMED,"THEMIS MEDICARE",179.24,131.20,20.93,1.23,5.14,317.00,98.00,122.18,250,3708161
454,CHANDAN-ST,"CHANDAN HEALTHCARE",205.87,288.00,20.28,0.00,5.14,288.00,140.00,71.89,160,7586817
455,OMAXE,"OMAXE",94.12,84.20,19.52,1.34,5.13,134.01,68.91,69.17,250,3802369
456,DIACABS,"DIAMOND POWER INFRA",130.61,142.10,14.02,0.00,5.13,190.00,81.50,83.07,250,4747009
457,SOUTHWEST,"SOUTH WEST PINNACLE",132.23,127.65,17.44,0.22,5.13,169.00,99.06,52.89,250,2477569
458,BALUFORGE,"BALU FORGE INDUSTRIES",658.03,674.00,18.04,1.05,5.13,873.90,428.40,67.70,250,6043393
459,ARCIIL-SM,"ARC INSULATION & INSU",107.63,100.00,20.25,0.00,5.13,145.00,90.00,51.10,30,194219521
460,MOKSH,"MOKSH ORNAMENTS",15.11,15.21,18.16,0.44,5.13,23.00,12.00,72.82,250,918017
461,WINDLAS,"WINDLAS BIOTECH",967.06,910.95,18.07,1.20,5.13,1198.25,665.10,55.13,250,1373697
462,PYRAMID,"PYRAMID TECHNOPLAST",176.37,165.05,17.47,1.44,5.12,258.99,134.91,70.35,250,4672001
463,CROWN,"CROWN LIFTERS",188.27,156.75,16.99,0.00,5.12,285.00,135.34,79.49,250,2069249
464,GINNIFILA-BE,"GINNIFILAMENTS",34.86,44.28,15.73,0.00,5.12,57.80,19.01,111.28,250,2379265
465,ROLLT,"ROLLATAINERS",1.78,1.23,13.39,0.00,5.12,2.65,1.02,91.74,250,4890625
466,PHANTOMFX-ST,"PHANTOM DIGITAL EFF",249.74,239.95,17.33,0.00,5.12,359.70,165.00,77.96,250,2973697
467,SURYALAXMI,"SURYALAKSHMI COT MIL",72.37,63.10,15.73,1.58,5.11,105.00,54.50,69.78,250,3034113
468,WEALTH,"WEALTH FRST PORT. MG.",1209.04,1187.10,16.19,0.00,5.11,1720.00,801.20,75.99,250,492289
469,PILITA,"PIL ITALICA LIFESTYLE",14.71,13.38,15.57,1.15,5.11,20.64,11.51,62.07,250,7893761
470,GRWRHITECH,"GARWARE HI-TECH FILMS",3862.26,2940.00,26.43,0.00,5.11,5378.10,2317.35,79.25,250,2043393
471,GFLLIMITED,"GFL",70.27,61.29,17.45,0.00,5.10,125.69,48.70,109.57,250,329985
472,KPEL,"K.P. ENERGY",461.80,423.50,13.27,0.27,5.10,675.00,336.60,73.28,225,6932225
473,AFIL,"AKME FINTRADE (INDIA)",7.99,8.84,16.67,1.14,5.10,11.02,6.42,57.54,250,6184705
474,SARLAPOLY,"SARLA PERF. FIBERS",99.22,95.54,18.48,1.43,5.09,132.30,68.70,64.10,250,3595009
475,NAMOEWASTE-SM,"NAMO EWASTE MANAGEMENT L",176.94,188.40,20.55,0.61,5.09,284.00,127.00,88.73,250,6442753
476,MICEL,"MIC ELECTRONICS",67.05,58.19,19.16,1.58,5.09,102.00,44.20,86.21,250,1835265
477,INSPIRE-SM,"INSPIRE FILMS",23.42,16.50,18.15,0.00,5.09,35.50,15.25,86.45,231,4903425
478,SPORTKING,"SPORTKING INDIA",103.31,100.10,14.71,1.06,5.09,140.00,69.91,67.84,250,2747649
479,RHL,"ROBUST HOTELS",239.52,251.00,16.88,0.00,5.09,314.00,175.35,57.89,250,3880193
480,ALPEXSOLAR-SM,"ALPEX SOLAR",917.57,1185.00,13.44,0.00,5.09,1449.70,495.00,104.05,250,5808129
481,NAVKARCORP,"NAVKAR CORPORATION",121.92,119.39,16.37,1.14,5.09,176.43,80.54,78.65,250,2702593
482,JYOTISTRUC,"JYOTI STRUCTURES",20.70,14.63,15.92,1.45,5.08,37.03,13.95,111.48,250,461313
483,UNIINFO,"UNIINFO TELECOM SERVI",24.53,17.65,30.17,0.00,5.08,48.90,13.94,142.49,250,1994497
484,SUNDRMBRAK,"SUNDARAM BRAK LININGS",864.85,777.00,20.16,1.01,5.08,1440.00,669.35,89.11,250,1069825
485,EMMBI,"EMMBI INDUSTRIES",117.55,101.31,17.20,0.69,5.08,177.99,79.96,83.40,250,4644353
486,UMAEXPORTS-BE,"UMA EXPORTS",79.05,49.10,25.48,0.00,5.08,134.86,40.00,120.01,250,2264321
487,BALAJITELE,"BALAJI TELEFILMS",80.38,125.00,14.39,0.00,5.08,141.32,49.02,114.84,250,2344449
488,MMP,"MMP INDUSTRIES",286.38,277.60,14.97,1.67,5.07,390.90,218.00,60.37,250,4197121
489,SIGMA-BE,"SIGMA SOLVE",35.27,52.60,24.44,1.34,5.07,65.50,21.00,126.17,250,4265985
490,GODFRYPHLP,"GODFREY PHILLIPS INDIA LT",2484.96,3338.00,22.93,1.16,5.07,3947.00,1371.00,103.66,250,302337
491,SGIL,"SYNERGY GREEN IND.",468.55,537.50,14.09,1.42,5.07,633.25,332.95,64.09,250,1309185
492,ZEEMEDIA,"ZEE MEDIA CORPORATION",15.44,11.35,24.29,0.00,5.07,24.20,10.96,85.73,250,3584769
493,MAHAPEXLTD,"MAHA RASHTRA APEX COPR. L",124.36,98.02,16.67,1.09,5.07,180.00,93.85,69.27,250,1341185
494,ORIENTALTL,"ORIENTAL TRIMEX",10.88,10.15,17.42,0.00,5.07,17.60,8.32,85.31,250,3672577
495,VIVIDHA,"VISAGAR POLYTEX",0.91,0.78,27.27,0.94,5.07,1.34,0.60,81.55,250,7648513
496,PARADEEP,"PARADEEP PHOSPHATES",140.90,177.25,11.93,1.67,5.07,234.39,83.25,107.27,250,2493697
497,VARDMNPOLY,"VARDHMAN POLYTEX",11.01,8.75,18.63,0.00,5.07,15.39,7.85,68.50,250,933377
498,LCCINFOTEC,"LCC INFOTECH",6.95,4.35,10.47,0.00,5.07,11.65,3.64,115.23,232,1927425
499,MHLXMIRU,"MAHALAXMI RUBTECH",214.98,219.20,21.79,0.00,5.06,325.80,138.50,87.12,250,2018817
500,KAMATHOTEL,"KAMAT HOTELS (I)",252.56,307.80,21.78,1.61,5.06,353.60,175.00,70.72,250,467457
501,JAICORPLTD,"JAI CORP",170.77,161.10,20.37,0.90,5.06,401.05,81.49,187.13,250,1316609
502,FROG-SM,"FROG CELLSAT",284.94,231.00,23.17,0.00,5.06,458.00,211.15,86.63,250,2944257
503,GALLANTT,"GALLANTT ISPAT",454.69,655.15,14.61,1.49,5.06,802.25,292.05,112.21,250,3414273
504,MALLCOM,"MALLCOM (INDIA)",1319.56,1445.00,16.73,1.36,5.05,1785.00,1050.00,55.70,250,2039041
505,DIFFNKG,"DIFFUSION ENGINEERS",313.89,373.50,23.59,0.00,5.05,489.96,231.85,82.23,250,6572033
506,INDOSTAR,"INDOSTAR CAPITAL FIN",284.38,243.00,13.30,1.23,5.05,366.30,217.88,52.19,250,790529
507,ARIES,"ARIES AGRO",315.29,400.75,17.64,1.52,5.05,459.90,220.11,76.05,250,3892225
508,SAFEENTP-SM,"SAFE ENTER RETAIL FIX",203.01,187.35,13.97,0.00,5.05,249.25,151.00,48.40,73,193941249
509,GOKUL,"GOKUL REFOILS & SOLV",48.87,42.88,18.60,1.42,5.05,71.20,39.02,65.85,250,4276481
510,KAMDHENU,"KAMDHENU",36.03,28.60,19.12,0.90,5.04,55.80,25.10,85.22,250,3444993
511,VHLTD-BE,"VICEROY HOTELS",114.60,124.90,10.13,0.70,5.04,136.00,93.05,37.48,250,5986817
512,NRAIL,"N R AGARWAL INDS",328.54,445.00,23.54,0.00,5.04,483.05,205.75,84.40,250,5200385
513,MANORAMA,"MANORAMA INDUSTRIES",1218.93,1525.00,20.55,1.78,5.04,1760.00,740.50,83.64,250,2618113
514,GOLDENTOBC-BZ,"GOLDEN TOBACCO",37.16,34.00,10.46,0.00,5.04,45.00,32.12,34.66,250,2974465
515,AVALON,"AVALON TECHNOLOGIES",824.47,1227.00,19.40,1.50,5.04,1318.00,530.55,95.51,250,3854849
516,JSLL,"JEENA SIKHO LIFECARE",475.34,763.45,17.37,0.84,5.03,849.50,280.00,119.81,250,194077441
517,DJML,"DJ MEDIAPRINT & LOG",124.35,95.85,18.17,0.00,5.03,209.70,88.25,97.67,250,3263745
518,UHTL-SM,"UNITED HEAT TRANSFER",73.92,88.30,20.40,0.00,5.03,128.70,51.50,104.43,237,6639361
519,SHYAMTEL,"SHYAM TELECOM",16.57,13.14,15.71,0.00,5.03,35.00,11.49,141.87,250,3517441
520,OWAIS-SM,"OWAIS METAL & MINERAL",749.66,528.00,23.08,0.00,5.02,1530.00,400.00,150.73,250,5865217
521,HUBTOWN,"HUBTOWN",260.30,310.70,19.23,0.00,5.02,365.70,162.05,78.24,250,3635969
522,RKEC,"RKEC PROJECTS",83.02,69.41,15.73,0.00,5.02,148.50,60.61,105.87,250,396033
523,SHAH,"SHAH METACORP",3.82,4.06,17.02,0.00,5.02,5.64,2.80,74.44,250,5195777
524,STYLEBAAZA,"BAAZAR STYLE RETAIL",300.42,329.80,17.60,1.40,5.02,392.00,181.00,70.23,250,6429185
525,KANPRPLA,"KANPUR PLASTIPACK",160.01,221.50,17.77,1.06,5.02,249.50,104.50,90.62,250,456193
526,BIOFILCHEM,"BIOFIL CHEM & PHARMA",51.03,41.69,18.15,1.54,5.02,79.70,40.00,77.79,250,1058817
527,CPPLUS,"ADITYA INFOTECH",1294.85,1392.90,14.02,2.36,5.02,1476.00,1015.00,35.60,46,194267649
528,SIL,"STANDARD INDUSTRIES",21.94,18.89,13.37,1.04,5.02,31.00,17.50,61.54,250,2892033
529,ELGNZ-SM,"ELEGANZ INTERIORS",129.94,130.00,16.09,0.00,5.01,163.50,95.00,52.72,161,7576321
530,GTL,"GTL",10.36,9.35,28.45,1.18,5.01,16.41,7.59,85.11,250,297473
531,VINEETLAB,"VINEET LABORATORIES",41.22,42.82,19.84,0.00,5.01,64.69,26.51,92.63,250,974593
532,AARON,"AARON INDUSTRIES",181.00,189.90,19.06,1.38,5.01,258.00,126.00,72.93,250,263681
533,AYMSYNTEX,"AYM SYNTEX",223.89,189.02,10.52,0.00,5.01,326.11,168.20,70.53,250,2632961
534,BLUSPRING,"BLUSPRING ENTERPRISES",81.67,81.94,17.61,0.00,5.01,100.88,67.06,41.41,85,193925121
535,RACLGEAR,"RACL GEARTECH",874.61,1195.00,17.99,1.32,5.00,1347.80,658.05,78.86,218,6955777
536,BYKE,"THE BYKE HOSPITALITY",77.54,66.00,11.21,1.77,5.00,107.00,57.80,63.45,250,2027265
537,IFBAGRO,"IFB AGRO INDUSTRIES",627.93,972.50,17.28,0.00,5.00,1049.80,440.00,97.11,250,379393
538,DEVIT,"DEV INFO TECHNOLOGY",50.80,40.86,16.15,1.24,5.00,76.40,37.77,76.04,250,2085377
539,HITECHCORP,"HITECH CORPORATION",211.53,195.00,23.81,1.61,5.00,351.35,160.00,90.46,250,3881217
540,GOYALALUM,"GOYAL ALUMINIUMS",8.62,7.06,22.18,0.98,5.00,11.80,7.01,55.58,250,3017473
541,YATRA,"YATRA ONLINE",105.28,162.60,16.46,1.54,5.00,176.66,65.51,105.57,250,4802561
542,AIMTRON-SM,"AIMTRON ELECTRONICS",571.06,681.00,14.65,0.00,5.00,835.00,358.00,83.53,250,6139905
543,ALMONDZ,"ALMONDZ GLOBAL SEC",24.59,17.50,16.07,0.00,4.99,35.14,17.05,73.57,250,4280065
544,SINCLAIR,"SINCLAIRS HOTELS",97.72,98.10,16.98,0.74,4.99,139.40,72.86,68.09,250,6010881
545,GANGAFORGE,"GANGA FORGING",5.25,3.68,14.06,0.00,4.99,8.50,2.98,105.13,250,1268993
546,AMNPLST,"AMINES & PLASTICIZERS",246.25,208.15,15.69,1.32,4.99,349.00,186.16,66.13,250,5085953
547,KOTHARIPRO,"KOTHARI PRODUCTS",80.91,84.90,18.82,0.00,4.99,111.00,60.91,61.91,250,1415169
548,RELINFRA-BE,"RELIANCE INFRASTRUCTU",287.10,241.84,12.22,0.00,4.99,423.40,198.13,78.46,250,1226497
549,OSWALSEEDS-BE,"SHREEOSWAL S AND CHE",16.44,15.10,15.45,0.00,4.99,26.39,10.72,95.34,250,3663361
550,AVROIND,"AVRO INDIA",167.96,143.30,14.52,0.00,4.99,230.52,126.50,61.93,250,2259713
551,INDIANCARD,"INDIAN CARD CLOTHING CO.",289.07,253.00,21.72,0.00,4.99,452.20,217.50,81.19,250,1132033
552,SENORES,"SENORES PHARMACEUTICALS L",588.11,731.75,16.26,1.34,4.99,751.20,435.25,53.72,196,7395329
553,TRANSRAILL,"TRANSRAIL LIGHTING",625.90,758.70,15.48,1.55,4.98,855.80,394.55,73.69,197,7350785
554,SHANKARA,"SHANKARA BLDG PRODUCT",725.00,134.50,24.61,0.00,4.98,1209.80,133.57,148.45,250,5202177
555,PARSVNATH-BE,"PARSVNATH DEVELOPER",19.78,14.90,17.10,0.00,4.98,27.39,12.31,76.24,250,3531521
556,LLOYDPP-E1,"LLOYD RE.0.50 PPD UP",44.17,47.74,10.37,1.98,4.98,48.50,38.85,21.85,19,194259457
557,JGCHEM,"J.G.CHEMICALS",395.28,425.05,16.22,1.59,4.98,558.00,280.45,70.22,250,5902337
558,ROCKINGDCE-SM,"ROCKINGDEALS CIRCU ECO L",348.03,201.85,25.39,0.00,4.98,650.00,160.55,140.63,245,5193985
559,RGL,"RENAISSANCE GLOBAL",139.89,134.70,15.26,1.21,4.98,207.40,103.01,74.63,250,3873025
560,INOXGREEN,"INOX GREEN ENERGY SER",157.94,235.00,17.73,1.76,4.98,240.15,104.00,86.20,250,3120129
561,SHEKHAWATI,"SHEKHAWATI INDUSTRIES",27.10,20.00,15.50,0.00,4.98,48.07,19.90,103.94,250,5400321
562,SSEGL-SM,"SATHLOKHAR SYN E&C GLOB L",442.52,474.00,15.44,0.00,4.98,570.00,312.00,58.30,250,6322433
563,ROSSTECH,"ROSSELL TECHSYS",455.63,693.05,17.96,0.00,4.98,832.00,231.15,131.87,210,7002369
564,SAMBHV,"SAMBHV STEEL TUBES",121.27,114.25,16.41,1.22,4.98,149.40,96.25,43.83,70,193988353
565,GILLANDERS,"GILLANDERS ARBUTHNOT",116.26,126.25,13.93,1.50,4.97,151.90,80.20,61.67,250,4566785
566,VILAS-SM,"VILAS TRANSCORE",467.16,480.00,15.93,0.00,4.97,673.70,291.00,81.92,250,6120705
567,HECPROJECT,"HEC INFRA PROJECTS",129.29,143.50,13.50,0.00,4.97,184.10,82.01,78.96,250,1900801
568,PRITI,"PRITI INTERNATIONAL",106.81,70.09,23.58,0.85,4.97,185.99,63.40,114.77,250,2125825
569,EIFFL-BE,"EURO (I) FRESH FOODS",212.00,229.68,17.32,0.44,4.97,292.05,167.75,58.63,250,1546753
570,ZENITHEXPO,"ZENITH EXPORTS",258.56,255.00,18.38,0.00,4.97,360.70,193.00,64.86,245,1069057
571,RPEL,"RAGHAV PRODUCTIVITY ENH L",653.10,717.10,16.48,1.40,4.97,889.50,449.50,67.37,250,6332161
572,GVPIL,"GE POWER INDIA",316.27,332.20,16.39,1.72,4.96,457.00,205.25,79.60,250,2012673
573,SUMIT,"SUMIT WOODS",110.35,93.60,16.10,0.00,4.96,155.99,75.23,73.18,250,2851841
574,TRANSWORLD,"TRANSWORLD SHIP LINES",311.74,247.00,12.01,1.36,4.96,492.00,234.12,82.72,250,801025
575,LIBERTSHOE,"LIBERTY SHOES",405.20,333.50,20.06,0.00,4.96,569.60,276.00,72.46,250,510465
576,LAXMIDENTL,"LAXMI DENTAL",401.67,317.75,19.59,1.13,4.96,584.00,302.00,70.21,181,7467777
577,VIPCLOTHNG,"VIP CLOTHING",39.22,34.95,15.26,0.00,4.96,53.20,28.00,64.26,250,3799809
578,KITEX,"KITEX GARMENTS",222.79,190.40,10.55,0.00,4.96,324.42,147.01,79.63,250,7398145
579,EEPL-SM,"EPPELTONE ENGINEERS",205.06,192.90,20.79,1.13,4.96,267.90,186.00,39.94,76,194136577
580,GLOBE,"GLOBE TEXTILES (I)",3.03,2.21,13.05,0.00,4.96,5.22,2.02,105.68,250,100609
581,SATKARTAR-SM,"SAT KARTAR SHOPPING",168.31,169.95,16.96,0.00,4.96,241.95,130.20,66.39,179,7462657
582,NAHARPOLY,"NAHAR POLY FILMS",268.04,313.50,17.71,0.00,4.96,389.95,176.42,79.66,250,3697921
583,NEULANDLAB,"NEULAND LAB",13428.84,16310.00,19.84,1.49,4.95,18100.00,10190.70,58.90,250,615937
584,MSPL,"MSP STEEL & POWER",34.23,37.04,11.91,0.00,4.95,55.94,21.60,100.33,250,3051265
585,ATLANTAA-BE,"ATLANTAA",40.66,58.85,17.50,0.00,4.95,73.39,27.26,113.44,250,3476993
586,VIGOR-SM,"VIGOR PLAST INDIA",89.06,88.50,11.01,0.00,4.95,98.00,81.65,18.36,20,194277889
587,AJMERA,"AJMERA REALTY & INF I",922.02,1030.00,16.68,1.60,4.95,1224.90,653.40,61.98,250,4430593
588,747KL39-SG,"SDL KL 7.47% 2039",101.00,101.00,4.95,4.95,4.95,101.00,96.00,4.95,1,4632833
589,GODAVARIB,"GODAVARI BIOREFINERIES L",256.55,252.05,17.49,0.00,4.95,408.60,145.00,102.75,236,6640897
590,PATILAUTOM-SM,"PATIL AUTOMATION",207.06,173.00,18.82,0.00,4.95,268.90,155.00,55.01,77,193782529
591,GATECH,"GACM TECHNOLOGIES",0.72,0.71,19.42,0.00,4.95,1.21,0.44,106.52,250,4579329
592,KNAGRI-SM,"KN AGRI RESOURCES",243.52,234.95,23.41,0.00,4.95,310.00,172.60,56.42,249,2202113
593,MANOMAY,"MANOMAY TEX INDIA",182.92,201.60,21.60,1.10,4.95,248.19,146.00,55.87,250,3520769
594,LOYALTEX-BE,"LOYAL TEXTILE MILLS",321.07,272.10,22.52,0.00,4.95,593.90,212.00,118.95,250,2714881
595,GOKULAGRO,"GOKUL AGRO RESOURCES",300.27,373.60,16.16,1.37,4.94,425.00,193.10,77.23,250,3706881
596,STCINDIA,"THE STATE TRADING CORPN",137.34,136.20,18.16,1.00,4.94,181.40,104.11,56.28,250,2802689
597,ARIHANTCAP,"ARIHANT CAPITAL MKTS",90.97,113.01,17.83,1.46,4.94,124.80,58.15,73.26,250,976129
598,PROFX-SM,"PRO FX TECH",106.83,92.20,20.12,0.00,4.94,136.90,83.10,50.36,69,193998337
599,REPRO,"REPRO INDIA",509.22,490.00,19.83,0.70,4.94,665.40,381.60,55.73,250,3360257
600,DCAL,"DISHMAN CARBO AMCIS",240.75,294.00,17.35,1.53,4.94,321.95,169.22,63.44,250,5556225
601,DCMNVL,"DCM NOUVELLE",181.55,160.10,19.05,1.18,4.94,230.00,145.00,46.82,250,2825985
602,WINDMACHIN,"WINDSOR MACHINES",317.91,295.00,17.58,0.00,4.93,440.80,165.15,86.71,250,6392065
603,ANIKINDS,"ANIK INDUSTRIES",99.36,68.60,18.59,0.00,4.93,133.00,60.51,72.95,250,4264193
604,GRPLTD,"GRP",2762.86,2161.00,18.71,0.93,4.93,3550.00,1975.60,56.98,250,1675009
605,63MOONS,"63 MOONS TECHNOLOGIES",807.72,843.00,12.91,0.00,4.93,1130.00,392.00,91.37,250,3038209
606,TECILCHEM-BE,"TECIL CHEMICALS",23.01,18.03,30.99,0.00,4.93,42.16,14.66,119.53,213,3773185
607,STEELCAS,"STEELCAST",191.40,220.01,19.72,1.70,4.93,255.80,142.10,59.40,250,1741569
608,CHEMFAB,"CHEMFAB ALKALIS",843.82,606.00,22.34,1.54,4.92,1230.00,593.00,75.49,250,716545
609,SIYSIL,"SIYARAM SILK MILLS",712.44,728.20,19.20,1.33,4.92,1175.00,489.95,96.16,250,3608577
610,FRESHARA-SM,"FRESHARA AGRO EXPORTS",165.83,168.50,19.40,0.00,4.92,221.95,110.00,67.51,240,6622209
611,PRUDENT,"PRUDENT CORP ADV SER",2607.80,2675.10,26.73,1.35,4.92,3735.20,1570.00,83.03,250,2445569
612,INTERARCH,"INTERARCH BLDNG SOLTN",1816.29,1941.20,19.74,1.70,4.92,2400.00,1264.00,62.55,250,6376705
613,MBEL,"M AND B ENGINEERING",419.99,379.00,17.57,1.71,4.92,494.00,364.00,30.95,45,194086401
614,MEDICAMEQ,"MEDICAMEN BIOTECH",443.68,309.05,15.62,1.42,4.92,630.00,292.95,75.97,250,1607169
615,UNIVPHOTO-BE,"UNIVERSUS IMAGINGS",256.79,265.50,20.94,0.59,4.92,434.00,174.00,101.25,250,4521217
616,BALAXI,"BALAXI PHARMA",62.37,43.61,17.35,0.81,4.92,98.94,42.17,91.02,250,2895105
617,BLISSGVS,"BLISS GVS PHARMA",143.80,158.11,14.99,1.41,4.91,190.97,106.04,59.06,250,4931841
618,MEGASTAR,"MEGASTAR FOODS",238.28,224.00,16.58,0.89,4.91,310.50,187.61,51.57,250,2087169
619,ANTGRAPHIC,"ANTARCTICA",1.25,1.09,19.57,0.00,4.91,1.99,0.93,84.88,250,1329665
620,GCHOTELS-ST,"GRAND CONTINENT HOTELS L",165.18,222.20,16.30,0.00,4.91,255.00,101.90,92.68,133,7753985
621,APCL,"ANJANI PORTLAND CEM",143.90,126.93,26.07,1.08,4.91,186.90,96.20,63.03,250,5235969
622,BOHRAIND,"BOHRA INDUSTRIES",28.73,21.05,10.56,0.00,4.90,39.29,15.11,84.15,171,2979841
623,INDOTECH,"INDO TECH TRANSFORM",2272.72,1833.00,10.53,0.00,4.90,3771.95,1525.00,98.87,250,3398401
624,LFIC,"LAKSHMI FIN IND CORP",212.62,207.91,18.24,0.86,4.90,286.30,153.80,62.32,250,2022913
625,GROBTEA,"THE GROB TEA COMPANY",1054.52,1036.50,22.75,0.00,4.90,1514.70,747.00,72.80,250,4549121
626,TRF,"TRF",382.89,348.00,17.19,1.32,4.90,528.80,285.05,63.66,250,4604673
627,WINSOL-SM,"WINSOL ENGINEERS",230.72,186.00,17.14,0.00,4.90,330.00,155.00,75.85,250,6070785
628,PUNJABCHEM,"PUNJAB CHEM & CROP PROT L",1076.81,1327.30,18.85,1.35,4.90,1666.00,662.00,93.24,250,1112065
629,UNIVCABLES,"UNIVERSAL CABLES",646.29,701.50,16.79,1.19,4.90,866.25,407.25,71.02,250,923393
630,WORTHPERI,"WORTH PERIPHERALS",148.69,160.55,18.22,1.24,4.90,190.47,114.99,50.76,250,5702913
631,STERTOOLS,"STERLING TOOLS",412.81,312.95,15.92,1.31,4.90,744.30,270.00,114.89,250,1100545
632,ASHOKAMET,"ASHOKA METCAST",19.72,16.95,19.06,0.00,4.90,35.25,15.00,102.66,250,4337409
633,VASCONEQ,"VASCON ENGINEERS",50.56,69.48,12.79,1.57,4.89,74.59,31.98,84.28,250,4636161
634,ZODIACLOTH,"ZODIAC CLOTHING CO.",109.10,98.90,18.04,1.35,4.89,154.70,82.00,66.63,250,978177
635,ELIN,"ELIN ELECTRONICS",178.48,201.80,12.23,0.00,4.89,240.00,108.21,73.84,250,3436289
636,FISCHER,"FISCHER MEDICAL VENTURE L",102.26,97.40,16.92,1.35,4.89,124.70,77.00,46.65,64,193960449
637,BHAGYANGR-BE,"BHAGYANAGAR INDIA",87.68,99.95,16.74,1.11,4.89,118.00,65.00,60.45,250,5324545
638,BBOX,"BLACK BOX",502.55,575.40,15.28,1.03,4.89,714.80,320.85,78.39,250,879361
639,PLATIND,"PLATINUM INDUSTRIES",320.43,285.25,16.86,1.15,4.89,502.05,225.00,86.46,250,5870081
640,ORBTEXP,"ORBIT EXPORTS",189.45,218.00,18.98,0.00,4.89,306.29,138.70,88.46,250,8057601
641,TOLINS,"TOLINS TYRES",161.04,168.12,17.08,0.00,4.89,259.20,107.72,94.06,250,6467073
642,BANCOINDIA,"BANCO PRODUCTS (I)",503.73,804.00,17.67,1.33,4.88,879.80,297.50,115.60,250,3553281
643,RPOWER,"RELIANCE POWER",45.95,48.21,16.76,0.00,4.88,76.49,31.27,98.41,250,3906305
644,PAKKA,"PAKKA",220.61,147.00,14.66,1.43,4.88,363.55,144.51,99.29,250,4402433
645,MALUPAPER,"MALU PAPER MILLS",40.75,38.48,19.01,1.26,4.88,54.09,31.21,56.15,250,3418113
646,ONEPOINT,"ONE POINT ONE SOL",54.29,49.80,16.54,1.33,4.88,69.99,41.01,53.38,250,2544385
647,PATINTLOG,"PATEL INT. LOG.",17.72,14.34,17.19,1.53,4.88,26.49,12.90,76.70,250,3896065
648,DEEDEV,"DEE DEVELOPMENT ENG",273.17,274.00,23.38,1.19,4.87,360.00,167.00,70.65,250,6183425
649,SKYGOLD,"SKY GOLD AND DIAMONDS",337.94,337.20,14.55,0.00,4.87,488.55,246.05,71.76,250,3489537
650,BELLACASA,"BELLA CASA FASH AND RET L",408.67,411.80,14.00,1.38,4.87,464.90,358.65,26.00,58,194032129
651,PURPLEUTED-ST,"PURPLE UNITED SALES",270.17,469.95,18.16,0.00,4.87,501.90,119.55,141.52,202,7179265
652,MONOLITH-ST,"MONOLITHISCH INDIA",412.72,452.00,15.77,0.00,4.87,498.95,219.45,67.72,79,193782017
653,TARC,"TARC",170.72,150.80,12.25,0.00,4.87,266.10,103.22,95.41,250,404737
654,SCODATUBES,"SCODA TUBES",184.17,171.00,12.65,0.00,4.87,230.85,135.10,51.99,90,193914369
655,ACCURACY,"ACCURACY SHIPPING",8.65,6.65,22.06,1.15,4.87,12.50,6.42,70.25,250,375041
656,STEL,"STEL HOLDINGS",430.87,390.00,15.16,0.18,4.87,605.25,310.10,68.50,250,5499905
657,ICIL,"INDO COUNT INDUSTRIES",303.52,274.00,15.56,1.59,4.87,423.95,213.55,69.32,250,3068673
658,JSWHL,"JSW HOLDINGS",18632.04,17148.00,19.72,1.07,4.87,27740.00,8550.05,102.99,250,3041281
659,SHIVALIK,"SHIVALIK RASAYAN",602.51,428.00,20.90,1.24,4.87,879.05,409.15,77.99,250,1796097
660,JNKINDIA,"JNK INDIA",430.68,308.50,16.96,1.38,4.86,743.95,264.80,111.26,250,6046977
661,KELLTONTEC,"KELLTON TECH SOL",26.49,23.98,19.22,1.18,4.86,35.50,19.00,62.28,250,3438081
662,KRITI,"KRITI INDUSTRIES IND",144.77,125.50,13.04,0.00,4.86,228.00,90.44,95.02,250,1642753
663,SURAJEST,"SURAJ ESTATE DEVELOPERS L",415.54,281.00,19.92,0.97,4.86,828.00,270.00,134.28,250,5330433
664,POWERINDIA,"HITACHI ENERGY INDIA",15523.22,17635.00,22.02,1.44,4.86,21800.00,8801.00,83.74,250,4724993
665,DAMCAPITAL,"DAM CAPITAL ADVISORS",252.63,249.63,15.72,1.50,4.86,456.90,195.55,103.45,197,7337473
666,SPAL,"S. P. APPARELS",815.09,705.70,17.33,1.13,4.86,995.00,628.00,45.03,250,4672513
667,BHANDARI,"BHANDARI HOSIERY EXP",5.76,4.62,23.09,0.80,4.86,8.70,4.28,76.73,250,5006337
668,SPLIL,"SPL INDUSTRIES",45.59,38.98,13.74,0.00,4.86,70.00,30.40,86.87,250,3055361
669,DATAPATTNS,"DATA PATTERNS INDIA",2389.31,2790.10,16.73,1.03,4.86,3268.80,1351.15,80.26,250,1883649
670,AIRAN,"AIRAN",29.42,24.14,20.17,1.30,4.86,40.50,23.16,58.94,250,2533633
671,TIL,"TIL",292.64,320.50,9.78,0.00,4.86,409.00,165.40,83.24,250,891905
672,ITI,"ITI",301.06,339.30,20.97,0.00,4.85,592.70,210.00,127.12,250,428801
673,PENINLAND,"PENINSULA LAND",36.18,34.65,17.23,0.00,4.85,56.80,20.87,99.31,250,577537
674,SIMPLEXINF,"SIMPLEX INFRASTRUCTURES L",285.92,290.60,10.85,0.00,4.85,352.00,208.01,50.36,250,809473
675,SHREERAMA-BE,"SHREE RAMA MULTI TECH",42.06,58.17,16.05,0.00,4.85,67.40,25.30,100.10,250,1954305
676,RPPINFRA,"R.P.P INFRA PROJECTS",157.23,122.29,19.07,0.00,4.85,255.30,108.58,93.31,250,5314561
677,FUSION,"FUSION FINANCE",173.85,194.70,15.48,1.08,4.84,225.61,123.96,58.47,250,3054593
678,APS-SM,"AUSTRALIAN PREM SOLAR I L",488.16,477.00,17.19,0.00,4.84,654.00,345.00,63.30,250,5491457
679,MAXIND,"MAX INDIA",214.93,213.10,16.89,1.28,4.84,302.94,159.65,66.67,250,5741569
680,CRIZAC,"CRIZAC",328.76,282.00,11.53,2.12,4.84,387.95,275.00,34.36,65,194009601
681,DHARMAJ,"DHARMAJ CROP GUARD",276.45,305.15,16.75,0.00,4.84,386.50,165.10,80.09,250,3328257
682,ORIANA-SM,"ORIANA POWER",2008.53,2799.00,12.17,0.00,4.84,3054.20,1000.00,102.27,250,4577793
683,BHARATWIRE,"BHARAT WIRE ROPES",195.75,170.70,17.20,1.06,4.84,277.40,122.23,79.27,250,4127489
684,OLAELEC-BE,"OLA ELECTRIC MOBILITY",61.13,49.80,17.34,1.02,4.84,102.50,39.60,102.89,250,6343425
685,JYOTIGLOBL-SM,"JYOTI GLOBAL PLAST",58.10,69.00,17.24,0.00,4.84,77.75,49.00,49.48,42,194104577
686,PURVA,"PURAVANKARA",301.63,251.40,14.98,1.45,4.83,463.70,208.70,84.54,250,3820033
687,BASML,"BANNARI AM SPIN MILL",37.72,26.65,17.79,0.00,4.83,58.62,25.50,87.81,250,3080705
688,IXIGO,"LE TRAVENUES TECHNOLOGY L",181.20,319.00,14.66,1.34,4.83,329.75,117.00,117.41,250,6161153
689,INDOFARM,"INDO FARM EQUIPMENT",193.13,231.10,17.54,0.00,4.82,293.20,136.80,80.98,190,7430401
690,DMCC,"DMCC SPECIALITY CHEMICALS",305.61,309.40,16.53,0.00,4.82,452.70,246.00,67.63,250,1785089
691,CEWATER,"CONCORD ENVIRO SYSTEMS L",570.02,498.00,18.84,0.88,4.82,860.00,415.00,78.07,197,7363585
692,SAURASHCEM,"SAURASHTRA CEMENT",100.93,106.00,17.64,1.23,4.82,135.00,73.73,60.71,250,772609
693,LINC,"LINC",136.70,124.00,13.88,1.21,4.82,207.90,95.11,82.51,250,1779457
694,MAXVOLT-SM,"MAXVOLT ENERGY INDUS L",217.30,306.50,24.31,0.00,4.82,319.95,145.05,80.49,157,7589121
695,TCL-SM,"THAAI CASTING",118.51,124.00,17.72,0.12,4.82,184.00,77.15,90.16,249,5830913
696,AERON-SM,"AERON COMPOSITE",134.18,108.90,19.11,0.13,4.82,202.20,99.00,76.91,250,6416641
697,990SCL26-N7,"990SCL26-N7",688.84,303.40,44.48,0.00,4.82,898.00,301.05,86.66,101,5058561
698,WIPL,"THE WESTERN INDIA PLY",179.76,160.00,17.86,0.00,4.82,270.00,137.90,73.49,250,5243137
699,CCCL,"CONS. CONST. CONSORT",17.57,24.00,23.06,0.00,4.82,28.87,10.84,102.64,250,3837953
700,ONWARDTEC,"ONWARD TECHNOLOGIES",308.56,313.55,17.44,0.00,4.81,434.70,206.00,74.12,250,635137
701,AAATECH-BE,"AAA TECHNOLOGIES",92.41,101.34,20.47,0.00,4.81,138.00,66.00,77.91,250,3210753
702,DDEVPLSTIK,"DDEV PLASTIKS IND",283.49,316.90,16.92,1.09,4.81,360.00,212.55,52.01,184,7449089
703,AAREYDRUGS-BE,"AAREY DRUGS & PHARM",57.88,82.00,17.45,0.00,4.81,84.00,31.35,90.96,250,1343489
704,KRITINUT,"KRITI NUTRIENTS",113.39,93.44,16.40,0.00,4.81,156.95,85.15,63.32,250,2926593
705,MAHEPC,"MAHINDRA EPC IRRIG",134.03,148.00,18.87,1.18,4.81,185.12,96.50,66.12,250,4506369
706,RISHABH-BE,"RISHABH INSTRUMENTS",313.03,390.00,17.73,1.25,4.81,490.00,201.50,92.16,250,4715265
707,DBREALTY,"VALOR ESTATE",175.28,159.00,16.59,0.99,4.81,252.67,115.11,78.48,250,4639745
708,AVANTEL,"AVANTEL",142.34,203.40,15.72,0.55,4.80,215.00,95.13,84.21,250,6300161
709,DIL,"DEBOCK INDUSTRIES",2.88,2.06,33.85,0.00,4.80,7.71,1.80,205.10,250,2216193
710,SGLTL,"STANDARD GLASS LIN TECH L",166.16,178.80,18.93,1.28,4.80,213.80,124.00,54.05,186,7443201
711,GENESYS,"GENESYS INTL CORPN",722.89,485.00,20.40,1.25,4.80,1055.00,472.20,80.62,250,2791681
712,HDIL-BZ,"HOUSING DEV & INFRA",3.50,2.91,10.69,0.00,4.80,4.66,2.52,61.14,175,4587521
713,MARATHON,"MARATHON NXTGEN REALT",578.85,572.00,16.60,1.25,4.80,769.45,352.05,72.11,250,4776705
714,PDMJEPAPER,"PUDUMJEE PAPER PRO.",128.00,120.64,17.04,0.00,4.80,232.20,92.35,109.26,250,3936513
715,WEIZMANIND,"WEIZMANN",119.34,110.02,20.25,0.58,4.79,155.00,100.09,46.01,250,959489
716,PRIMESECU,"PRIME SECURITIES",265.53,308.45,15.82,1.06,4.79,359.00,196.85,61.07,250,3037185
717,SMLISUZU,"SML ISUZU",2128.71,3206.00,17.10,0.73,4.79,4743.00,1028.40,174.50,250,867073
718,SAWALIYA-SM,"SAWALIYA FOOD PRODUCTS L",237.63,219.50,25.17,0.00,4.79,301.00,208.00,39.14,39,194161665
719,SUMMITSEC,"SUMMIT SECURITIES",2285.11,2187.70,15.93,1.17,4.79,3675.00,1380.00,100.43,250,5446401
720,LUMAXTECH,"LUMAX AUTO TECH",765.63,1180.00,17.92,1.30,4.79,1337.90,449.00,116.10,250,3587585
721,AVG,"AVG LOGISTICS",307.01,234.67,18.70,0.00,4.79,549.00,198.00,114.33,250,3990785
722,PRAKASHSTL,"PRAKASH STEELAGE",6.96,5.20,23.21,1.15,4.79,10.18,5.01,74.27,250,5017345
723,ASALCBR,"ASSO ALCOHOLS & BREW",1099.91,1017.30,21.58,1.21,4.79,1496.00,815.00,61.91,250,4505089
724,UNIMECH,"UNIMECH AEROSPACE N MFG L",1116.28,963.00,13.16,1.71,4.79,1523.75,850.00,60.36,195,7413761
725,HIMATSEIDE,"HIMATSINGKA SEIDE",152.52,117.80,12.56,1.50,4.79,231.30,107.68,81.05,250,348161
726,MAANALU,"MAAN ALUMINIUM",122.00,133.98,12.19,0.00,4.79,259.50,75.51,150.81,250,3844353
727,AURUM,"AURUM PROPTECH",194.68,167.34,14.38,0.00,4.78,264.80,144.40,61.84,250,2639361
728,PRIMO,"PRIMO CHEMICALS",26.10,23.69,12.66,1.53,4.78,31.39,22.79,32.95,120,193772801
729,FOODSIN,"FOODS & INNS",103.13,83.95,17.46,1.40,4.78,137.88,76.00,60.00,250,1708289
730,MTNL,"MAHANAGAR TELEPHONE NIGAM",46.96,43.04,17.83,0.88,4.78,61.87,37.42,52.06,250,587265
731,NINSYS,"NINTEC SYSTEMS",483.75,440.05,14.75,0.43,4.78,642.25,406.50,48.73,250,3633665
732,CINELINE,"CINELINE INDIA",97.34,88.07,17.33,0.00,4.78,148.70,73.64,77.11,250,6953217
733,HCC,"HINDUSTAN CONSTRUCTION CO",31.44,28.69,13.94,1.61,4.78,47.85,21.97,82.32,250,352001
734,ETML-SM,"EMERALD TYRE MANUF",129.10,129.00,18.71,0.00,4.78,198.95,96.10,79.67,204,7073025
735,ZENTEC,"ZEN TECHNOLOGIES",1720.97,1419.90,16.64,0.00,4.78,2627.00,945.35,97.71,250,1922049
736,ASAL,"AUTOMOTIVE STAMPINGS & AS",562.91,563.65,21.27,0.90,4.78,819.60,395.50,75.34,250,2722305
737,SRGHFL,"SRG HOUSING FINANCE L",323.75,303.50,17.41,0.59,4.78,414.00,272.35,43.75,250,4638465
738,TI,"TILAKNAGAR INDUSTRIES",365.02,454.15,20.96,1.43,4.78,529.90,199.53,90.51,250,4914177
739,BHAGERIA,"BHAGERIA INDUSTRIES",185.29,185.00,21.72,1.25,4.78,231.00,132.00,53.43,250,3430401
740,PAISALO,"PAISALO DIGITAL",38.94,39.45,14.50,0.98,4.77,63.74,29.38,88.24,250,6519809
741,UNITEDTEA,"UNITED NILGIRI TEA",453.56,475.00,19.89,0.86,4.77,619.00,350.10,59.29,250,4607745
742,PARASPETRO,"PARAS PETROFILS",2.73,2.25,17.46,0.00,4.77,3.82,2.04,65.08,250,1016833
743,AARTECH,"AARTECH SOLONICS",64.92,53.05,14.46,0.00,4.77,105.39,49.75,85.70,250,4389121
744,KRIDHANINF,"KRIDHAN INFRA",4.42,3.95,17.97,0.00,4.77,8.77,3.03,129.88,250,2938881
745,SYRMA,"SYRMA SGS TECHNOLOGY",576.87,842.10,16.98,1.38,4.77,875.00,370.00,87.54,250,2763009
746,BEDMUTHA,"BEDMUTHA INDUST",171.01,135.00,20.62,1.09,4.77,259.70,132.01,74.67,250,5170177
747,MVGJL,"MANOJ VAIBHAV GEM N JEW L",228.48,187.02,16.49,1.19,4.77,315.50,180.90,58.91,250,4867841
748,NELCAST,"NELCAST",122.82,113.99,16.82,1.69,4.77,180.90,78.55,83.34,250,3778817
749,STUDIOLSD-SM,"STUDIO LSD",25.17,20.25,18.10,0.00,4.77,43.20,18.65,97.54,33,194182913
750,TARACHAND,"TARA CHAND INFRA SOLN",67.42,86.00,16.27,0.00,4.76,97.60,46.50,75.79,250,6019073
751,ASIANHOTNR,"ASIAN HOTELS (NORTH)",316.06,329.80,13.82,0.00,4.76,419.50,173.00,77.99,250,4716033
752,FIRSTCRY,"BRAINBEES SOLUTIONS",440.21,373.25,17.59,1.51,4.76,734.00,286.05,101.76,250,6352385
753,EUROPRATIK,"EURO PRATIK SALES",249.72,261.60,12.46,1.56,4.76,278.00,225.00,21.22,13,194508033
754,MOTISONS,"MOTISONS JEWELLERS",21.92,17.95,15.88,0.00,4.76,33.80,15.40,83.95,250,5321729
755,ALPHAGEO,"ALPHAGEO (INDIA)",299.44,253.60,30.70,1.21,4.76,507.79,210.77,99.19,250,3736833
756,BLKASHYAP,"B.L.KASHYAP & SON",68.00,61.80,16.20,1.12,4.75,91.40,45.00,68.24,250,3402241
757,PNC-BE,"PRITISH NANDY COMMUNICATI",38.24,30.89,16.05,0.00,4.75,70.55,22.12,126.63,250,2392577
758,E2E,"E2E NETWORKS",2964.29,3403.30,10.52,0.00,4.75,5487.65,1710.05,127.44,250,2287873
759,BPL,"BPL",90.16,77.49,17.69,0.93,4.75,144.20,62.92,90.15,250,135681
760,SHRENIK,"SHRENIK",0.66,0.57,18.18,0.00,4.75,0.92,0.46,70.05,250,2854145
761,OAL,"ORIENTAL AROMATICS",386.08,334.30,20.66,1.22,4.75,656.70,261.55,102.35,250,2756609
762,AEROFLEX,"AEROFLEX INDUSTRIES",190.73,173.20,16.11,1.21,4.75,272.00,148.01,65.01,250,4676609
763,SKIPPER,"SKIPPER",497.98,514.20,19.54,1.51,4.75,665.00,342.50,64.76,250,2413569
764,SUTLEJTEX,"SUTLEJ TEXT & INDUS",47.15,34.11,14.94,0.00,4.75,77.85,32.50,96.18,250,3533057
765,KANANIIND,"KANANI INDUSTRIES",2.34,1.99,24.85,1.02,4.75,3.05,1.60,61.89,250,6601217
766,GREAVESCOT,"GREAVES COTTON",216.30,207.50,17.61,1.20,4.74,319.50,154.50,76.28,250,316161
767,DGCONTENT-BE,"DIGICONTENT",45.34,36.40,17.18,0.00,4.74,68.50,33.55,77.08,250,2651649
768,SWIGGY,"SWIGGY",405.23,435.50,16.44,1.44,4.74,617.30,297.00,79.04,226,6928897
769,SIGACHI,"SIGACHI INDUSTRIES",44.01,39.80,18.52,1.62,4.74,59.59,30.51,66.07,250,1705729
770,ANANTRAJ,"ANANT RAJ",611.10,693.30,22.11,1.13,4.74,947.90,376.15,93.56,250,3486721
771,DIAMINESQ,"DIAMINES & CHEMICALS",415.38,299.95,18.22,0.66,4.74,577.00,289.95,69.11,250,4772865
772,INDORAMA,"INDO RAMA SYNTHETICS",44.47,59.41,18.41,0.00,4.74,62.80,32.00,69.26,250,2814209
773,CSLFINANCE,"CSL FINANCE",306.57,285.00,16.71,1.29,4.74,428.40,227.45,65.55,250,2649601
774,PREMIERPOL,"PREMIER POLYFILM",58.57,44.98,17.75,0.00,4.74,85.17,43.76,70.70,250,1000449
775,V2RETAIL,"V2 RETAIL",1698.22,2375.00,9.92,0.00,4.73,2465.00,1071.10,82.08,250,3780097
776,SWANCORP,"SWAN CORP",501.05,445.00,14.37,1.34,4.73,809.80,362.20,89.33,250,6936321
777,SARVESHWAR,"SARVESHWAR FOODS",7.55,6.00,15.45,1.52,4.73,11.25,5.34,78.32,250,3305729
778,NELCO,"NELCO",957.90,880.00,15.87,1.29,4.73,1502.75,706.95,83.08,250,611329
779,RAYMONDLSL,"RAYMOND LIFESTYLE",1426.95,1216.00,17.24,1.48,4.73,2496.00,911.35,111.05,250,6418689
780,SEJALLTD,"SEJAL GLASS",511.30,778.05,11.33,0.00,4.73,852.30,313.50,105.38,250,1815297
781,TRUALT,"TRUALT BIOENERGY",510.53,519.35,6.82,3.57,4.73,549.00,490.00,11.56,6,194357761
782,TVSELECT,"TVS ELECTRONICS",395.77,618.00,17.41,0.00,4.73,691.90,271.45,106.24,250,2883841
783,IFGLEXPOR,"IFGL REFRACTORIES",233.25,267.65,17.79,1.36,4.73,338.00,163.00,75.03,250,111617
784,RILINFRA-SM,"RACHANA INFRA",38.44,33.55,16.30,0.00,4.72,56.00,25.55,79.21,250,2522625
785,AURIONPRO,"AURIONPRO SOLN",1474.24,1115.00,20.24,1.26,4.72,1923.75,1083.00,57.03,250,3077633
786,PRUDMOULI,"PRUDENTIAL SUGAR CORPORAT",48.08,26.20,19.16,0.00,4.72,75.84,24.75,106.26,248,5254913
787,NIBE,"NIBE",1385.60,1343.90,14.75,0.00,4.72,2001.00,761.50,89.46,166,7548673
788,SHEMAROO,"SHEMAROO ENTER.",129.77,112.80,14.59,1.07,4.72,191.90,88.80,79.45,250,1297409
789,AVL,"ADITYA VISION",449.86,555.00,14.81,1.21,4.72,587.00,327.60,57.66,231,6651905
790,STAR,"STRIDES PHARMA SCI",845.39,848.00,18.21,0.00,4.72,1496.60,513.05,116.34,250,1887745
791,LAKPRE-BZ,"LAKSHMI PRE SCRE",5.19,5.69,10.65,0.00,4.72,7.64,3.88,72.47,156,1222145
792,EBGNG,"GNG ELECTRONICS",344.85,336.00,10.29,1.60,4.72,401.70,300.00,29.49,50,194012673
793,VINCOFE,"VINTAGE COFFEE N BVRGS L",120.98,140.90,16.19,1.22,4.72,159.70,75.00,70.01,244,6613761
794,INTENTECH-BE,"INTENSE TECHNOLOGIES",107.83,142.00,16.87,0.00,4.72,159.94,79.50,74.60,250,5139713
795,IRISDOREME,"IRIS CLOTHINGS",29.34,33.34,17.46,1.39,4.71,36.90,20.73,55.12,250,582401
796,SEPC,"SEPC",15.94,11.80,16.80,1.42,4.71,28.94,10.90,113.15,250,3918849
797,STYL,"SESHAASAI TECHNOLOGIES L",416.96,426.45,7.64,2.94,4.71,437.45,400.10,8.96,8,194543105
798,SHKSIL-SM,"SHRI HARE-KRI SPO IRON L",67.36,62.95,17.57,0.00,4.71,84.00,54.05,44.47,68,194193409
799,PARAS,"PARAS DEF AND SPCE TECH L",614.56,720.55,17.81,1.19,4.71,972.50,404.70,92.39,250,1513217
800,CORDSCABLE,"CORDS CABLE INDUS",187.69,178.10,20.70,1.20,4.71,246.45,146.65,53.17,250,3909377
801,MANINDS,"MAN INDUSTRIES (I)",340.46,382.80,16.92,1.71,4.71,468.00,201.55,78.26,250,3042305
802,JINDRILL,"JINDAL DRILLING IND.",710.05,588.75,17.62,1.00,4.71,990.35,570.00,59.20,250,3552001
803,MKPL,"M K PROTEINS",7.41,7.00,19.00,0.00,4.71,9.78,5.40,59.11,250,4284417
804,VIRINCHI-BE,"VIRINCHI",26.71,28.37,17.31,1.76,4.71,32.82,19.46,50.02,250,3917825
805,SURANI-SM,"SURANI STEEL TUBES",148.37,87.00,24.97,0.00,4.70,318.90,75.10,164.31,221,2179329
806,KAPSTON,"KAPSTON SERVICES",244.70,252.00,16.84,0.00,4.70,319.00,190.00,52.72,250,4855553
807,NDGL,"NAGA DHUNSERI GROUP",4273.37,3831.10,16.59,0.16,4.70,6689.00,3210.95,81.39,250,4702977
808,JAIBALAJI,"JAI BALAJI INDUSTRIES",139.75,97.42,16.98,1.53,4.70,235.40,93.05,101.86,250,2881537
809,SANGAMIND,"SANGAM (INDIA)",401.18,427.50,17.64,1.36,4.70,513.00,293.15,54.80,250,1071105
810,FAIRCHEMOR,"FAIRCHEM ORGANICS",935.14,782.05,17.66,0.72,4.70,1307.00,750.00,59.56,250,413185
811,KCK-ST,"KCK INDUSTRIES",46.03,37.90,19.58,0.00,4.70,70.55,28.15,92.11,223,2635777
812,JAINIK-ST,"JAINIK POWER CABLES",111.28,135.15,14.97,0.00,4.70,153.10,60.60,83.13,81,194126337
813,PENIND,"PENNAR INDUSTRIES",205.71,241.43,17.07,1.80,4.70,269.20,135.65,64.92,250,5278977
814,KOTHARIPET,"KOTHARI PETROCHEM",173.69,142.00,12.99,1.26,4.70,250.40,132.31,67.99,250,1176065
815,MOLDTECH,"MOLD-TEK TECHNOLOGIES",168.41,209.25,15.85,1.55,4.70,235.80,109.95,74.73,250,4512001
816,VALIANTLAB,"VALIANT LABORATORIES",95.42,87.20,17.40,0.90,4.69,120.92,69.84,53.53,250,4919809
817,SUBEXLTD,"SUBEX",16.60,13.14,17.71,0.00,4.69,27.68,10.55,103.21,250,247553
818,THEINVEST,"THE INVEST TRUST OF IND L",164.57,145.60,14.49,0.32,4.69,236.70,111.15,76.29,250,5485313
819,ONMOBILE,"ONMOBILE GLOBAL",60.57,69.20,16.75,1.35,4.69,94.40,41.07,88.04,250,3911169
820,TCIFINANCE,"TCI FINANCE",13.69,12.00,18.37,0.00,4.69,20.14,10.51,70.34,250,1221377
821,APEXECO-SM,"APEX ECOTECH",120.45,133.00,17.16,0.00,4.69,169.00,73.00,79.70,208,6985729
822,ATCENERGY-SM,"ATC ENERGIES SYSTEM",77.73,45.00,14.11,0.00,4.69,115.35,45.00,90.50,131,193638913
823,MBAPL,"MADHYA BHARAT AGRO P.",317.34,440.35,14.47,1.09,4.69,465.00,205.01,81.93,250,3247617
824,BLUEPEBBLE-SM,"BLUE PEBBLE",237.21,172.50,21.92,0.00,4.69,390.00,167.20,93.93,246,5992961
825,MPSLTD,"MPS",2369.37,2205.00,24.04,1.34,4.69,3079.00,1754.20,55.91,250,2707969
826,FINOPB,"FINO PAYMENTS BANK",285.42,297.00,15.45,0.98,4.69,446.45,200.00,86.35,250,1684225
827,IGARASHI,"IGARASHI MOTORS INDIA",581.10,541.70,19.13,1.46,4.69,848.95,401.05,77.08,250,162305
828,CARRARO,"CARRARO INDIA",434.18,467.90,21.65,1.30,4.68,692.40,253.15,101.17,196,7393025
829,SNEHAA-SM,"SNEHAA ORGANICS",96.02,87.25,11.74,0.00,4.68,122.00,81.05,42.65,25,194290177
830,CTE,"CAMBRIDGE TECH ENTER",62.88,42.88,13.21,0.00,4.68,116.67,34.11,131.30,250,3639809
831,GUJRAFFIA,"GUJARAT RAFFIA INDUST",47.57,38.62,16.37,0.00,4.68,105.88,34.87,149.28,250,1164289
832,PRANIK-SM,"PRANIK LOGISTICS",79.16,73.00,20.18,0.00,4.68,112.95,55.25,72.89,215,6609409
833,HINDWAREAP,"HINDWARE HME INOVATON",264.22,349.95,20.65,1.18,4.68,355.00,177.42,67.21,250,4066049
834,NRVANDANA-SM,"N R VANDANA TEX IND",44.61,55.00,16.74,0.00,4.68,61.00,37.05,53.69,90,193917185
835,LAL,"LORENZINI APPARELS",15.15,10.41,10.34,0.00,4.68,29.35,8.37,138.52,250,3820545
836,RAPPID-SM,"RAPPID VALVES (INDIA)",293.48,327.00,17.12,0.00,4.68,430.00,215.20,73.19,246,6556161
837,TECHNOE,"TECHNO ELEC & ENG CO.",1347.63,1368.00,16.54,1.45,4.68,1822.00,785.15,76.94,250,1649921
838,INNOVACAP,"INNOVA CAPTAB",901.44,836.20,14.12,1.16,4.68,1260.00,662.00,66.34,250,5391873
839,KABRAEXTRU,"KABRA EXTRUSION TECHNIK L",354.22,252.50,11.56,1.34,4.68,590.00,242.60,98.08,250,462081
840,BEWLTD-SM,"BEW ENGINEERING",198.42,132.00,24.22,0.00,4.67,376.25,128.70,124.76,250,1449473
841,AGIIL,"AGI INFRA",180.56,281.50,18.06,1.12,4.67,298.80,88.60,116.41,250,6257921
842,AUTOIND,"AUTOLINE INDUSTRIES",87.83,71.10,15.92,1.03,4.67,125.25,65.10,68.48,250,3611137
843,WSI,"W.S.INDUSTRIES (I)",92.06,73.10,24.13,0.00,4.67,148.57,62.60,93.39,250,3795969
844,NAHARCAP,"NAHAR CAP & FIN.",292.14,285.50,17.13,0.95,4.67,383.50,215.00,57.68,250,3932161
845,MANAKCOAT,"MAN COAT METAL & IND",107.22,147.90,13.64,0.00,4.66,171.95,56.70,107.49,250,1897729
846,AGRITECH,"AGRI-TECH (INDIA)",164.91,132.00,22.93,1.27,4.66,261.00,117.50,87.02,250,2834433
847,ACMESOLAR,"ACME SOLAR HOLDINGS",244.44,284.30,14.00,1.16,4.66,324.30,167.75,64.04,226,6927617
848,EDELWEISS,"EDELWEISS FIN SERV",106.27,111.00,11.41,1.73,4.66,142.45,73.50,64.88,250,3870465
849,SRHHYPOLTD,"SREE RAYALSEEMA HHP",634.36,578.00,16.03,1.07,4.66,942.00,464.30,75.30,250,3732993
850,HARIOMPIPE,"HARIOM PIPE INDUSTRIES L",464.32,470.10,14.11,1.22,4.66,712.00,320.35,84.35,250,2295809
851,WOCKPHARMA,"WOCKHARDT",1426.59,1419.90,16.54,0.00,4.66,1868.80,940.10,65.10,250,1921537
852,GEEKAYWIRE,"GEEKAY WIRES",81.44,68.10,17.52,1.00,4.66,118.85,63.19,68.34,250,4588033
853,RTNPOWER,"RATTANINDIA POWER",12.29,11.47,17.56,1.06,4.65,17.09,8.44,70.39,250,4485121
854,HLEGLAS,"HLE GLASCOAT",377.77,505.15,13.31,1.22,4.65,579.50,217.83,95.74,250,585985
855,AHLADA,"AHLADA ENGINEERS",72.97,59.66,19.63,0.98,4.65,106.53,51.66,75.19,250,513025
856,RADHIKAJWE,"RADHIKA JEWELTECH",97.59,89.50,16.49,0.00,4.65,143.50,71.00,74.29,250,2647809
857,INDOBORAX-BE,"INDO BORAX & CHEMICAL",201.96,237.00,17.08,0.00,4.65,301.85,142.35,78.98,250,2207489
858,ORIENTBELL,"ORIENT BELL",292.59,301.35,23.58,1.12,4.65,356.00,216.00,47.85,250,3655169
859,BSHSL,"BOMBAY SUPER HYBRID SEEDS",142.02,122.50,20.06,0.92,4.65,183.70,115.82,47.80,250,207105
860,CPCAP,"CP CAPITAL",298.80,121.98,17.90,0.00,4.65,534.95,117.61,139.67,250,5142017
861,ANTELOPUS,"ANTELOPUS SELAN ENRGY",667.06,549.75,17.32,1.23,4.65,968.65,475.85,73.88,250,3481089
862,GOODLUCK,"GOODLUCK INDIA",946.25,1270.50,15.21,1.45,4.64,1349.00,567.75,82.56,250,1568001
863,VIJIFIN-BE,"VIJI FINANCE",2.93,3.29,23.61,0.00,4.64,4.60,1.99,89.15,250,4529921
864,WEBELSOLAR,"WEBSOL ENERGY SYSTEM",1330.34,1189.50,12.05,0.00,4.64,1865.00,803.50,79.79,250,3738113
865,ICEMAKE,"ICE MAKE REFRIGERAT",794.21,731.00,21.16,1.25,4.64,1088.75,575.15,64.67,250,125185
866,SUNCLAY,"SUNDARAM CLAYTON",2163.30,1552.00,19.23,1.07,4.64,2934.00,1540.00,64.44,250,5364737
867,TARIL,"TRANS & RECTI.",490.73,490.75,13.74,0.00,4.64,648.90,356.00,59.69,250,3884545
868,SALASAR,"SALASAR TECHNO ENGG.",10.84,8.95,19.99,1.13,4.64,20.20,6.91,122.57,250,5468673
869,PRITIKAUTO,"PRITIKA AUTO INDUS",20.13,17.00,26.00,1.10,4.64,29.69,12.80,83.89,250,1354753
870,HITECHGEAR-BE,"THE HI-TECH GEARS",710.53,854.80,9.69,0.48,4.64,912.80,515.00,55.99,250,2193409
871,SAKAR,"SAKAR HEALTHCARE",306.73,359.00,17.69,1.12,4.64,380.80,210.10,55.65,250,2441985
872,LLOYDSENGG,"LLOYDS ENGG WORK",63.51,62.89,14.74,1.66,4.64,84.27,44.51,62.61,250,4557057
873,SUPRIYA,"SUPRIYA LIFESCIENCE",687.08,723.00,15.98,1.17,4.64,842.00,511.40,48.12,250,1891841
874,SPANDANA,"SPANDANA SPHOORTY FIN",296.39,254.95,18.99,0.00,4.64,534.65,183.55,118.46,250,2927361
875,SRD-BE,"SHANKAR LAL RAMPAL",72.21,73.50,27.25,0.00,4.63,114.89,52.00,87.09,250,6589441
876,ESSARSHPNG,"ESSAR SHIPPING",30.67,30.00,18.98,0.00,4.63,41.95,21.50,66.68,250,6562305
877,SOLARA,"SOLARA ACTIVE PHA SCI",615.30,600.05,15.70,0.93,4.63,882.80,442.80,71.51,250,940033
878,PURVFLEXI-ST,"PURV FLEXIPACK",124.63,92.55,19.46,0.00,4.63,226.95,69.00,126.73,246,5873153
879,KFINTECH,"KFIN TECHNOLOGIES",1130.15,1075.00,20.20,1.02,4.63,1641.35,784.15,75.85,250,3419905
880,ESTER,"ESTER INDUSTRIES",132.95,115.30,17.66,1.33,4.63,175.00,102.99,54.16,250,6211841
881,VALIANTORG-BE,"VALIANT ORGANICS",348.45,318.95,19.11,0.01,4.62,507.80,227.05,80.57,250,85505
882,INDRAMEDCO,"INDRAPRASTHA MEDICAL CORP",443.49,565.10,17.57,1.46,4.62,624.70,307.25,71.58,250,1216257
883,ATHERENERG,"ATHER ENERGY",400.88,599.05,16.49,1.48,4.62,679.00,288.15,97.50,111,193957121
884,XPROINDIA,"XPRO INDIA",1211.71,1090.90,17.31,1.24,4.62,1677.00,946.00,60.33,250,2920193
885,HLVLTD,"HLV",14.63,11.46,19.91,1.06,4.62,21.75,10.86,74.41,250,370689
886,ANMOL,"ANMOL INDIA",20.37,15.60,18.14,1.18,4.62,37.00,14.02,112.79,250,954113
887,SOLARAPP1-E1,"SOLARA RS. 7 PPD UP",430.39,425.20,21.67,0.00,4.62,524.90,330.00,45.28,99,193776385
888,SWARAJ-SM,"SWARAJ SUITING",202.88,165.00,20.90,0.00,4.62,295.00,138.50,77.14,250,2203649
889,ROLTA-BZ,"ROLTA INDIA",2.63,1.92,10.90,0.00,4.62,4.42,1.85,97.66,170,1602049
890,AEROENTER,"AEROFLEX ENTERPRISES",99.16,88.53,15.87,1.35,4.61,151.50,72.14,80.04,250,3075841
891,KIRIINDUS,"KIRI INDUSTRIES",568.07,583.55,20.06,1.30,4.61,740.00,346.70,69.23,250,4259585
892,COSMOFIRST,"COSMO FIRST",860.02,895.80,14.52,0.73,4.61,1307.20,525.70,90.87,250,189953
893,WAAREEENER,"WAAREE ENERGIES",2805.96,3325.00,18.36,1.50,4.61,3865.00,1863.00,71.35,238,6632193
894,KINGFA-BE,"KINGFA SCI & TEC IND",3360.18,4670.00,15.52,1.53,4.61,4851.00,2550.00,68.48,250,4850689
895,VSTL,"VIBHOR STEEL TUBES",179.61,151.50,19.03,0.94,4.61,285.05,125.00,89.11,250,5818881
896,KRYSTAL,"KRYSTAL INTEGRATED SER L",621.09,610.00,15.03,1.32,4.61,827.25,415.60,66.28,250,5932801
897,AJOONI,"AJOONI BIOTECH",6.46,5.11,16.75,0.00,4.61,9.20,5.01,64.85,250,871169
898,KIRLPNU,"KIRLOSKAR PNEUMATIC COM L",1319.93,1180.00,20.43,1.10,4.60,1817.00,953.00,65.46,250,3886081
899,GRMOVER,"GRM OVERSEAS",287.11,392.25,19.10,1.31,4.60,407.25,175.90,80.58,250,2782977
900,OSWALGREEN,"OSWAL GREENTECH",43.97,40.35,18.00,0.98,4.60,57.37,30.15,61.91,250,120577
901,BSL,"BSL",187.86,160.61,21.94,0.00,4.60,331.85,127.30,108.88,250,143105
902,IGIL,"INTERNATIO GEMM INS (I) L",400.45,348.35,14.01,0.00,4.60,642.30,282.00,89.97,201,7264769
903,ARHAM-SM,"ARHAM TECHNOLOGIES",106.76,97.50,23.34,0.00,4.60,164.00,70.80,87.30,243,3351553
904,KRISHCA-SM,"KRISHCA STRAPPING SLTN L",257.29,212.00,18.55,0.00,4.59,384.00,196.05,73.05,250,4130049
905,IFCI,"IFCI",54.99,57.70,16.70,1.50,4.59,74.50,36.20,69.65,250,381697
906,RAJSREESUG,"RAJSHREE SUGAR & CHEMICAL",49.80,39.00,14.07,0.76,4.59,72.86,35.60,74.83,250,719105
907,INDOAMIN,"INDO AMINES",150.78,136.45,16.85,0.73,4.59,210.50,105.00,69.97,250,2333697
908,BFUTILITIE,"BF UTILITIES",811.99,806.00,18.28,0.81,4.59,1129.10,573.00,68.49,250,3729153
909,RATNAVEER,"RATNAVEER PRECISION ENG L",163.54,154.00,15.90,0.00,4.59,273.97,115.99,96.60,250,4716289
910,DELPHIFX-BE,"DELPHI WORLD MONEY",193.47,246.90,17.16,0.00,4.59,375.89,109.16,137.87,250,6245121
911,BLUEJET,"BLUE JET HEALTHCARE",715.48,676.85,12.78,0.00,4.59,1027.80,463.70,78.84,250,5039617
912,DOLATALGO,"DOLAT ALGOTECH",100.85,78.95,17.36,1.53,4.59,149.25,68.00,80.57,250,3103745
913,JINDALPHOT,"JINDAL PHOTO",844.59,1524.00,17.20,0.00,4.58,1584.80,536.00,124.18,250,3006209
914,KAYTEX-SM,"KAYTEX FABRICS",113.62,89.30,12.69,0.00,4.58,156.90,85.40,62.93,46,194270209
915,GANECOS,"GANESHA ECOSPHERE",1654.72,1238.00,18.64,1.32,4.58,2484.20,1148.80,80.70,250,1777665
916,RELCHEMQ,"RELIANCE CHEMOTEX IND",183.88,155.50,16.00,0.99,4.58,249.00,146.51,55.74,250,2470913
917,HARDWYN,"HARDWYN INDIA",16.29,13.30,18.08,0.00,4.58,30.36,10.75,120.39,250,2294273
918,IPSL-SM,"INTEGRATED PERSO SER",307.90,280.00,29.20,0.00,4.58,398.00,240.05,51.30,141,3047169
919,RITCO,"RITCO LOGISTICS",314.17,257.80,11.28,1.55,4.58,444.00,235.00,66.52,250,2289665
920,CUPID,"CUPID",105.73,245.25,15.98,1.27,4.58,248.40,55.75,182.21,250,4741121
921,ADSL,"ALLIED DIGITAL SERV.",211.51,190.70,15.72,1.29,4.58,315.00,147.61,79.14,250,3792129
922,REGAAL,"REGAAL RESOURCES",104.11,91.63,11.74,1.56,4.57,145.70,87.15,56.24,36,194222081
923,TRIGYN-BE,"TRIGYN TECHNOLOGIES",90.97,81.00,18.22,1.08,4.57,135.99,66.60,76.28,250,1885697
924,KROSS,"KROSS",189.53,190.00,15.81,1.50,4.57,246.60,150.06,50.94,250,6464513
925,GANESHHOU,"GANESH HOUSING",1064.87,829.80,15.10,1.25,4.57,1485.00,810.50,63.34,250,3670785
926,CARYSIL,"CARYSIL",762.09,934.00,18.21,1.05,4.57,989.95,482.30,66.61,250,481025
927,NEWGEN,"NEWGEN SOFTWARE TECH",1117.42,872.80,21.05,1.17,4.57,1798.90,758.20,93.13,250,297985
928,KHAICHEM,"KHAITAN CHEM & FERT",80.13,124.14,16.54,0.00,4.57,135.80,43.17,115.61,250,229377
929,SASTASUNDR,"SASTASUNDAR VENTURES",285.58,313.30,17.70,1.17,4.57,381.70,205.00,61.87,250,5136129
930,DPWIRES,"D P WIRES",277.39,236.00,27.51,1.23,4.57,446.70,185.99,93.99,250,4326401
931,SAHAJSOLAR-SM,"SAHAJ SOLAR",249.91,225.00,18.11,0.00,4.57,323.55,150.00,69.44,250,6266369
932,KALAMANDIR,"SAI SILKS (KALAMANDIR) L",156.40,185.65,15.12,1.60,4.56,201.59,113.00,56.64,250,4801281
933,LAKSHYA-SM,"LAKSHYA POWERTECH",201.51,115.00,16.74,0.00,4.56,376.95,111.00,131.98,241,6620161
934,ELLEN,"ELLENBARRIE INDUS GASES L",532.02,445.00,13.18,1.30,4.56,637.70,430.35,38.97,71,194192129
935,ONESOURCE,"ONESOURCE SPECL PHARMA L",1748.67,1866.90,16.84,0.00,4.56,2248.00,1209.95,59.36,177,7481345
936,TIJARIA,"TIJARIA POLYPIPES",8.45,6.30,10.66,0.00,4.56,14.20,4.88,110.28,250,6523393
937,KHADIM,"KHADIM INDIA",307.96,247.25,17.83,0.25,4.56,420.95,227.05,62.96,250,108801
938,ACUTAAS,"ACUTAAS CHEMICALS",1155.64,1474.00,16.39,1.00,4.56,1530.30,726.60,69.55,250,1427969
939,EXICOM,"EXICOM TELE SYSTEMS",196.31,144.65,15.70,0.00,4.56,360.92,125.47,119.94,250,5874433
940,ANUP,"THE ANUP ENGINEERING",2923.35,2395.30,19.33,1.27,4.56,3859.40,2206.40,56.54,250,2307585
941,PRAXIS-BE,"PRAXIS HOME RETAIL",14.96,13.50,10.60,0.00,4.56,26.59,8.65,119.95,250,311297
942,NAHARSPING,"NAHAR SPINNING MILLS",244.03,206.77,16.41,1.04,4.55,316.00,185.10,53.64,250,3696641
943,ZUARI,"ZUARI AGRO CHEMICALS",230.45,262.55,20.45,0.92,4.55,393.55,169.20,97.35,250,7436801
944,KRISHNADEF-SM,"KRISHNA DEF AND ALD IND L",753.96,831.90,15.05,0.00,4.55,1027.50,503.00,69.57,250,2248193
945,ALKALI,"ALKALI METALS",98.78,99.80,17.27,0.00,4.55,126.99,74.00,53.64,250,4341505
946,957SFIL28-NW,"957SFIL28-NW",1103.57,1230.00,20.00,0.00,4.55,1240.00,841.00,36.16,6,3902721
947,HPL,"HPL ELECTRIC & POWER",497.99,445.80,14.89,1.18,4.55,639.90,339.00,60.42,250,4781825
948,TAJGVK,"TAJ GVK HOTELS & RESORTS",405.34,414.80,17.42,1.01,4.55,528.10,281.05,60.95,250,2394625
949,KECL,"KIRLOSKAR ELECTRIC CO",146.38,116.80,22.64,1.30,4.55,204.24,106.06,67.07,250,4664321
950,DICIND,"DIC INDIA",651.89,538.25,17.98,1.38,4.55,839.90,496.00,52.75,250,179969
951,LOVABLE,"LOVABLE LINGERIE",104.44,91.03,12.22,1.13,4.55,146.22,76.05,67.19,250,5738241
952,HCL-INSYS,"HCL INFOSYSTEMS",15.61,15.22,17.51,0.99,4.54,24.50,11.80,81.38,250,339713
953,BAJEL,"BAJEL PROJECTS",219.23,199.71,14.24,0.00,4.54,307.80,146.41,73.62,250,5255937
954,TROM-SM,"TROM INDUSTRIES",167.41,95.00,19.84,0.00,4.54,280.00,90.55,113.16,248,6308353
955,HINDCON,"HINDCON CHEMICALS",38.04,31.50,17.18,0.00,4.54,56.35,30.02,69.22,250,1259521
956,KRONOX,"KRONOX LAB SCIENCES",170.04,151.50,13.66,1.46,4.54,228.88,132.05,56.95,250,6150401
957,JMFINANCIL,"JM FINANCIAL",135.56,171.35,17.71,1.24,4.54,199.80,80.20,88.23,250,3491073
958,GICL-SM,"GLOBE INTL CARRIERS",103.46,177.00,17.31,0.00,4.54,177.00,52.00,120.82,232,4816641
959,FILATFASH,"FILATEX FASHIONS",0.64,0.54,16.18,0.00,4.54,1.16,0.42,115.16,250,6053633
960,KRISHANA,"KRISHANA PHOSCHEM",337.60,567.00,16.21,0.95,4.54,619.00,175.15,131.47,250,3288833
961,BEACON-SM,"BEACON TRUSTEESHIP",77.51,61.60,23.53,0.00,4.54,125.90,50.00,97.92,248,6124033
962,NEWJAISA-ST,"NEWJAISA TECHNOLOGIES",57.77,40.60,18.05,0.00,4.54,102.00,27.05,129.74,242,4905217
963,MANGALAM,"MANGALAM DRUG & CHEM",92.19,69.30,23.73,1.33,4.53,128.01,68.00,65.10,250,3025153
964,GABRIEL,"GABRIEL INDIA",692.40,1270.20,14.59,0.00,4.53,1388.00,387.00,144.57,250,277761
965,KIRLOSBROS,"KIRLOSKAR BROTHERS",1927.55,1942.00,17.02,1.32,4.53,2475.00,1422.35,54.61,250,4756737
966,NEPHROCARE-ST,"NEPHRO CARE INDIA",164.54,143.30,17.54,0.00,4.53,274.00,99.95,105.78,250,6234369
967,INFOBEAN,"INFOBEANS TECHNO.",417.16,499.00,27.43,1.23,4.53,727.70,270.55,109.59,250,2822913
968,TREL,"TRANSINDIA REAL ESTATE L",34.95,29.94,18.90,0.87,4.53,45.80,24.73,60.29,250,4555521
969,BALAJEE,"SHREE TIRUPATI BALAJEE L",56.99,53.50,23.37,1.40,4.53,83.00,38.55,78.00,250,6451969
970,SWSOLAR,"STRLNG & WIL REN ENE",345.59,249.20,11.93,0.99,4.53,641.70,218.45,122.47,250,3197185
971,SEQUENT,"SEQUENT SCIENTIFIC",176.35,215.68,12.24,0.24,4.52,231.00,117.35,64.45,250,3659777
972,IFBIND,"IFB INDUSTRIES",1523.37,1750.00,20.25,1.33,4.52,2359.90,1060.00,85.33,250,380161
973,DENEERS-SM,"DE NEERS TOOLS",293.28,176.05,22.70,0.00,4.52,374.80,160.00,73.24,237,3954945
974,MICROPRO-SM,"MICROPRO SOFTWARE SOL L",27.73,21.85,21.36,0.00,4.52,41.65,18.05,85.10,203,5091073
975,SHILPAMED,"SHILPA MEDICARE",397.08,369.00,12.25,1.48,4.52,500.00,277.50,56.03,250,4544513
976,ZUARIIND,"ZUARI INDUSTRIES",299.46,345.00,16.55,1.01,4.52,416.00,229.99,62.11,250,979713
977,FORCEMOT,"FORCE MOTORS",11017.91,15800.00,17.10,1.41,4.52,21990.00,6125.00,143.99,250,2962689
978,NIITLTD,"NIIT",142.30,106.91,16.59,1.01,4.52,233.80,103.40,91.64,250,2949633
979,AIIL,"AUTHUM INVEST & INFRA",2149.13,3292.20,18.75,1.07,4.52,3305.00,1325.50,92.11,250,6029569
980,INDSWFTLAB-BE,"IND SWIFT LABORATORIES LT",99.99,106.00,18.82,0.00,4.52,134.40,68.72,65.68,250,2228737
981,HMT-BZ,"HMT -",60.77,57.84,10.47,0.00,4.51,83.00,45.00,62.53,250,5042689
982,IDEAFORGE,"IDEAFORGE TECHNO",509.06,476.45,17.53,1.03,4.51,707.40,304.20,79.21,250,4387841
983,CLSEL,"CHAMAN LAL SETIA EXP",325.80,260.00,14.95,0.83,4.51,447.20,252.10,59.88,250,891393
984,DEEPINDS,"DEEP INDUSTRIES",495.80,487.55,13.78,1.44,4.51,624.40,381.00,49.09,250,842753
985,YUKEN,"YUKEN INDIA",994.35,929.25,16.00,0.92,4.51,1240.00,712.70,53.03,250,1408257
986,SANDHAR,"SANDHAR TECHNOLOGIES",466.01,516.25,16.50,1.34,4.51,604.75,315.00,62.18,250,613633
987,THEJO,"THEJO ENGINEERING",1960.78,1826.00,17.64,1.12,4.51,2535.00,1446.00,55.54,250,4935425
988,KILITCH,"KILITCH DRUGS INDIA",360.44,360.85,16.72,0.00,4.51,500.00,293.55,57.28,250,5103873
989,CONSOFINVT,"CONSO. FIN. & HOLD.",197.22,189.00,16.44,0.98,4.51,249.00,160.00,45.13,250,3003137
990,JYOTICNC,"JYOTI CNC AUTOMATION",1088.35,962.05,16.50,1.51,4.51,1504.30,750.10,69.30,250,5461505
991,UTSSAV-SM,"UTSSAV CZ GOLD JEWELS",222.62,195.95,21.09,0.00,4.51,315.25,145.05,76.45,250,6329857
992,SHANTIGOLD,"SHANTI GOLD INTERNATION L",227.00,215.30,11.36,1.73,4.50,274.10,200.02,32.63,48,194048513
993,HISARMETAL,"HISAR METAL IND.",193.77,184.50,21.95,0.93,4.50,246.65,160.05,44.69,250,4946433
994,SHREEOSFM-SM,"SHREE OSFM E-MOBILITY",119.41,113.00,26.56,0.00,4.50,176.00,82.70,78.14,242,5274369
995,SUNDARMHLD,"SUNDARAM FINANCE HOLD",384.01,670.00,14.84,1.00,4.50,686.75,240.00,116.34,250,558849
996,MARCO-SM,"MARCO CABLE & CONDUCTOR L",49.46,40.25,22.05,0.00,4.50,73.00,33.10,80.67,244,4805889
997,UNICHEMLAB,"UNICHEM LABORATORIES",651.35,481.00,19.84,1.22,4.50,937.95,455.55,74.06,250,916225
998,OLIL-SM,"ONECLICK LOGISTICS IND L",164.86,290.70,19.93,0.00,4.50,291.00,81.20,127.26,249,4962817
999,STOVEKRAFT,"STOVE KRAFT",712.19,666.35,16.16,1.62,4.50,975.40,524.70,63.28,250,539393
1000,AEGISLOG,"AEGIS LOGISTICS",773.63,812.00,19.61,1.14,4.50,1037.00,609.85,55.21,250,10241
1001,MUNJALAU,"MUNJAL AUTO IND.",89.13,98.50,14.85,1.20,4.50,145.70,60.52,95.57,250,3458817
1002,JASH,"JASH ENGINEERING",556.78,481.50,14.05,1.13,4.50,698.95,426.05,49.01,250,3579393
1003,ALLETEC-SM,"ALL E TECHNOLOGIES",401.62,260.00,12.42,0.29,4.50,633.00,252.00,94.87,250,3379969
1004,INDIANHUME,"INDIAN HUME PIPE CO.",391.42,359.00,19.57,1.04,4.50,481.30,281.05,51.16,250,391681
1005,SILINV,"SIL INVESTMENTS",607.18,635.55,15.27,0.86,4.50,910.00,430.00,79.05,250,1050881
1006,PVSL,"POPULAR VEHICLES N SER L",135.06,145.00,13.92,1.58,4.49,214.80,86.75,94.81,250,5924353
1007,EMBDL,"EMBASSY DEVELOPMENTS",115.46,94.90,17.91,1.15,4.49,163.69,89.22,64.50,250,3699201
1008,RVTH,"REVATHI EQUIPMENT INDIA L",1346.24,1082.00,16.80,0.00,4.49,2619.45,802.95,134.93,250,6440193
1009,MRIL-SM,"MAHENDRA REALTO & INFRA L",56.95,52.00,11.51,0.00,4.49,69.70,50.00,34.59,36,194223361
1010,RPSGVENT,"RPSG VENTURES",936.61,827.40,13.47,1.07,4.49,1290.00,681.00,65.02,250,2078465
1011,IZMO-BE,"IZMO",460.07,1038.60,17.12,0.00,4.49,1374.70,229.70,248.88,250,3629569
1012,HTMEDIA-BE,"HT MEDIA",21.89,27.80,18.04,1.28,4.49,29.25,15.10,64.63,250,3067393
1013,SUNFLAG,"SUNFLAG IRON AND STEEL CO",255.17,268.00,14.15,1.34,4.49,322.00,188.15,52.46,250,857089
1014,MAXESTATES,"MAX ESTATES",491.37,477.90,11.77,1.83,4.49,632.00,341.10,59.20,250,5029377
1015,JTLIND,"JTL INDUSTRIES",83.76,68.68,23.28,1.37,4.49,112.10,59.77,62.48,250,1865473
1016,INDIQUBE,"INDIQUBE SPACES",224.18,226.06,11.89,1.85,4.49,243.80,195.40,21.59,50,194008321
1017,DHARAN-BZ,"DHARAN INFRA-EPC",0.65,0.55,21.82,0.00,4.48,1.28,0.34,143.92,250,194355969
1018,GLOBALVECT,"GLOBAL VEC HELICORP",248.25,189.00,16.29,0.00,4.48,340.00,181.31,63.92,250,3516161
1019,DATAMATICS,"DATAMATICS GLOBAL SER",687.49,884.00,13.44,1.26,4.48,1120.00,515.05,87.99,250,2924289
1020,ARISINFRA,"ARISINFRA SOLUTIONS",154.90,166.20,21.22,1.13,4.48,208.50,136.00,46.81,75,193949185
1021,SHALPAINTS,"SHALIM PAINTS",104.03,81.40,17.41,0.84,4.48,144.00,69.66,71.46,250,3927553
1022,JPOLYINVST,"JIND POL INV & FIN CO",823.57,1054.30,18.82,0.00,4.48,1135.00,554.30,70.51,250,8065793
1023,SAKHTISUG,"SAKTHI SUGARS",26.42,20.51,14.24,1.33,4.48,42.89,19.00,90.41,250,760065
1024,SHIVASHRIT-SM,"SHIVASHRIT FOODS",133.07,125.00,9.29,0.00,4.48,148.50,122.10,19.84,28,194238465
1025,KAYA-BE,"KAYA",351.31,448.80,17.46,0.00,4.47,487.90,204.43,80.69,250,2632193
1026,ARIHANTSUP,"ARIHANT SUPERSTRUCT",407.36,420.30,16.90,1.05,4.47,553.60,315.10,58.55,250,5160705
1027,AKSHARCHEM,"AKSHARCHEM INDIA",268.50,265.00,21.25,1.25,4.47,368.10,195.00,64.47,250,5165569
1028,CYBERTECH-BE,"CYBERTECH SYSTEMS & SOFTW",163.45,174.50,14.76,0.00,4.47,254.51,113.15,86.48,250,1549825
1029,SERVOTECH,"SERVOTECH REN POW SYS",143.38,128.29,16.69,0.00,4.47,198.40,97.55,70.34,250,1409793
1030,AEGISVOPAK,"AEGIS VOPAK TERMINALS",252.61,274.75,11.30,1.53,4.47,302.00,220.00,32.46,92,193878017
1031,KDDL,"KDDL",2713.96,2681.40,16.88,1.17,4.47,3351.00,2050.00,47.94,250,3816449
1032,BIL,"BHARTIYA INTERNATIONAL",727.73,800.00,11.99,0.00,4.47,984.75,444.00,74.31,250,2009089
1033,TBZ,"TRIB BHIMJI ZAVERI",206.75,185.00,13.28,0.00,4.47,310.95,155.99,74.95,250,6921473
1034,MYMUDRA-ST,"MY MUDRA FINCORP",78.48,94.85,20.50,0.00,4.47,119.10,51.60,86.01,242,6454017
1035,EMKAYTOOLS-SM,"EMKAY TAP & CUT. TOOL",425.18,147.00,14.78,0.00,4.47,1291.70,140.00,270.87,248,2624769
1036,THOMASCOOK,"THOMAS COOK (INDIA)",165.85,153.00,12.97,1.63,4.46,224.50,118.25,64.06,250,891137
1037,MPEL-ST,"MANAS POLYMER N ENERGIE L",139.01,129.55,10.08,0.00,4.46,153.90,129.55,17.52,5,194394625
1038,MUKANDLTD,"MUKAND",124.29,132.45,22.18,1.12,4.46,162.00,84.40,62.43,250,2899201
1039,SANATHAN,"SANATHAN TEXTILES",431.88,500.00,11.58,1.07,4.46,560.20,286.95,63.27,197,7374081
1040,TSC-SM,"TSC INDIA",66.34,64.00,13.34,0.00,4.46,79.30,58.65,31.13,49,194011649
1041,SMSPHARMA,"SMS PHARMACEUTICALS",243.07,274.42,18.93,1.21,4.46,359.90,176.05,75.64,250,3668225
1042,VIKRAMSOLR,"VIKRAM SOLAR",337.68,326.25,13.47,1.45,4.46,407.95,312.50,28.27,32,194419969
1043,GTLINFRA,"GTL INFRA.LTD",1.72,1.50,19.46,0.65,4.46,2.49,1.28,70.17,250,3518721
1044,IDEA,"VODAFONE IDEA",7.68,9.04,13.33,1.13,4.45,10.47,6.12,56.63,250,3677697
1045,UNITECH,"UNITECH",8.01,7.40,10.39,0.00,4.45,12.10,5.50,82.40,250,920065
1046,RACE,"RACE ECO CHAIN",287.77,224.95,17.68,1.10,4.45,404.85,210.00,67.71,250,3940097
1047,DEEPAKFERT,"DEEPAK FERTILIZERS & PETR",1322.78,1493.00,17.67,1.06,4.45,1778.60,888.90,67.26,250,211713
1048,STEELXIND,"STEEL EXCHANGE INDIA",9.67,10.67,13.42,1.08,4.45,12.85,7.06,59.88,250,5462785
1049,GMDCLTD,"GUJARAT MINERAL DEV CORP",366.34,602.50,15.63,1.41,4.45,651.00,226.59,115.85,250,1332225
1050,ECOLINE-ST,"ECOLINE EXIM",137.77,140.00,5.61,2.80,4.45,141.50,132.00,6.90,8,194550785
1051,SUNTECH-SM,"SUNTECH INFRA SOLUTIONS L",72.77,49.35,11.99,0.00,4.45,110.00,48.05,85.14,70,193987329
1052,MAITREYA-SM,"MAITREYA MEDICARE",295.15,250.50,19.16,0.00,4.45,393.95,214.45,60.82,238,5071105
1053,1035UCL26-NA,"1035UCL26-NA",711.35,680.00,35.92,0.00,4.45,925.00,440.00,68.18,139,5846785
1054,JPPOWER,"JAIPRAKASH POWER VEN.",17.27,18.48,16.97,1.31,4.44,27.70,12.36,88.84,250,3011329
1055,KAYNES,"KAYNES TECHNOLOGY IND",5843.42,7096.50,14.96,1.15,4.44,7822.00,3825.15,68.40,250,3095553
1056,ROTO,"ROTO PUMPS",86.27,73.72,14.62,1.31,4.44,109.65,58.40,59.41,250,2316545
1057,VIJAYA,"VIJAYA DIAGNOSTIC CEN",1028.74,981.50,19.21,1.06,4.44,1275.00,740.00,52.01,250,1429761
1058,AGI,"AGI GREENPAC",880.48,877.45,31.57,1.39,4.44,1307.90,599.10,80.50,250,361473
1059,DCM,"DCM",101.69,97.25,17.60,1.32,4.44,141.88,83.00,57.90,250,206081
1060,SCML-SM,"SHARP CHUCKS N MACHINES L",101.43,104.50,22.01,0.00,4.44,148.00,68.05,78.82,220,4984065
1061,AFSL,"ABANS FINANCIAL SRVCS",242.07,202.80,17.78,0.00,4.43,418.50,165.49,104.52,250,3401729
1062,KALANA-SM,"KALANA ISPAT",41.79,32.70,29.40,0.00,4.43,55.00,30.10,59.58,235,6513409
1063,VPRPL,"VISHNU PRAKASH R PUNGLI L",199.08,97.20,15.76,1.12,4.43,345.75,88.00,129.47,250,4695297
1064,DCXINDIA,"DCX SYSTEMS",291.70,242.53,13.80,0.00,4.43,393.00,200.10,66.13,250,3045121
1065,GKWLIMITED,"GKW",2085.87,1758.50,22.95,0.00,4.43,4149.90,1371.00,133.23,250,4443393
1066,ARMANFIN,"ARMAN FIN SERV",1453.80,1622.10,16.93,1.18,4.43,1834.60,1109.95,49.85,250,4419329
1067,GPECO-ST,"GP ECO SOLUTIONS INDIA L",369.03,561.90,20.06,0.00,4.43,616.50,212.20,109.56,250,6172929
1068,ATL,"ALLCARGO TERMINALS",31.89,35.15,16.26,1.58,4.43,43.00,21.21,68.33,250,4551169
1069,ZOTA,"ZOTA HEALTH CARE",960.96,1465.00,13.25,0.73,4.43,1577.00,535.00,108.43,250,2916865
1070,10SCL30A-BV,"10SCL30A-BV",899.89,884.00,47.92,0.00,4.43,1065.00,576.00,54.34,57,4830209
1071,PSFL-SM,"PARAMOUNT SPECIALI FORG L",53.48,35.50,18.75,0.00,4.43,84.50,34.25,93.97,242,6510337
1072,PREMIERENE,"PREMIER ENERGIES",1051.07,1021.40,16.96,1.20,4.43,1388.00,774.05,58.41,250,6412545
1073,APTECHT,"APTECH",151.06,119.00,17.19,1.30,4.42,219.70,107.00,74.61,250,2753281
1074,TOKYOPLAST,"TOKYO PLAST INTL",125.06,121.11,16.36,0.61,4.42,161.00,106.24,43.79,250,982273
1075,GREENLAM,"GREENLAM INDUSTRIES",253.27,251.71,12.85,1.09,4.42,312.00,197.42,45.24,250,1753089
1076,TPLPLASTEH,"TPL PLASTECH",85.90,71.01,18.96,1.26,4.42,115.37,60.01,64.45,250,2360065
1077,UFO,"UFO MOVIEZ INDIA",83.34,71.80,16.57,1.16,4.42,131.30,59.95,85.61,250,2313985
1078,PUSHPA-SM,"PUSHPA JEWELLERS",134.35,130.50,12.40,0.00,4.42,148.00,106.40,30.96,67,193966849
1079,PASUPTAC,"PASUPATI ACRYLON",46.45,44.32,16.71,0.00,4.42,59.71,38.55,45.55,250,1547521
1080,FELIX-SM,"FELIX INDUSTRIES",175.39,195.00,15.68,0.00,4.42,251.00,108.00,81.53,250,146689
1081,MONARCH,"MONARCH NETWORTH CAP",364.53,312.75,14.04,1.53,4.42,495.00,294.50,55.00,250,1965825
1082,MANCREDIT,"MANGAL CREDIT N FINCORP L",168.71,180.20,17.86,0.96,4.42,215.75,131.65,49.85,250,6354689
1083,BIRLAMONEY,"ADITYA BIRLA MONEY",178.86,175.36,18.93,0.00,4.42,303.72,131.27,96.42,250,3901185
1084,AKI-BE,"AKI INDIA",11.29,8.80,15.87,0.00,4.42,21.90,6.63,135.27,250,3813121
1085,DSSL,"DYNACONS SYS & SOLN",1143.72,950.00,16.31,1.06,4.41,1618.20,820.55,69.74,250,6576641
1086,PTCIL,"PTC INDUSTRIES",13773.98,16241.00,11.78,0.00,4.41,17995.00,9756.30,59.81,250,4270593
1087,BHARATGEAR-BE,"BHARAT GEARS",91.28,116.35,18.86,1.20,4.41,154.20,64.80,97.94,250,2405633
1088,ELECON,"ELECON ENG. CO.",574.20,558.50,15.60,1.33,4.41,739.10,376.95,63.07,250,3492609
1089,TDPOWERSYS,"TD POWER SYSTEMS",450.93,600.10,12.43,1.20,4.41,659.75,293.00,81.33,250,6445569
1090,SILKY-SM,"SILKY OVERSEAS",127.31,123.00,18.26,0.00,4.41,171.00,103.00,53.41,59,193965825
1091,ZAGGLE,"ZAGGLE PREPA OCEAN SER L",414.54,359.00,10.21,0.00,4.41,591.90,298.65,70.74,250,4763649
1092,SWELECTES,"SWELECT ENERGY SYS",777.42,933.00,20.88,0.00,4.41,1278.80,461.10,105.18,250,3048705
1093,DECCANCE,"DECCAN CEMENTS",800.53,1009.20,20.40,1.20,4.41,1164.90,549.80,76.84,250,3798529
1094,CREATIVE,"CREATIVE NEWTECH",766.87,620.00,15.94,1.27,4.41,1075.00,605.10,61.27,250,2855681
1095,MMEL-SM,"MOVING MEDIA ENTER",71.58,63.00,19.84,0.00,4.41,84.45,62.00,31.37,68,193999361
1096,GMRP&UI,"GMR POW AND URBAN INFRA L",114.14,112.06,13.70,0.00,4.41,142.80,89.36,46.82,250,2183425
1097,HEXATRADEX,"HEXA TRADEX",214.33,174.50,10.08,0.25,4.41,331.60,172.10,74.42,250,6914049
1098,VHL,"VARDHMAN HOLDINGS",3975.82,3897.90,21.39,0.66,4.41,5760.00,2850.00,73.19,250,3044353
1099,NIRMAN-SM,"NIRMAN AGRI GENTICS",262.67,194.50,13.55,0.00,4.41,456.00,130.10,124.07,249,3768833
1100,GEOJITFSL,"GEOJIT FINANCIAL SER L",90.68,78.44,13.16,1.17,4.41,153.00,60.73,101.75,250,3045377
1101,VAKRANGEE,"VAKRANGEE",16.31,8.19,12.94,0.00,4.41,38.20,7.99,185.21,250,3415553
1102,BIRLACABLE,"BIRLA CABLE",179.94,158.00,17.78,1.18,4.40,247.95,125.35,68.13,250,122113
1103,FILATEX,"FILATEX INDIA",52.93,54.00,12.68,1.73,4.40,73.39,34.00,74.43,250,6280193
1104,SUYOG,"SUYOG TELEMATICS",1165.98,760.00,27.21,0.00,4.40,1968.20,736.15,105.67,250,6361857
1105,PIXTRANS,"PIX TRANSMISSIONS",1731.66,1445.50,13.03,0.98,4.40,2799.95,1220.10,91.23,250,2326273
1106,SELLOWRAP-SM,"SELLOWRAP INDUSTRIES",101.60,101.00,15.26,0.00,4.40,139.65,85.05,53.74,46,194043393
1107,KOPRAN,"KOPRAN",197.01,173.10,23.94,1.14,4.40,329.00,154.06,88.80,250,491265
1108,NAHARINDUS,"NAHAR INDS ENT",123.04,118.30,16.40,0.78,4.40,160.90,88.80,58.60,250,3355137
1109,ORCHPHARMA,"ORCHID PHARMA",1043.97,746.80,21.23,0.00,4.40,1997.40,603.80,133.49,250,237057
1110,AGARWALEYE,"DR AGARWALS HEALTH CARE L",420.00,535.00,14.34,1.48,4.40,543.20,327.00,51.48,169,7539713
1111,STLTECH,"STERLITE TECHNOLOGIES",72.05,116.86,16.69,1.13,4.40,140.40,30.45,152.61,250,2383105
1112,DTIL,"DHUNSERI TEA & IND.",213.03,182.90,17.43,0.86,4.40,314.00,166.65,69.17,250,1594113
1113,BOROSCI,"BOROSIL SCIENTIFIC",152.35,138.15,17.78,1.23,4.40,199.50,107.42,60.44,250,6147585
1114,PARKHOTELS,"PARKHOTELS",161.25,155.00,11.35,0.95,4.39,206.20,129.00,47.88,250,5798145
1115,MANGCHEFER,"MANG.CHEM.FERT.LTD",222.03,317.65,12.50,1.18,4.39,373.15,121.20,113.48,250,3841793
1116,MAXPOSURE-SM,"MAXPOSURE",69.78,55.95,19.90,0.00,4.39,114.00,49.60,92.28,243,5552897
1117,KLL-SM,"KAUSHALYA LOGISTICS",88.80,60.00,19.27,0.00,4.39,143.00,52.20,102.25,249,5423617
1118,NDL,"NANDAN DENIM",4.15,3.23,16.89,0.00,4.39,6.37,3.05,79.95,250,8002049
1119,REFEX,"REFEX INDUSTRIES",437.73,356.85,15.59,0.92,4.39,572.00,334.00,54.37,250,4547585
1120,NEOGEN,"NEOGEN CHEMICALS",1754.09,1504.80,12.50,1.27,4.39,2420.00,1390.00,58.72,250,2538753
1121,645GS2029-GS,"GOI LOAN 6.45% 2029",91.36,92.01,10.53,0.04,4.39,98.05,87.67,11.36,5,3448833
1122,GENUSPOWER,"GENUS POWER INFRASTRU",349.01,308.80,12.90,1.18,4.39,486.05,236.85,71.40,250,3047681
1123,SEMAC-BE,"SEMAC CONSTRUCTION",410.18,501.75,9.92,0.00,4.39,568.90,270.00,72.87,250,3062785
1124,ROHLTD,"ROYAL ORCHID HOTELS",389.79,514.90,17.19,1.17,4.39,593.40,301.10,74.99,250,3374593
1125,NGLFINE,"NGL FINE CHEM",1438.35,1530.00,14.40,0.00,4.38,2178.90,957.00,84.95,250,2630913
1126,TALBROAUTO,"TALBROS AUTO. COMP.",283.40,292.50,16.18,1.08,4.38,352.70,200.20,53.81,250,3493889
1127,MURUDCERA,"MURUDESHWAR CERAMICS",43.29,42.27,12.67,1.30,4.38,57.98,29.92,64.81,250,592129
1128,BDL,"BHARAT DYNAMICS",1413.25,1528.30,13.48,1.34,4.38,2096.60,890.00,85.38,250,548865
1129,INFIBPP-E1,"INFIBEAM RE.0.5 PPD UP",9.85,12.41,15.52,1.70,4.38,12.89,8.65,43.03,58,194033409
1130,GROWWN200,"GROWWAMC - GROWWN200",10.99,11.43,26.51,1.05,4.38,12.45,9.00,31.40,152,7647233
1131,RNFI-SM,"RNFI SERVICES",239.53,337.00,17.46,0.00,4.38,404.00,109.80,122.82,244,6294785
1132,ROSSELLIND,"ROSSELL INDIA",71.94,63.31,19.70,0.00,4.38,104.50,53.30,71.17,250,7401729
1133,CREDITACC,"CREDITACCESS GRAMEEN",1100.42,1386.00,29.19,0.94,4.38,1430.00,750.20,61.78,250,1131777
1134,PRIVISCL,"PRIVI SPECIALITY CHE",2020.66,2521.00,19.16,1.32,4.38,2660.00,1368.15,63.93,250,2259201
1135,ABAN-BE,"ABAN OFFSHORE",50.07,40.45,12.27,0.00,4.38,72.70,35.32,74.65,250,1986305
1136,DREDGECORP,"DREDGING CORP OF INDIA",723.65,622.00,15.01,0.00,4.38,1210.75,495.00,98.91,250,2885377
1137,THYROCARE,"THYROCARE TECH",978.02,1269.00,14.44,1.21,4.38,1435.00,658.00,79.45,250,4360193
1138,RICOAUTO,"RICO AUTO INDUSTRIES",81.49,89.75,17.31,1.44,4.38,113.28,54.00,72.75,250,744705
1139,TIMETECHNO,"TIME TECHNOPLAST",210.65,221.24,15.49,1.41,4.38,256.80,153.30,49.13,250,3764993
1140,ASTEC,"ASTEC LIFESCIENCES",876.10,769.80,17.97,0.53,4.38,1254.25,629.80,71.28,250,4538369
1141,NAVA,"NAVA",522.51,625.00,16.88,1.19,4.38,735.00,356.05,72.52,250,1027585
1142,PARACABLES,"PARAMOUNT COMM",60.33,44.76,13.08,1.69,4.38,90.10,43.15,77.82,250,3571457
1143,GVT&D,"GE VERNOVA T&D INDIA",2062.25,3011.60,9.19,0.00,4.38,3204.90,1254.00,94.60,250,4296449
1144,ZIMLAB,"ZIM LABORATORIES",96.31,71.11,21.90,1.04,4.38,128.00,69.10,61.15,250,3170305
1145,TIRUMALCHM,"THIRUMALAI CHEMICALS",287.21,278.05,16.70,1.26,4.38,394.95,201.27,67.43,250,894977
1146,NDTV,"NDTV",116.99,105.20,19.57,1.00,4.37,151.93,85.02,57.19,250,2925313
1147,JISLJALEQS,"JAIN IRRIGATION SYSTEMS",60.31,50.86,16.01,1.15,4.37,83.40,45.10,63.50,250,2661633
1148,S&SPOWER,"S&S POWER SWITCHGEARS",383.20,354.95,18.76,0.00,4.37,493.75,224.45,70.28,250,755457
1149,SJLOGISTIC-SM,"S J LOGISTICS (INDIA)",520.90,373.20,16.27,0.00,4.37,725.00,350.00,71.99,250,5258753
1150,ANNAPURNA-SM,"ANNAPURNA SWADISHT",312.41,254.10,16.22,0.54,4.37,441.00,228.00,68.18,250,2866689
1151,EKC,"EVEREST KANTO CYLINDERLTD",150.64,141.21,14.42,1.20,4.37,231.57,103.00,85.35,250,3351297
1152,ALANKIT,"ALANKIT",17.12,12.66,15.30,0.77,4.37,25.57,11.93,79.67,250,2539777
1153,DAVANGERE,"DAVANGERE SUGAR COMPANY L",4.47,3.68,19.57,0.68,4.37,6.79,3.03,84.15,250,5579265
1154,MOTILALOFS,"MOTILAL OSWAL FIN",825.09,967.50,16.11,1.34,4.36,1064.00,513.00,66.78,250,3826433
1155,FOCUS,"FOCUS LIGHTG & FIXTRS",104.49,85.90,10.87,0.00,4.36,144.00,63.78,76.77,250,1750017
1156,RUBYMILLS,"THE RUBY MILLS",227.75,222.35,16.08,0.98,4.36,323.95,171.78,66.82,250,752385
1157,IGCL,"INDOGULF CROPSCIENCES",108.08,108.81,10.26,1.58,4.36,122.00,97.99,22.21,69,193997057
1158,OPTIVALUE-SM,"OPTIVALUE TEK CONSULT",100.18,91.50,8.45,1.39,4.36,107.55,88.40,19.12,22,194278401
1159,EFFWA-SM,"EFFWA INFRA & RESEARCH L",223.08,221.20,12.82,0.00,4.36,272.95,147.55,56.21,250,6255361
1160,AMBER,"AMBER ENTERPRISES (I)",6788.84,8278.50,16.77,1.09,4.36,8497.00,5005.00,51.44,250,303361
1161,EPACK,"EPACK DURABLE",399.63,353.50,11.00,0.00,4.36,669.95,316.00,88.57,250,5750529
1162,KRITIKA,"KRITIKA WIRES",10.20,8.47,16.80,0.00,4.36,15.24,7.49,76.01,250,2377729
1163,MAZDA,"MAZDA",273.08,292.55,19.04,0.00,4.36,428.90,205.00,81.99,250,4829697
1164,JWL,"JUPITER WAGONS",394.30,334.40,17.20,1.06,4.36,588.00,270.05,80.64,250,5177345
1165,REDINGTON,"REDINGTON",240.65,287.80,16.42,1.56,4.36,334.80,158.61,73.21,250,3649281
1166,ADFFOODS,"ADF FOODS",260.24,202.90,12.71,1.13,4.36,353.95,200.10,59.12,250,5058817
1167,VOLERCAR-ST,"VOLER CAR",129.05,230.00,19.46,0.00,4.35,242.00,77.40,127.54,151,7593217
1168,RTNINDIA,"RATTANINDIA ENT",55.61,51.90,16.91,1.28,4.35,77.59,37.42,72.24,250,6988033
1169,NSIL,"NALWA SONS INVESTMENT",6877.53,7717.00,18.76,0.00,4.35,9974.00,4600.00,78.14,250,2877185
1170,JAYBARMARU-BE,"JAYBHARATMARU-",81.06,98.44,17.59,1.07,4.35,111.85,55.50,69.51,250,2161665
1171,SVLL-BE,"SHREE VASU LOGISTICS",541.52,783.00,10.53,0.00,4.35,855.70,261.70,109.69,250,3872257
1172,BANSWRAS,"BANSWARA SYNTEX",137.77,126.57,12.02,1.15,4.35,178.80,112.60,48.05,250,3714817
1173,SBC,"SBC EXPORTS",16.54,22.70,21.49,1.27,4.35,23.23,10.95,74.23,250,1738753
1174,PENTAGON-SM,"PENTAGON RUBBER",72.12,68.05,18.06,0.00,4.35,110.50,50.55,83.12,244,4385793
1175,AARVI,"AARVI ENCON",120.35,123.84,16.85,0.99,4.35,168.00,88.00,66.47,250,4882689
1176,LOKESHMACH,"LOKESH MACHINES",237.65,191.00,16.64,0.00,4.35,447.90,127.93,134.64,250,3439617
1177,ELDEHSG,"ELDECO HSG & IND",796.61,800.00,18.60,0.85,4.34,998.90,658.10,42.78,250,2291969
1178,REMUS-SM,"REMUS PHARMACEUTICALS L",1033.91,686.00,17.81,0.16,4.34,1385.50,636.10,72.48,250,4135425
1179,EMIL,"ELECTRONICS MART IND",147.32,144.00,18.03,1.51,4.34,225.50,111.11,77.65,250,2951681
1180,NECLIFE-BE,"NECTAR LIFESCIENCES",26.44,14.10,19.19,0.00,4.34,44.41,13.05,118.59,250,3054081
1181,POSITRON-SM,"POSITRON ENERGY",327.15,333.00,18.67,0.00,4.34,420.00,225.00,59.61,250,6365185
1182,NOVAAGRI,"NOVA AGRITECH",54.58,46.74,16.79,1.27,4.34,75.50,40.40,64.31,250,5754113
1183,DBEIL,"DEEPAK BUILDERS & ENG I L",152.96,165.41,24.38,0.81,4.34,214.00,128.50,55.90,238,6628353
1184,VENTIVE,"VENTIVE HOSPITALITY",727.28,711.10,13.35,1.08,4.34,840.00,523.40,43.53,196,7384833
1185,SPCL-SM,"SHIVALIC POWER CONTROL L",156.28,99.00,11.89,0.00,4.34,279.00,93.00,119.02,250,6207745
1186,MOREPENLAB,"MOREPEN LAB.",62.66,49.94,19.63,1.43,4.33,94.45,42.00,83.71,250,578305
1187,JUNIPER,"JUNIPER HOTELS",304.51,267.70,11.72,1.57,4.33,398.00,224.30,57.04,250,5842945
1188,MOS-SM,"MOS UTILITY",53.94,49.80,22.37,0.00,4.33,64.35,38.15,48.58,246,3853057
1189,SAKSOFT,"SAKSOFT",200.30,194.98,15.30,1.20,4.33,255.00,125.03,64.89,250,3019265
1190,MARKSANS,"MARKSANS PHARMA",242.61,181.50,18.41,1.09,4.33,358.70,162.00,81.08,250,2708225
1191,SASKEN,"SASKEN TECHNOLOGIES",1656.52,1396.00,14.95,1.24,4.33,2399.80,1276.00,67.84,250,3067649
1192,FACT,"FACT",884.03,894.00,17.10,1.10,4.33,1112.00,565.00,61.88,250,258049
1193,RPGLIFE,"RPG LIFE SCIENCES",2298.81,2323.40,12.60,1.09,4.33,2974.95,1835.00,49.59,250,4281601
1194,SUPERHOUSE,"SUPERHOUSE",179.47,160.80,15.64,0.78,4.33,237.99,129.53,60.43,250,5277697
1195,BARBEQUE,"BARBEQUE NATION HOSP.",353.51,225.00,14.72,0.97,4.33,712.00,219.15,139.42,250,800513
1196,RADIOCITY,"MUSIC BROADCAST",10.43,8.35,16.32,0.96,4.33,16.29,7.70,82.32,250,5088513
1197,IPL,"INDIA PESTICIDES",183.59,205.60,13.08,0.83,4.33,245.84,119.79,68.66,250,1263105
1198,BORORENEW,"BOROSIL RENEWABLES",534.13,642.00,12.70,0.00,4.32,659.90,402.80,48.13,250,806145
1199,SARDAEN,"SARDA ENERGY & MIN",483.76,567.50,15.97,1.27,4.32,639.75,396.60,50.26,250,4546049
1200,SHRADHA,"SHRADHA INFRAPROJECTS",59.14,49.00,20.23,0.00,4.32,89.11,43.06,77.87,250,181249
1201,PICCADIL,"PICCADILY AGRO INDUSTRI L",634.72,657.50,14.42,1.37,4.32,805.50,569.10,37.24,70,193985025
1202,SANDUMA,"SANDUR MANG & IRON ORES L",152.62,204.74,15.99,1.03,4.32,214.10,112.40,66.64,250,4699905
1203,PCCL-SM,"PETRO CARBON AND CHEMI L",190.73,175.10,18.32,0.06,4.32,273.60,150.00,64.80,249,6218241
1204,WOMANCART-SM,"WOMANCART",284.02,244.00,13.07,0.00,4.32,437.15,211.15,79.57,238,5024513
1205,ITDC,"INDIA TOUR. DEV. CO.",596.98,629.65,17.94,1.36,4.32,739.95,467.05,45.71,250,4940545
1206,EMAMIREAL,"EMAMI REALTY",110.89,102.90,10.35,0.00,4.32,157.16,72.87,76.01,217,4934913
1207,MIRZAINT,"MIRZA INTERNATIONAL LIMIT",34.46,39.92,17.96,0.97,4.32,45.00,25.03,57.96,250,1124865
1208,INTELLECT,"INTELLECT DESIGN ARENA",903.35,1007.95,16.29,1.36,4.32,1255.00,577.40,75.01,250,1517057
1209,VADILALIND,"VADILAL INDUSTRIES",4830.87,5321.00,14.16,1.14,4.32,7398.50,3414.05,82.48,250,6194177
1210,UGARSUGAR,"THE UGAR SUGAR WORKS",53.62,43.40,15.98,0.86,4.32,86.24,38.91,88.27,250,5011969
1211,VISHNU,"VISHNU CHEMICALS",462.78,489.65,13.10,1.06,4.32,595.80,336.00,56.14,250,1768449
1212,IEML-SM,"INDIAN EMULSIFIERS",154.91,118.85,20.19,0.00,4.31,269.80,85.75,118.81,249,6089985
1213,ASIANTILES,"ASIAN GRANITO IND.",59.27,58.28,13.76,1.27,4.31,81.70,39.15,71.79,250,3811585
1214,SMARTLINK,"SMARTLINK HOLDINGS",168.65,148.59,11.96,0.00,4.31,267.00,119.50,87.46,250,2531585
1215,GREENPANEL,"GREENPANEL INDUSTRIES",301.45,309.00,16.84,1.54,4.31,427.00,202.81,74.37,250,3535361
1216,EXCELINDUS,"EXCEL INDUSTRIES",1231.79,1148.00,17.25,1.03,4.31,1760.00,799.10,78.01,250,2936577
1217,VISAKAIND,"VISAKA INDUSTRIES",82.93,83.69,18.73,0.84,4.31,111.29,55.05,67.82,250,1080577
1218,ARTEMISMED,"ARTEMIS MED SERVICE",269.41,240.00,15.75,1.09,4.31,350.00,207.71,52.81,250,4329729
1219,DHRUV,"DHRUV CONSULTANCY SER",88.46,51.00,10.53,0.00,4.31,168.33,50.50,133.20,250,1755649
1220,LANDMARK,"LANDMARK CARS",535.79,579.90,15.85,1.17,4.31,703.00,329.80,69.65,250,3398657
1221,GRAVITA,"GRAVITA INDIA",1908.83,1638.40,20.98,0.97,4.31,2609.85,1379.65,64.45,250,5256705
1222,DHUNINV,"DHUNSERI INVESTMENTS",1699.37,1418.90,18.70,0.78,4.31,2562.00,1361.00,70.67,250,5691649
1223,20MICRONS,"20 MICRONS",226.82,212.98,15.74,0.00,4.31,321.00,158.20,71.78,250,4331777
1224,BAFNAPH-BE,"BAFNA PHARMACEUTICALS",87.43,159.22,12.70,0.00,4.31,176.33,69.00,122.75,249,4540161
1225,SUBROS,"SUBROS",735.51,1124.60,18.50,1.01,4.31,1213.70,518.00,94.59,250,850945
1226,BROOKS,"BROOKS LAB",141.98,125.30,20.20,0.00,4.30,198.86,95.55,72.76,250,6434817
1227,PRLIND-SM,"PREMIER ROADLINES",100.58,82.50,20.80,0.00,4.30,139.00,78.20,60.45,249,6083585
1228,UNITEDPOLY-BE,"UNITED POLYFAB GUJ.",20.52,45.38,12.96,0.00,4.30,51.16,10.40,198.62,250,1936385
1229,OSELDEVICE-ST,"OSEL DEVICES",312.94,619.85,17.53,0.00,4.30,657.80,175.00,154.28,250,6499585
1230,SENCO,"SENCO GOLD",418.81,326.00,14.26,0.00,4.30,731.30,227.40,120.32,250,4421377
1231,TECHLABS-SM,"TRIDENT TECHLABS",770.41,489.00,10.47,0.00,4.30,1670.00,401.05,164.71,250,5395969
1232,ALLTIME,"ALL TIME PLASTICS",286.34,272.00,15.65,1.49,4.30,334.90,256.80,27.28,39,194162689
1233,NILASPACES-BE,"NILA SPACES",13.67,19.00,17.43,0.00,4.30,20.47,10.21,75.04,250,1907201
1234,AMANTA,"AMANTA HEALTHCARE",139.69,134.71,6.96,1.90,4.30,154.40,132.00,16.04,23,194280705
1235,TATVA,"TATVA CHIN PHARM CHEM",884.44,1080.10,16.04,1.16,4.29,1232.75,621.00,69.17,250,1321473
1236,INDBANK,"INDBANK MERCH BANK",36.98,43.58,18.94,1.15,4.29,53.00,25.50,74.36,250,4334849
1237,BALPHARMA,"BAL PHARMA",104.03,82.81,15.23,0.00,4.29,140.95,78.06,60.45,250,3440897
1238,RAJOOENG,"RAJOO ENGINEERS",109.16,94.13,16.40,0.00,4.29,145.88,79.97,60.38,94,193804545
1239,RAMKY,"RAMKY INFRA",552.05,626.40,17.34,1.29,4.29,705.00,402.25,54.84,250,5154305
1240,SHAKTIPUMP,"SHAKTI PUMPS (I)",899.21,815.15,14.97,0.00,4.29,1387.00,691.70,77.32,250,6546945
1241,SADHAV-SM,"SADHAV SHIPPING",120.35,110.00,17.19,0.00,4.29,175.10,76.95,81.55,250,5861633
1242,ELECTCAST,"ELECTROSTEEL CASTINGS",120.53,94.03,13.56,1.46,4.29,209.00,86.25,101.85,250,237569
1243,UNIECOM,"UNICOMMERCE ESOLUTIONS L",145.34,136.55,14.52,1.21,4.28,223.90,96.03,87.98,250,6351105
1244,MUFTI,"CREDO BRANDS MARKETING L",147.87,115.99,16.73,1.27,4.28,208.76,105.00,70.17,250,5344769
1245,INDIAGLYCO,"INDIA GLYCOLS",748.34,939.80,11.31,1.45,4.28,1069.00,503.50,75.57,250,389377
1246,ACCENTMIC-ST,"ACCENT MICROCELL",242.27,254.00,17.11,0.00,4.28,324.00,170.25,63.46,250,5246977
1247,1003SCFL31-Z4,"1003SCFL31-Z4",905.78,995.00,11.78,0.00,4.28,999.00,799.65,22.01,5,5968641
1248,PPSL-ST,"PICTUREPOST STUDIOS",26.92,13.90,23.28,0.00,4.28,45.60,11.55,126.48,242,6346497
1249,TBOTEK,"TBO TEK",1446.95,1563.00,14.73,1.49,4.28,1845.55,996.00,58.71,250,6077441
1250,VIVIANA-SM,"VIVIANA POWER TECH",1020.11,1596.00,17.00,0.00,4.28,1809.95,598.00,118.81,249,2807553
1251,SHARDAMOTR,"SHARDA MOTOR INDS",955.00,1060.00,18.21,1.46,4.28,1248.00,625.00,65.24,250,2695681
1252,CHETANA-SM,"CHETANA EDUCATION",89.69,73.50,18.19,0.00,4.28,129.00,70.00,65.78,234,6304001
1253,DENORA,"DE NORA INDIA",962.28,803.70,13.28,1.26,4.28,1560.00,676.00,91.87,250,1095425
1254,850SCL25A-NW,"850SCL25A-NW",953.44,999.00,8.56,0.00,4.28,999.00,830.20,17.70,2,1500929
1255,SAGILITY,"SAGILITY",43.40,46.36,13.37,0.00,4.28,56.40,27.02,67.70,227,6925313
1256,CANTABIL,"CANTABIL RETAIL",257.59,244.70,11.93,1.31,4.28,334.00,211.01,47.75,250,5160961
1257,GOKEX,"GOKALDAS EXPORTS",899.80,783.15,13.85,1.11,4.27,1262.15,668.10,66.02,250,3015169
1258,UCAL,"UCAL",156.60,135.90,15.04,1.63,4.27,252.40,125.00,81.35,250,913921
1259,SHK,"S H KELKAR AND CO.",234.88,226.50,15.00,1.28,4.27,336.25,156.61,76.48,250,2870273
1260,SAHYADRI,"SAHYADRI INDUSTRIES",290.00,267.15,12.42,1.03,4.27,356.00,211.00,50.00,250,3814401
1261,VISHNUINFR-SM,"VISHNUSURYA PROJ N INFR L",210.36,166.10,22.16,0.00,4.27,312.85,155.05,75.01,249,4940801
1262,RAMRAT,"RAM RATNA WIRES",610.34,631.40,23.07,0.81,4.27,785.95,456.60,53.96,250,2684161
1263,IITL,"INDUSTRIAL INV TRUST",258.11,198.50,20.67,0.00,4.27,444.95,153.00,113.11,250,4998401
1264,NITCO,"NITCO",124.46,114.21,10.82,0.00,4.27,163.95,85.65,62.91,250,3404801
1265,GOCLCORP,"GOCL CORPORATION",349.77,350.80,19.68,1.30,4.27,443.20,245.00,56.67,250,1014529
1266,EMAPARTNER-SM,"EMA PARTNERS INDIA",109.28,102.00,19.57,0.00,4.27,158.80,87.05,65.66,175,7482625
1267,MMTC,"MMTC",67.00,70.20,16.49,1.31,4.27,88.19,44.50,65.21,250,4596993
1268,ATMASTCO-SM,"ATMASTCO",221.03,207.00,18.00,0.00,4.27,300.80,162.20,62.71,250,5832961
1269,AARADHYA-ST,"AARADHYA DISPOSAL INDUS L",130.06,177.00,15.59,0.00,4.27,178.00,97.50,61.89,42,194103297
1270,JUBLPHARMA,"JUBILANT PHARMOVA",1061.03,1120.10,11.62,1.04,4.26,1309.90,802.00,47.87,250,931073
1271,APRAMEYA-SM,"APRAMEYA ENGINEERING",139.42,243.05,20.64,0.00,4.26,307.95,61.00,177.13,228,6307329
1272,HBLENGINE,"HBL ENGINEERING",604.53,880.45,15.58,1.20,4.26,914.35,405.00,84.26,250,3575297
1273,INDOCO,"INDOCO REMEDIES",286.19,287.30,18.09,1.10,4.26,355.00,190.00,57.65,250,2989313
1274,ZENITHDRUG-SM,"ZENITH DRUGS",79.23,64.75,21.09,0.00,4.26,122.25,47.15,94.79,245,5837569
1275,SPCENET,"SPACENET ENTERS IND",11.13,9.17,24.15,0.00,4.26,26.50,4.78,195.19,250,4959233
1276,PARAGMILK,"PARAG MILK FOODS",207.50,278.90,12.83,1.03,4.26,316.40,135.49,87.18,250,4385281
1277,LYKALABS,"LYKA LABS",123.08,94.50,13.74,1.09,4.26,176.59,91.58,69.07,250,519169
1278,HINDCOMPOS,"HINDUSTAN COMPOSITES",473.30,446.00,16.73,1.09,4.26,647.95,401.75,52.02,250,351233
1279,COCHINSHIP,"COCHIN SHIPYARD",1636.04,1777.90,14.41,1.08,4.26,2545.00,1180.20,83.42,250,5506049
1280,TRUST-SM,"TRUST FINTECH",104.46,71.10,23.10,0.00,4.25,220.80,42.70,170.50,250,5994753
1281,GLOBUSSPR,"GLOBUS SPIRITS",998.07,1117.60,23.30,0.99,4.25,1303.20,751.00,55.33,250,4460545
1282,DCW,"DCW",82.60,68.40,13.09,1.15,4.25,113.00,66.36,56.47,250,209153
1283,HESTERBIO,"HESTER BIOSCIENCES",1984.36,1735.10,23.61,0.73,4.24,2786.10,1242.95,77.77,250,1804289
1284,KANORICHEM,"KANORIA CHEMICALS & INDUS",98.11,82.03,13.96,1.21,4.24,145.34,73.01,73.72,250,469761
1285,SURAJLTD,"SURAJ",396.25,313.45,19.94,0.00,4.24,530.40,284.70,62.01,249,6391297
1286,KOHINOOR,"KOHINOOR FOODS",37.02,33.49,19.47,1.07,4.24,55.30,29.91,68.59,250,770305
1287,FLAIR,"FLAIR WRITING INDUST",277.08,315.10,10.65,1.06,4.24,357.00,194.03,58.82,250,5215233
1288,LOTUSDEV,"SRI LOTUS DEVLPRS N RTY L",188.15,185.70,11.86,1.48,4.24,218.49,173.50,23.91,45,194085121
1289,NURECA,"NURECA",267.42,230.20,19.33,0.00,4.24,447.50,203.62,91.20,250,601601
1290,AARTIPHARM,"AARTI PHARMALABS",761.90,832.65,16.67,0.89,4.24,971.00,557.05,54.33,250,3550209
1291,RAJPUTANA-SM,"RAJPUTANA BIODIESEL",254.19,275.00,14.65,0.00,4.23,383.85,173.15,82.89,210,6980865
1292,STYLAMIND,"STYLAM INDUSTRIES",1889.58,2007.80,16.52,1.17,4.23,2735.00,1464.25,67.25,250,1327617
1293,COFFEEDAY-BE,"COFFEE DAY ENTERPRISE",34.09,43.80,17.71,0.00,4.23,51.46,21.28,88.52,190,2859265
1294,DKEGL-SM,"D K ENTERPRISES GLOBAL L",71.05,70.00,21.06,0.00,4.23,100.75,54.85,64.60,155,1599745
1295,BSE,"BSE",2036.28,2379.90,13.99,1.21,4.23,3030.00,1227.50,88.52,250,5013761
1296,TAURIAN-ST,"TAURIAN MPS",312.70,373.50,16.08,0.00,4.23,425.00,210.00,68.76,18,194498305
1297,SPENCERS,"SPENCER S RETAIL",70.79,56.25,15.32,1.12,4.23,103.88,53.40,71.31,250,2089729
1298,REDTAPE,"REDTAPE",162.67,136.80,14.27,1.27,4.23,245.00,119.51,77.14,250,4571905
1299,MAZDOCK,"MAZAGON DOCK SHIPBUIL",2634.59,2874.10,14.02,0.94,4.23,3775.00,1918.05,70.48,250,130305
1300,KOTYARK-ST,"KOTYARK INDUSTRIES",553.72,303.00,22.09,0.00,4.23,1195.00,202.40,179.26,250,1649665
1301,CONCORDBIO,"CONCORD BIOTECH",1830.03,1604.50,18.35,1.36,4.23,2451.70,1345.00,60.47,250,4623361
1302,APEX,"APEX FROZEN FOODS",233.88,224.25,15.08,1.33,4.23,281.70,186.55,40.68,250,5535489
1303,RUBFILA,"RUBFILA INTERNATIONAL",75.82,81.00,14.26,0.93,4.22,90.55,60.36,39.82,250,6330881
1304,PAR-BE,"PAR DRUGS AND CHEM",148.97,103.50,15.05,0.00,4.22,348.45,81.01,179.52,250,1443073
1305,TEXMOPIPES,"TEXMO PIPE & PRODUCTS",60.97,54.77,15.96,0.83,4.22,78.39,44.50,55.58,250,4662785
1306,GULPOLY,"GULSHAN POLYOLS",180.35,145.50,15.89,1.08,4.22,234.00,141.00,51.57,250,1609217
1307,IKS,"INVENTURUS KNOWLEDGE SO L",1630.58,1533.20,17.28,1.30,4.22,2189.00,1236.80,58.40,202,7200001
1308,SHRIAHIMSA-ST,"SHRI AHIMSA NATURALS",179.08,224.00,14.54,0.00,4.21,246.95,126.50,67.26,130,193640705
1309,SHRIRAMPPS,"SHRIRAM PROPERTIES",92.28,90.64,15.27,1.62,4.21,124.80,63.13,66.83,250,1843201
1310,BELRISE,"BELRISE INDUSTRIES",128.57,155.30,11.23,1.57,4.21,164.50,89.15,58.61,95,193818113
1311,TRITURBINE,"TRIVENI TURBINE",613.19,526.40,18.00,1.25,4.21,885.00,460.30,69.26,250,6549505
1312,TRAVELFOOD,"TRAVEL FOOD SERVICES",1214.82,1345.00,9.51,1.86,4.21,1435.00,1008.50,35.11,62,193931521
1313,SURYAROSNI,"SURYA ROSHNI",291.16,286.95,17.76,1.46,4.21,368.35,212.55,53.51,250,864001
1314,RBZJEWEL,"RBZ JEWELLERS",161.23,144.98,18.73,0.00,4.21,251.68,125.50,78.26,250,5343745
1315,SUNDROP,"SUNDROP BRANDS",859.74,784.85,14.13,1.51,4.21,1152.00,685.00,54.32,250,425729
1316,PERFECT-SZ,"PERFECT INFRAENGINEER",13.30,4.85,10.41,0.00,4.20,29.70,4.40,190.25,157,194078977
1317,RHETAN,"RHETAN TMT",21.65,21.90,9.72,2.80,4.20,22.40,20.32,9.61,10,194319873
1318,RAYMONDREL,"RAYMOND REALTY",692.17,605.00,10.32,1.58,4.20,1050.00,568.00,69.64,71,194189057
1319,SAMMAANCAP,"SAMMAAN CAPITAL",134.51,162.90,15.38,1.05,4.20,170.25,97.61,54.00,250,7712001
1320,MAYASHEEL-SM,"MAYASHEEL VENTURES",57.95,60.00,20.05,0.00,4.20,66.00,46.00,34.51,71,193942273
1321,EMAMIPAP,"EMAMI PAPER MILLS",100.39,101.19,15.06,0.53,4.20,128.00,82.51,45.31,250,2578945
1322,VISHWARAJ,"VISHWARAJ SUGAR IND",11.49,8.25,13.80,1.15,4.20,19.20,7.82,99.00,250,3507713
1323,WCIL,"WESTERN CARRIERS (IND) L",110.39,122.80,15.65,1.18,4.20,157.70,65.10,83.88,250,6503169
1324,AKIKO-ST,"AKIKO GLOBAL SERVICES L",103.89,258.00,23.59,0.00,4.20,285.20,62.00,214.85,236,6222593
1325,SJS,"SJS ENTERPRISES",1134.07,1508.00,14.99,1.19,4.20,1577.50,808.15,67.84,250,1700609
1326,VENUSPIPES,"VENUS PIPES & TUBES",1444.81,1335.00,16.18,1.31,4.19,2066.05,1005.30,73.42,250,2455553
1327,MANBA,"MANBA FINANCE",143.89,133.95,22.92,0.82,4.19,199.80,119.00,56.16,250,6552833
1328,MAGADSUGAR,"MAGADH SUGAR & ENERGY",634.33,586.05,18.66,0.82,4.19,895.20,440.05,71.75,250,5476353
1329,APARINDS,"APAR INDUSTRIES",8178.40,8382.00,23.96,1.06,4.19,11779.90,4308.05,91.36,250,2941697
1330,BBL,"BHARAT BIJLEE",3273.97,3295.00,23.79,0.96,4.19,5062.00,2350.00,82.84,250,3522817
1331,SYNCOMF,"SYNCOM FORMU (I)",18.57,17.03,11.83,0.92,4.19,23.87,14.10,52.61,250,3069953
1332,ESSENTIA,"INTEGRA ESSENTIA",2.55,1.70,22.96,0.00,4.19,3.89,1.68,86.75,250,7762689
1333,IVC,"IL&FS INVESTMENT MANAGERS",9.45,7.92,18.01,1.12,4.19,12.53,7.56,52.58,250,1718017
1334,SDBL,"SOM DIST & BREW",127.97,125.85,12.51,1.39,4.19,173.03,95.61,60.50,250,342529
1335,SEAMECLTD,"SEAMEC",998.24,875.00,17.08,1.19,4.19,1484.90,752.55,73.36,250,669697
1336,DCCL-SM,"DAR CREDIT & CAPITAL",55.62,54.90,17.52,0.00,4.19,66.00,44.00,39.55,94,193819393
1337,RSWM,"RSWM",166.30,144.19,10.25,1.45,4.19,221.00,126.05,57.09,250,715265
1338,AZAD,"AZAD ENGINEERING",1574.70,1651.70,13.21,1.26,4.19,1929.80,1159.45,48.92,250,5351681
1339,JEYYAM-ST,"JEYYAM GLOBAL FOODS",46.13,60.50,18.89,0.00,4.19,67.50,31.00,79.13,250,6438401
1340,ENTERO,"ENTERO HEALTHCARE SOLU L",1285.81,1123.00,16.58,1.11,4.19,1584.25,1044.90,41.95,250,5815553
1341,TFCILTD,"TOURISM FINANCE CORP. OF",42.59,73.55,16.97,0.34,4.18,75.90,24.45,120.81,250,887297
1342,SUDARSCHEM,"SUDARSHAN CHEMICAL INDS L",1145.28,1311.50,18.40,1.45,4.18,1603.00,796.15,70.45,250,851713
1343,SCHNEIDER,"SCHNEIDER ELECTRIC INFRA",760.33,827.55,14.63,0.00,4.18,1052.00,540.00,67.34,250,7995905
1344,HEG,"HEG",473.00,515.00,16.25,1.24,4.18,619.50,331.25,60.94,250,342017
1345,KSCL,"KAVERI SEED CO.",1107.47,1066.00,13.38,1.36,4.18,1602.00,804.10,72.05,250,3832833
1346,EFCIL,"EFC (I)",318.36,312.80,9.92,1.96,4.18,357.00,285.00,22.62,36,194220801
1347,SCPL,"SHEETAL COOL PRODUCTS",308.14,247.00,15.43,0.00,4.18,376.85,226.35,48.84,250,3090433
1348,ALIVUS,"ALIVUS LIFE SCIENCES",1037.07,932.05,13.51,1.37,4.18,1251.00,850.00,38.67,250,1347841
1349,LTFOODS,"LT FOODS",409.74,401.50,20.34,1.13,4.17,518.55,288.25,56.21,250,3536897
1350,RAJRATAN,"RAJRATAN GLOBAL WIRE",412.06,320.00,15.66,0.40,4.17,618.00,260.00,86.88,250,4854273
1351,BLUEWATER-SM,"BLUE WATER LOGISTICS",157.60,158.00,20.94,0.00,4.17,187.20,125.40,39.21,91,194094593
1352,IOLCP,"IOL CHEM AND PHARMA",82.77,102.19,16.99,0.99,4.17,126.66,57.50,83.55,250,5225729
1353,HARRMALAYA,"HARRISON MALAYALAM",231.57,204.00,14.38,0.00,4.17,341.85,170.53,73.98,250,336129
1354,SBCL,"SHIVALIK BIMETAL CON.",525.51,504.00,16.99,1.25,4.17,729.80,342.00,73.79,250,1191937
1355,JUBLINGREA,"JUBILANT INGREVIA",717.52,653.00,14.62,0.77,4.17,885.00,535.20,48.75,250,712449
1356,ACL-BE,"ANDHRA CEMENTS",72.48,83.83,15.81,0.00,4.17,109.99,48.15,85.32,250,3950337
1357,PELATRO-SM,"PELATRO",378.88,380.00,18.52,0.00,4.17,559.90,270.25,76.45,246,6504449
1358,CEREBRAINT-BZ,"CEREBRA INT TECH",7.54,8.35,10.62,0.00,4.17,12.27,3.99,109.78,250,7428097
1359,CHAMUNDA-SM,"CHAMUNDA ELECTRICAL",46.46,52.00,18.55,0.00,4.17,71.00,36.10,75.11,162,7562497
1360,WENDT,"WENDT (INDIA)",11519.02,8900.00,26.37,1.07,4.16,18033.65,8162.00,85.70,250,1084161
1361,NORTHARC,"NORTHERN ARC CAPITAL",224.78,270.80,19.11,1.25,4.16,293.00,141.47,67.41,250,6509057
1362,DPSCLTD,"DPSC",14.22,11.95,15.60,1.04,4.16,20.15,10.52,67.74,250,3947265
1363,DELAPLEX-SM,"DELAPLEX",176.65,180.90,22.28,0.00,4.16,248.00,126.00,69.06,248,5766913
1364,EFACTOR-SM,"E FACTOR EXPERIENCES",228.44,280.00,18.21,0.00,4.16,328.80,127.50,88.12,239,4932353
1365,IRMENERGY,"IRM ENERGY",317.21,343.90,15.96,1.21,4.16,427.95,237.00,60.20,250,5016833
1366,APOLSINHOT,"APOLLO SINDOORI HOTEL",1477.62,1330.00,17.32,0.97,4.16,1997.95,1160.00,56.71,250,1613313
1367,KEN-SM,"KEN ENTERPRISES",45.35,45.50,19.93,0.00,4.16,85.00,35.25,109.69,163,7564033
1368,ARKADE,"ARKADE DEVELOPERS",168.08,172.60,10.15,1.27,4.16,213.69,128.15,50.89,250,6501889
1369,YATHARTH,"YATHARTH HOSP & TRA C S L",567.34,809.90,12.19,1.37,4.15,843.70,345.60,87.80,250,4540929
1370,MAHASTEEL,"MAHAMAYA STEEL INDS",279.20,522.75,9.92,0.00,4.15,532.75,179.53,126.51,250,4486913
1371,TEXINFRA,"TEXMACO INFRA & HOLDG",108.27,93.56,18.09,0.64,4.15,159.50,85.35,68.49,250,2956545
1372,GROWWRLTY,"GROWWAMC - GROWWRLTY",10.04,10.13,5.94,2.37,4.15,10.44,9.85,5.88,2,194413569
1373,VENUSREM,"VENUS REMEDIES",372.06,460.00,14.45,0.00,4.15,567.80,270.25,79.97,250,3547905
1374,GUFICBIO,"GUFIC BIOSCIENCES",389.33,365.10,13.61,1.46,4.15,504.25,298.80,52.77,250,2971137
1375,PPAP-BE,"PPAP AUTOMOTIVE",207.99,232.00,19.50,0.00,4.15,274.95,154.05,58.13,250,3894529
1376,WTICAB-ST,"WISE TRAVEL INDIA",170.56,162.50,17.80,0.00,4.15,275.00,115.20,93.69,250,5818369
1377,PROZONER-BE,"PROZONE REALTY",34.72,59.58,17.14,0.00,4.15,68.18,20.91,136.13,250,7388929
1378,LATTEYS,"LATTEYS INDUSTRIES",25.69,23.05,12.04,0.00,4.14,48.63,16.00,127.01,250,4055041
1379,AHLEAST,"ASIAN HOTELS (EAST)",150.85,151.20,13.01,1.06,4.14,196.90,122.78,49.13,250,4976129
1380,PRECWIRE,"PRECISION WIRES INDIA",170.55,215.70,14.17,1.22,4.14,222.00,118.00,60.98,250,695553
1381,KSL,"KALYANI STEELS",853.07,830.15,17.14,1.33,4.14,1277.00,666.50,71.57,250,4835585
1382,JMA,"JULLUNDUR MOT AGENCY",92.17,88.63,18.41,1.14,4.14,111.99,64.30,51.74,250,1819905
1383,SKMEGGPROD-BE,"SKM EGG PROD-ROLL SETT",246.99,340.90,18.28,0.00,4.13,385.00,154.00,93.53,250,2574337
1384,CHAVDA-SM,"CHAVDA INFRA",139.50,101.75,16.20,0.19,4.13,186.00,100.70,61.15,250,4775425
1385,ENFUSE-SM,"ENFUSE SOLUTIONS",226.92,181.10,20.64,0.00,4.13,284.00,150.60,58.79,231,5945345
1386,ARVSMART,"ARVIND SMARTSPACES",733.46,603.50,13.81,1.00,4.13,1025.00,580.20,60.64,250,2676993
1387,INTLCONV,"INTL CONVEYORS",84.10,104.90,12.42,1.17,4.13,114.54,61.20,63.42,250,1435137
1388,INDOTHAI,"INDO THAI SEC",173.91,376.00,10.19,0.00,4.13,376.80,85.80,167.33,250,6555649
1389,MANALIPETC,"MANALI PETROCHEMICALS LT",63.63,73.00,15.08,1.18,4.13,81.10,49.93,48.98,250,3531777
1390,KCPSUGIND,"KCP SUGAR IND CORP",38.40,32.22,12.46,1.00,4.13,53.80,30.01,61.95,250,1231105
1391,NIPPOBATRY,"INDO-NATIONAL",494.81,444.75,13.26,0.91,4.12,609.00,388.10,44.64,250,1736193
1392,SILVERCASE,"ZERODHAAMC - SILVERCASE",11.38,16.58,15.56,1.09,4.12,18.05,9.00,79.52,135,7750145
1393,ABREL,"ADITYA BIRLA REAL EST",2174.94,1630.00,17.19,1.37,4.12,3140.00,1562.60,72.53,250,160001
1394,ORICONENT,"ORICON ENTERPRISES",42.55,54.65,17.20,0.82,4.12,63.00,26.67,85.37,250,2600705
1395,GROWWDEFNC,"GROWWAMC - GROWWDEFNC",71.24,80.82,17.28,0.72,4.12,93.89,49.83,61.84,249,6594049
1396,KALYANKJIL,"KALYAN JEWELLERS IND",569.56,484.60,19.02,0.91,4.12,795.40,399.40,69.53,250,756481
1397,UNIDT,"UNITED DRILLING TOOLS",226.64,191.05,17.21,1.03,4.12,294.90,184.46,48.73,250,51457
1398,MOL,"MEGHMANI ORGANICS",84.26,81.16,15.79,1.47,4.12,115.95,56.11,71.02,250,1380865
1399,GULFPETRO,"GP PETROLEUMS",48.62,40.02,18.05,1.00,4.12,82.07,35.56,95.66,250,2964737
1400,SADBHAV,"SADBHAV ENGINEERING",17.91,12.85,10.99,0.00,4.12,38.32,10.54,155.07,250,3388417
1401,AVPINFRA-SM,"AVP INFRACON",180.73,168.70,15.96,0.00,4.12,264.30,113.45,83.47,250,5928705
1402,RKSWAMY,"R K SWAMY",205.66,141.90,14.94,1.09,4.12,289.44,140.05,72.64,250,5899009
1403,SONATSOFTW,"SONATA SOFTWARE",457.92,368.95,18.49,1.35,4.12,687.10,286.40,87.51,250,1688577
1404,DCMSHRIRAM,"DCM SHRIRAM",1144.60,1199.00,18.28,1.21,4.12,1502.30,902.60,52.39,250,207617
1405,TEXRAIL,"TEXMACO RAIL & ENG.",166.27,138.34,15.50,1.31,4.11,239.74,119.06,72.58,250,5587969
1406,BEML,"BEML",3788.93,4361.00,17.32,1.45,4.11,4874.80,2350.00,66.64,250,101121
1407,HERANBA,"HERANBA INDUSTRIES",344.93,317.90,17.19,0.00,4.11,562.00,208.00,102.63,250,669185
1408,MDL-SM,"MARVEL DECOR",101.04,87.00,23.20,0.00,4.11,143.25,72.95,69.57,188,545793
1409,APOLLOPIPE,"APOLLO PIPES",423.30,336.10,19.44,0.92,4.11,580.20,312.80,63.17,250,3676417
1410,NATHBIOGEN-BE,"NATH BIO-GENES (I)",179.30,177.90,12.59,0.00,4.11,238.69,137.55,56.41,250,2833665
1411,GENUSPAPER,"GENUS P&B",19.74,17.23,18.87,1.01,4.11,25.40,15.41,50.61,250,1689601
1412,MENONBE,"MENON BEARINGS",117.32,122.00,14.82,1.15,4.11,145.90,86.00,51.06,250,1782017
1413,KALYANIFRG,"KALYANI FORGE",645.05,795.90,15.75,0.00,4.11,890.00,426.35,71.88,250,3879937
1414,KUANTUM,"KUANTUM PAPERS",115.53,108.93,16.58,1.24,4.11,146.00,92.82,46.03,250,3550721
1415,TECHERA-SM,"TECHERA ENGINEER (IND) L",183.75,273.55,17.11,0.00,4.11,273.55,115.60,85.96,242,6566913
1416,UGROCAP,"UGRO CAPITAL",190.92,184.08,12.64,1.01,4.10,264.54,142.31,64.02,250,1360129
1417,URBAN-SM,"URBAN ENVIRO WASTE MGMT L",206.15,168.00,16.37,0.00,4.10,347.60,136.05,102.62,249,4323329
1418,ASPINWALL,"ASPINWALL & CO",280.51,261.15,17.52,0.63,4.10,345.90,220.35,44.76,250,4421121
1419,GODHA-BE,"GODHA CABCON INSULAT",0.78,0.56,11.84,0.00,4.10,1.41,0.45,123.20,250,412161
1420,EPIGRAL,"EPIGRAL",1861.72,1712.90,15.06,1.07,4.10,2361.90,1502.35,46.17,250,1377793
1421,BAHETI-SM,"BAHETI RECYCLING IND",500.79,571.80,18.46,0.00,4.10,649.90,328.10,64.26,250,3325185
1422,SMARTWORKS,"SMARTWORKS COWORKING SP L",496.18,582.10,8.96,1.63,4.10,617.90,392.70,45.39,59,194039041
1423,RML,"RANE (MADRAS)",822.74,829.00,15.87,1.04,4.10,1129.10,575.00,67.35,250,3065601
1424,MACOBSTECH-SM,"MACOBS TECHNOLOGIES",170.28,202.00,21.00,0.00,4.10,214.50,117.50,56.97,224,6283521
1425,VOLTAMP,"VOLTAMP TRANSFORMERS",8670.51,7199.00,19.27,1.01,4.10,14280.00,6051.00,94.91,250,3475713
1426,JTEKTINDIA,"JTEKT INDIA",145.58,155.11,16.92,0.99,4.10,188.50,103.76,58.21,250,828673
1427,TIIL,"TECHNOCRAFT IND",2757.98,2393.50,16.63,1.04,4.09,3383.00,2050.00,48.33,250,3641089
1428,ANGELONE,"ANGEL ONE",2607.39,2303.80,12.50,1.20,4.09,3503.15,1941.00,59.91,250,82945
1429,YASHO,"YASHO INDUSTRIES",1863.56,1645.00,15.89,1.16,4.09,2343.85,1610.00,39.38,250,4641537
1430,K2INFRA-SM,"K2 INFRAGEN",114.12,62.40,12.22,0.00,4.09,283.60,56.00,199.44,246,6005505
1431,POLYMED,"POLY MEDICURE",2329.21,1904.00,17.73,1.01,4.09,3357.80,1821.20,65.97,250,6583809
1432,DELTIC-SM,"DELTA AUTOCORP",79.35,62.00,15.50,0.00,4.09,183.75,59.30,156.84,185,7447553
1433,UNIENTER,"UNIPHOS ENTERPRISES",154.94,148.00,14.90,1.05,4.09,192.68,129.44,40.82,250,2891009
1434,SBGLP,"SURATWWALA BUS GROUP",69.47,33.00,25.60,0.00,4.09,142.44,24.95,169.13,250,3619585
1435,SHRINGARMS,"SHRINGAR HOU OF MANGALS L",192.53,210.50,8.18,2.08,4.09,213.35,177.51,18.62,17,194327809
1436,NBIFIN,"N.B.I. IND. FIN. CO.",2653.83,2595.00,19.93,0.00,4.08,4100.00,2050.00,77.25,250,4892417
1437,ASTRAMICRO,"ASTRA MICROWAVE",874.23,1092.95,11.72,1.36,4.08,1195.90,584.20,69.97,250,2974209
1438,BAGDIGITAL-ST,"B.A.G.CONVERGENCE",102.27,100.00,6.25,1.24,4.08,106.05,95.75,10.07,3,194412289
1439,VINSYS-SM,"VINSYS IT SERVICES IND LT",382.69,369.00,32.71,0.00,4.08,475.00,300.00,45.73,247,4581889
1440,ORIENTHOT,"ORIENT HOTELS",154.23,128.78,16.80,1.09,4.08,202.00,125.50,49.60,250,638209
1441,GOPAL,"GOPAL SNACKS",355.06,347.05,12.64,1.29,4.08,520.00,255.90,74.38,250,5904897
1442,JBMA,"JBM AUTO",694.16,662.15,17.73,1.09,4.08,900.00,489.80,59.09,250,2983681
1443,SUNDARAM,"SUNDARAM MULTI PAP",2.24,1.87,19.31,0.90,4.08,3.00,1.78,54.49,250,4846337
1444,PLAZACABLE,"PLAZA WIRES",64.13,51.48,14.27,1.03,4.08,90.78,47.70,67.17,250,4981249
1445,GHCLTEXTIL,"GHCL TEXTILES",88.45,77.00,13.44,1.14,4.08,116.25,65.00,57.94,250,4274177
1446,FSL,"FIRSTSOURCE SOLU.",355.38,333.50,14.72,1.08,4.08,422.30,270.00,42.86,250,3661825
1447,OSIAHYPER-BE,"OSIA HYPER RETAIL",25.26,21.80,12.72,0.00,4.08,45.55,11.31,135.56,250,3236609
1448,ACI,"ARCHEAN CHEMICAL IND",628.24,638.50,16.41,1.11,4.08,730.00,408.35,51.20,250,3078145
1449,CAPACITE,"CAPACITE INFRAPROJECT",349.03,286.00,14.91,1.33,4.08,465.00,270.10,55.84,250,5567745
1450,POWERMECH,"POWER MECH PROJECTS",2749.15,2690.00,15.47,1.23,4.08,3415.00,1700.00,62.38,250,2681089
1451,ISGEC,"ISGEC HEAVY ENG",1169.58,911.00,18.80,1.29,4.08,1675.55,842.40,71.23,250,852225
1452,RAILTEL,"RAILTEL CORP OF IND",373.14,384.00,15.53,0.97,4.08,478.95,265.50,57.20,250,622337
1453,IMFA,"INDIAN METALS & FERRO",772.38,1230.00,18.43,1.25,4.08,1265.00,549.80,92.60,250,4924161
1454,TTML,"TATA TELESERV(MAHARASTRA)",66.30,57.60,17.24,0.69,4.07,88.90,50.10,58.52,250,2292225
1455,ARROWGREEN,"ARROW GREENTECH",681.12,530.45,17.62,0.00,4.07,1099.00,486.65,89.90,250,2370561
1456,KPIGREEN,"KPI GREEN ENERGY",472.39,444.00,9.39,0.00,4.07,588.80,313.40,58.30,250,1307649
1457,GEECEE,"GEECEE VENTURES",392.80,363.05,14.17,0.78,4.07,467.70,328.55,35.42,250,3496449
1458,MEGASOFT,"MEGASOFT",89.60,157.50,10.52,0.00,4.07,174.00,49.06,139.44,250,3787009
1459,UDS,"UPDATER SERVICES",316.84,246.00,12.88,1.39,4.07,438.60,239.50,62.84,250,4892929
1460,PPL,"PRAKASH PIPES",424.51,299.95,16.64,1.08,4.07,610.00,290.95,75.16,250,2636033
1461,EVERESTIND,"EVEREST INDUSTRIES",643.36,679.50,16.36,0.00,4.07,1189.95,420.00,119.68,250,254209
1462,INNOMET-SM,"INNOMET ADVANCED MATERI L",167.28,149.05,22.03,0.00,4.07,229.95,100.00,77.68,236,6481921
1463,SHREYANIND,"SHREYANS INDUSTRIES",217.73,224.50,16.94,1.31,4.07,267.00,164.11,47.26,250,800257
1464,CHOLAHLDNG,"CHOLAMANDALAM FIN HOL",1755.39,1833.10,16.97,1.03,4.07,2231.60,1357.35,49.80,250,5565441
1465,OSWALPUMPS,"OSWAL PUMPS",755.04,774.00,9.43,1.53,4.07,888.40,614.25,36.31,78,193741313
1466,DONEAR,"DONEAR IND.",114.58,92.61,19.12,0.00,4.07,184.99,92.43,80.78,250,3542785
1467,ESFL-SM,"ESSEN SPECIALITY FILMS L",483.55,262.40,12.45,0.00,4.07,744.85,228.00,106.89,250,4373505
1468,INOXWIND,"INOX WIND",169.47,150.00,15.02,1.26,4.06,227.60,128.46,58.50,250,2010113
1469,BLSE,"BLS E-SERVICES",187.52,183.00,17.61,1.22,4.06,249.00,131.31,62.76,250,5776897
1470,DUGLOBAL-SM,"DUDIGITAL GLOBAL",53.31,37.00,32.44,0.00,4.06,76.95,35.05,78.59,222,1396993
1471,RANEHOLDIN,"RANE HOLDINGS",1556.38,1572.70,15.21,0.80,4.06,2066.75,1151.10,58.83,250,728065
1472,BMETRICS-SM,"BOMBAY METRICS S C",52.62,48.85,20.56,0.00,4.06,74.25,38.10,68.71,235,1549313
1473,HOMEFIRST,"HOME FIRST FIN CO IND",1154.13,1227.10,16.45,1.18,4.06,1519.00,878.40,55.50,250,526337
1474,TIPSMUSIC,"TIPS MUSIC",683.42,550.50,12.69,1.11,4.06,950.00,537.60,60.34,250,2333953
1475,360ONE,"360 ONE WAM",1062.61,1093.20,12.12,0.98,4.06,1318.00,790.50,49.64,250,3343617
1476,SYSTANGO-SM,"SYSTANGO TECHNOLOGIES",234.77,235.00,18.49,0.82,4.06,301.30,192.25,46.45,250,3713537
1477,ZEAL-SM,"ZEAL GLOBAL SERVICES",144.56,110.00,16.91,0.00,4.06,210.00,103.00,74.02,245,4548097
1478,ENIL,"ENTERTAIN NET. IND.",158.11,147.50,16.82,1.19,4.05,219.98,121.00,62.60,250,3377153
1479,SSFL-SM,"SRIVARI SPICES N FOODS L",186.75,148.00,16.78,0.00,4.05,368.90,138.00,123.64,250,4622337
1480,SRIVASAVI-SM,"SRIVASAVI ADHESIVE TAPE L",80.92,63.15,19.79,0.00,4.05,138.00,55.00,102.58,239,3689217
1481,MACPOWER,"MACPOWER CNC MACHINES",1038.87,841.00,20.18,0.00,4.05,1610.95,601.20,97.20,250,5720833
1482,BHAGCHEM,"BHAGIRADHA CHEM & INDS L",299.82,251.10,12.81,0.99,4.05,374.00,239.80,44.76,250,1577985
1483,NITINSPIN,"NITIN SPINNERS",378.10,322.00,15.81,1.01,4.05,494.35,290.50,53.91,250,3372801
1484,SAPPHIRE,"SAPPHIRE FOODS INDIA",319.54,280.25,16.25,0.93,4.05,374.95,275.80,31.03,250,1719809
1485,DREAMFOLKS-BE,"DREAMFOLKS SERVICES",273.04,126.35,18.11,0.00,4.05,469.90,99.30,135.73,250,2780673
1486,ANUHPHR,"ANUH PHARMA",93.55,82.35,14.70,1.02,4.05,122.85,74.25,51.95,201,7248385
1487,RESPONIND,"RESPONSIVE INDUSTRIES",222.60,183.00,18.78,1.33,4.05,289.50,155.80,60.06,250,5202689
1488,THANGAMAYL,"THANGAMAYIL JEWELLERY",1958.53,2028.00,17.65,1.10,4.05,2557.75,1523.10,52.83,250,4638209
1489,SCHAND,"S CHAND AND COMPANY",204.67,180.00,11.96,1.36,4.05,257.90,156.91,49.34,250,5298689
1490,3IINFOLTD,"3I INFOTECH",24.18,19.86,16.83,1.16,4.05,33.06,19.05,57.94,250,1595393
1491,JINDALPOLY,"JINDAL POLY FILMS",709.41,579.00,18.27,1.04,4.04,1150.00,505.55,90.84,250,449537
1492,SUKHJITS,"SUKHJIT STARCH & CHEM",213.97,166.90,12.32,1.09,4.04,323.00,160.00,76.18,250,3021825
1493,SUNREST-SM,"SUNREST LIFESCIENCE",54.50,45.50,30.94,0.00,4.04,75.00,40.15,63.94,124,5174529
1494,SAILIFE,"SAI LIFE SCIENCES",764.36,856.00,17.00,1.23,4.04,943.00,636.10,40.15,203,7126785
1495,HILINFRA,"HIGHWAY INFRASTRUCTURE L",91.80,80.38,9.34,0.00,4.04,131.40,78.46,57.67,41,194330369
1496,HMVL,"HINDUSTAN MEDIA VENT",87.09,83.00,21.50,1.02,4.04,103.40,73.20,34.68,250,4918017
1497,IEL-BE,"INDIABULLS ENT",18.41,19.54,12.98,0.00,4.04,26.64,11.93,79.90,250,3406593
1498,DOLPHIN,"DOLPHIN OFF ENT (IND) L",421.79,386.00,12.09,0.00,4.04,661.35,201.00,109.14,250,4643585
1499,RAMASTEEL,"RAMA STEEL TUBES",11.41,10.03,16.22,0.92,4.04,14.90,8.50,56.09,250,2636801
1500,JOCIL,"JOCIL",171.41,152.00,15.23,0.98,4.04,216.95,132.02,49.55,250,4333313
1501,NAGAFERT,"NAGARJUN FERT AND CHE",6.98,5.06,31.31,0.00,4.04,12.90,4.10,126.16,250,4427521
1502,MADHAVBAUG-ST,"VAIDYA SANE AYUR LAB",166.19,270.00,19.70,0.00,4.04,313.00,81.10,139.54,234,2115073
1503,IWARE-ST,"IWARE SUPPLYCHAIN SER",101.86,153.40,17.55,0.00,4.04,157.65,70.05,86.00,110,193956865
1504,MIDHANI,"MISHRA DHATU NIGAM",353.68,390.00,13.76,1.37,4.04,469.00,226.93,68.44,250,630529
1505,KDL-SM,"KORE DIGITAL",410.79,214.05,24.69,0.00,4.04,790.00,207.75,141.74,249,4290049
1506,DIGIKORE-SM,"DIGIKORE STUDIOS",220.97,149.50,12.06,0.00,4.04,418.50,139.00,126.49,248,4899329
1507,PATELRMART,"PATEL RETAIL",245.99,228.00,9.27,1.25,4.04,305.00,220.25,34.45,32,194416385
1508,EMMIL-SM,"ENERGY MISSION MACH IND L",252.01,172.05,11.50,0.00,4.03,453.65,162.10,115.69,250,6078721
1509,WABAG,"VA TECH WABAG",1523.95,1424.00,15.02,0.94,4.03,1944.00,1114.00,54.46,250,5168129
1510,SMCGLOBAL,"SMC GLOBAL SECURITIES",132.61,140.99,11.82,1.21,4.03,168.75,101.00,51.09,250,593921
1511,PARIN-ST,"PARIN ENTERPRISES",393.20,544.00,9.75,0.00,4.03,560.00,311.65,63.16,189,1399041
1512,BAJAJHIND,"BAJAJ HINDUSTHAN SUGAR LT",25.46,22.26,10.07,1.17,4.03,39.40,16.50,89.95,250,78849
1513,MANORG,"MANGALAM ORGANICS",484.94,524.00,13.03,0.00,4.03,637.85,340.10,61.40,250,1644033
1514,AVANTIFEED,"AVANTI FEEDS",712.88,645.00,21.84,1.08,4.03,964.20,541.50,59.29,250,2031617
1515,SHAREINDIA,"SHARE IND. SECURITIES",208.21,142.10,13.45,1.38,4.03,336.90,127.50,100.57,250,26625
1516,AWFIS,"AWFIS SPACE SOLUTIONS",653.85,590.10,12.22,1.04,4.03,810.00,545.50,40.45,250,6109185
1517,KIRLOSIND,"KIRLOSKAR INDUSTRIES",3988.59,3926.60,12.65,0.87,4.03,5475.00,2810.80,66.80,250,4870401
1518,SAMHI,"SAMHI HOTELS",192.12,196.24,15.64,1.32,4.03,254.50,121.10,69.44,250,4765185
1519,EMSLIMITED,"EMS",678.37,550.00,16.01,1.23,4.03,1016.00,528.05,71.93,250,4759809
1520,PPLPHARMA,"PIRAMAL PHARMA",219.11,201.67,16.61,1.15,4.03,307.90,181.73,57.58,250,2962177
1521,OMFURN-SM,"OMFURN INDIA",101.00,120.55,13.36,0.00,4.03,140.00,58.05,81.14,236,29953
1522,GLOBECIVIL,"GLOBE CIVIL PROJECTS",79.49,72.44,10.55,0.00,4.02,95.00,67.74,34.29,71,194194433
1523,TCPLPACK,"TCPL PACKAGING",3582.59,3391.20,15.53,0.81,4.02,4900.00,3000.00,53.03,250,47105
1524,DIAMONDYD,"PRATAAP SNACKS",1063.21,1013.50,13.25,1.12,4.02,1295.70,889.20,38.23,250,5591041
1525,TITAGARH,"TITAGARH RAIL SYSTEMS",941.12,901.00,17.52,1.34,4.02,1370.00,654.55,76.02,250,3945985
1526,BESTAGRO,"BEST AGROLIFE",430.75,343.50,14.94,0.00,4.02,661.45,244.15,96.88,250,590337
1527,TEJASNET,"TEJAS NETWORKS",859.89,599.90,15.73,1.13,4.02,1459.90,542.25,106.72,250,5409537
1528,SNOWMAN,"SNOWMAN LOGISTICS",59.03,52.15,19.10,0.99,4.02,80.70,43.00,63.87,250,1239809
1529,PRIZOR-ST,"PRIZOR VIZTECH",197.77,343.25,14.79,0.00,4.02,362.00,105.10,129.90,250,6274817
1530,VIPULLTD,"VIPUL",16.08,9.10,10.01,0.00,4.01,39.99,8.32,197.00,250,2156545
1531,ECLERX,"ECLERX SERVICES",3370.96,4060.00,15.30,1.07,4.01,4640.00,2168.00,73.33,250,3885825
1532,AKSHAR,"AKSHAR SPINTEX",0.65,0.73,17.54,0.00,4.01,1.56,0.49,164.64,250,2446849
1533,HMAAGRO,"HMA AGRO INDUSTRIES",35.18,30.30,11.22,1.09,4.01,49.10,27.75,60.69,250,4365569
1534,DISHTV,"DISH TV INDIA",7.38,4.93,22.04,0.00,4.01,14.66,4.06,143.63,250,3721473
1535,INFIBEAM,"INFIBEAM AVENUES",18.94,19.53,13.40,1.42,4.01,27.09,13.63,71.07,250,4159745
1536,PAYTM,"ONE 97 COMMUNICATIONS",920.65,1237.00,10.23,1.21,4.01,1296.60,651.50,70.07,250,1716481
1537,GANESHBE,"GANESH BENZOPLAST",115.95,90.30,19.29,0.82,4.01,154.90,85.37,59.97,250,1437185
1538,ATULAUTO,"ATUL AUTO",504.82,503.00,14.36,1.12,4.01,693.55,412.65,55.64,250,7685889
1539,RSYSTEMS,"R SYS INTERNATIONAL",421.35,420.30,13.58,1.10,4.01,553.10,283.00,64.10,250,3433985
1540,TARSONS,"TARSONS PRODUCTS",368.60,300.00,18.32,1.07,4.01,464.30,280.00,50.00,250,1777409
1541,FORCAS-SM,"FORCAS STUDIO",99.18,106.50,20.69,0.00,4.00,129.80,65.05,65.28,231,6377985
1542,WELENT,"WELSPUN ENTERPRISES",516.09,527.45,12.62,1.33,4.00,655.00,400.05,49.40,250,2976257
1543,BOMDYEING,"BOMBAY DYEING & MFG. CO L",169.88,174.70,12.70,1.15,4.00,256.40,117.50,81.76,250,131329
1544,WELSPUNLIV,"WELSPUN LIVING",137.60,122.00,15.71,1.09,4.00,180.70,104.80,55.16,250,2880769
1545,HITECH,"HI-TECH PIPES",120.94,118.50,12.62,1.31,4.00,208.00,84.80,101.87,250,734209
1546,VSSL,"VARDHMAN SPC STEEL",247.49,292.00,16.45,1.32,4.00,309.00,178.00,52.93,250,6929153
1547,PLASTIBLEN,"PLASTIBLENDS INDIA",213.68,184.80,12.80,1.29,4.00,311.00,168.70,66.60,250,3563521
1548,SHYAMCENT,"SHYAM CENTURY FERROUS",10.07,7.00,25.99,0.00,4.00,20.29,6.73,134.69,250,2608129
1549,KEC,"KEC INTL.",883.25,853.50,18.03,1.08,4.00,1313.25,627.45,77.64,250,3394561
1550,MEDISTEP-SM,"MEDISTEP HEALTHCARE",34.99,29.70,9.67,0.00,4.00,53.00,29.15,68.16,37,194156289
1551,NUVAMA,"NUVAMA WEALTH MANAGE",6548.75,7243.00,13.62,0.88,4.00,8508.50,4735.45,57.61,250,4792577
1552,MSTCLTD,"MSTC",562.95,540.30,12.81,0.99,3.99,809.75,411.10,70.81,250,2395137
1553,BOROLTD,"BOROSIL",368.48,343.75,15.88,1.04,3.99,515.90,282.65,63.30,250,4966657
1554,COHANCE,"COHANCE LIFESCIENCES",1091.20,905.00,15.92,1.27,3.99,1360.00,856.00,46.19,250,4593921
1555,ALICON,"ALICON CASTALLOY",917.58,850.65,14.00,1.51,3.99,1366.45,597.15,83.84,250,3495937
1556,VDEAL-SM,"VDEAL SYSTEM",155.36,210.00,16.67,0.00,3.99,240.00,100.25,89.95,238,6413825
1557,RAYMOND,"RAYMOND",813.56,580.80,22.16,0.00,3.99,1162.40,523.10,78.58,250,731905
1558,ARSSBL,"ANAND RATHI SH N STK BR L",449.19,449.15,6.22,1.53,3.99,471.65,431.00,9.05,8,194548737
1559,DPABHUSHAN,"D. P. ABHUSHAN",1546.22,1426.60,15.54,1.14,3.99,1927.00,1290.00,41.20,250,239617
1560,HUHTAMAKI,"HUHTAMAKI INDIA",234.72,235.00,16.35,0.92,3.99,404.95,170.56,99.86,250,655873
1561,OBSCP-SM,"OBSC PERFECTION",226.73,293.00,17.91,0.00,3.99,355.25,110.00,108.17,235,6636289
1562,STEELCITY,"STEEL CITY SECURITIES",103.92,101.85,15.02,1.00,3.99,135.83,85.51,48.42,250,2663937
1563,RADAAN,"RADAAN MEDIAWORKS (I)",4.26,3.38,14.07,0.00,3.98,7.42,3.06,102.28,250,2798593
1564,KOKUYOCMLN,"KOKUYO CAMLIN",122.33,106.10,12.03,0.78,3.98,186.86,95.63,74.58,250,4307713
1565,VETO,"VETO SWITCHGEAR CABLE",120.93,117.95,13.65,0.00,3.98,149.00,92.60,46.64,250,2214913
1566,AKANKSHA-SM,"AKANKSHA POWER N INFRA L",113.37,91.20,14.57,0.00,3.98,175.00,82.00,82.03,244,5406977
1567,LAWSIKHO-SM,"ADDICTIVE LEARNING TECH L",225.36,137.50,13.79,0.00,3.98,448.50,125.60,143.28,250,5751809
1568,SAGCEM,"SAGAR CEMENTS",224.43,251.47,16.87,1.31,3.98,299.40,168.04,58.53,250,3601409
1569,MAL-SM,"MANGALAM ALLOYS",46.27,50.35,20.10,0.00,3.98,80.20,26.25,116.61,238,4898305
1570,LUMAXIND,"LUMAX INDUSTRIES",2949.34,4933.50,16.71,1.16,3.98,5358.00,1960.00,115.21,250,516609
1571,NETWORK18,"NETWORK18 MEDIA & INV",58.16,52.34,15.55,1.24,3.98,88.62,39.66,84.19,250,3612417
1572,ERIS,"ERIS LIFESCIENCES",1486.72,1593.10,23.14,1.19,3.98,1910.00,1097.20,54.67,250,5415425
1573,FALCONTECH-ST,"FALCON TECHNOPROJ IND",31.53,17.80,39.67,0.00,3.98,63.95,14.85,155.70,219,6183169
1574,AKUMS,"AKUMS DRUGS AND PHARMA L",565.84,447.05,10.83,0.00,3.98,939.95,405.00,94.54,250,6327041
1575,KICL,"KALYANI INVEST CO",5177.33,5038.00,15.05,0.00,3.98,8231.45,3470.00,91.97,250,5406465
1576,FIVESTAR,"FIVE-STAR BUS FIN",688.61,528.00,13.41,1.02,3.98,943.75,501.00,64.30,250,3080193
1577,LLOYDS-SM,"LLOYDS LUXURIES",92.01,84.30,21.83,0.00,3.97,125.75,64.00,67.11,227,2936833
1578,POLICYBZR,"PB FINTECH",1756.71,1745.00,9.77,0.93,3.97,2246.90,1311.35,53.26,250,1703937
1579,TRACXN,"TRACXN TECHNOLOGIES",62.72,51.20,11.37,0.84,3.97,89.60,47.32,67.41,250,2964993
1580,VMART,"VMART RETAIL",845.03,855.00,13.58,0.79,3.97,1130.00,676.00,53.73,250,7496705
1581,AWHCL,"ANTONY WASTE HDG CELL",606.97,533.70,17.15,1.37,3.97,859.40,459.70,65.85,250,460033
1582,ALPA,"ALPA LABORATORIES",107.01,91.90,15.39,0.65,3.97,137.30,87.44,46.59,250,3801089
1583,SAAKSHI-ST,"SAAKSHI MEDTEC N PANELS L",178.56,169.75,18.59,0.00,3.97,255.00,118.00,76.72,249,4892673
1584,DENTALKART-SM,"VASA DENTICITY",642.59,592.60,14.40,0.39,3.97,840.00,533.00,47.78,250,4212225
1585,OILCOUNTUB,"OIL COUNTRY TUBULAR",73.21,74.00,11.56,0.00,3.97,100.66,48.10,71.79,250,632833
1586,PITTIENG,"PITTI ENGINEERING",1084.26,965.90,16.33,0.99,3.97,1512.40,838.00,62.20,250,3618305
1587,KIRLOSENG,"KIRLOSKAR OIL ENG",899.91,892.00,19.33,1.37,3.96,1248.85,544.40,78.28,250,5359617
1588,RAMCOIND,"RAMCO INDUSTRIES",272.88,347.70,10.20,1.24,3.96,398.05,215.00,67.08,250,1174273
1589,HIKAL,"HIKAL",355.56,248.25,17.18,1.04,3.96,464.75,244.85,61.85,250,2475009
1590,VRAJ,"VRAJ IRON AND STEEL",182.26,148.20,17.35,1.12,3.96,255.88,135.00,66.32,250,6226177
1591,SANSTAR,"SANSTAR",101.24,95.22,12.81,0.91,3.96,137.80,80.00,57.09,250,6292993
1592,CARERATING,"CARE RATINGS",1452.93,1484.00,12.05,1.13,3.96,1964.00,1052.00,62.77,250,7452929
1593,SOMANYCERA,"SOMANY CERAMICS",535.63,459.45,17.20,1.24,3.96,737.00,395.25,63.80,250,993281
1594,USHAMART,"USHA MARTIN",358.79,468.85,16.30,1.13,3.95,488.35,278.55,58.47,250,2263041
1595,SURYODAY,"SURYODAY SMALL FIN BK",132.59,150.35,14.72,1.18,3.95,176.16,97.97,58.97,250,760321
1596,VMM,"VISHAL MEGA MART",123.64,146.34,12.94,0.76,3.95,157.60,95.99,49.83,203,7160065
1597,VIPIND,"VIP INDUSTRIES",407.41,433.50,16.36,1.31,3.95,564.00,248.35,77.48,250,947969
1598,BANSALWIRE,"BANSAL WIRE INDUSTRIES L",388.16,328.70,12.22,1.35,3.95,503.95,323.15,46.58,250,6242817
1599,ARVINDFASN,"ARVIND FASHIONS",490.24,502.35,14.14,1.23,3.95,639.70,320.20,65.17,250,2332417
1600,MRPL,"MRPL",137.43,143.15,14.96,0.99,3.95,179.60,98.92,58.71,250,584449
1601,SANWARIA-BZ,"SANWARIA CONSUMER",0.40,0.32,6.45,0.00,3.95,0.55,0.30,62.21,250,11777
1602,GPIL,"GODAWARI POW & ISP",198.39,242.36,14.98,1.18,3.95,278.00,145.75,66.66,250,3432705
1603,CONFIPET,"CONFIDENCE PETRO IND",60.20,42.88,11.26,0.93,3.95,90.00,41.74,80.17,250,2620929
1604,SDREAMS-SM,"S D RETAIL",136.61,119.85,20.25,0.00,3.95,215.00,86.35,94.17,244,6535169
1605,SPECIALITY,"SPECIALITY REST",138.80,139.75,15.69,0.63,3.94,174.28,114.41,43.13,250,6939393
1606,BCG,"BRIGHTCOM GROUP",14.21,14.52,10.49,0.00,3.94,22.00,7.69,100.70,74,2261249
1607,ASHIANA,"ASHIANA HOUSING",314.05,296.05,17.73,1.09,3.94,395.70,247.80,47.09,250,6247169
1608,SETCO,"SETCO AUTOMOTIVE",16.57,17.88,10.50,0.00,3.94,21.68,9.36,74.37,250,4483585
1609,KHFM-SM,"KHFM HOS FAC MANA SER",89.09,70.65,19.30,0.00,3.94,123.95,66.95,63.98,202,2449921
1610,CREST,"CREST VENTURES",408.76,361.00,16.57,0.40,3.94,544.30,319.10,55.09,250,3558401
1611,KKJEWELS-SM,"KABRA JEWELS",129.65,91.35,23.62,0.00,3.94,265.00,86.10,137.99,179,7473153
1612,FORGEAUTO-ST,"FORGE AUTO INTERNATION L",100.05,149.75,21.65,0.00,3.94,175.50,60.00,115.45,227,6570753
1613,ELECTHERM,"ELECTROTHERM (I)",1003.82,1180.00,19.57,0.00,3.94,1455.00,673.35,77.87,250,1144065
1614,CAPLIPOINT,"CAPLIN POINT LAB",2086.55,2051.90,15.55,1.06,3.94,2641.00,1599.00,49.94,250,999937
1615,CHENNPETRO,"CHENNAI PETROLEUM CORP LT",646.88,799.90,16.59,1.35,3.94,999.00,433.10,87.48,250,524545
1616,TRANSTEEL-SM,"TRANSTEEL SEATING TECH L",105.73,133.40,15.90,0.00,3.94,147.10,42.00,99.41,249,5069057
1617,CURRENT-SM,"CURRENT INFRAPROJECTS",141.34,139.00,14.56,0.00,3.94,163.00,123.05,28.27,27,194294785
1618,JAYAGROGN,"JAYANT AGRO ORGANICS",259.15,235.00,13.72,1.12,3.94,324.70,201.31,47.61,250,1034497
1619,CANARYS-SM,"CANARYS AUTOMATIONS",32.95,29.30,16.38,0.00,3.93,46.40,23.50,69.50,250,4958209
1620,KOLTEPATIL,"KOLTE PATIL DEV.",379.59,430.50,12.50,1.19,3.93,497.55,239.00,68.11,250,3871745
1621,VARROC,"VARROC ENGINEERING",531.53,609.60,14.52,1.16,3.93,664.15,374.10,54.57,250,987393
1622,VIDHIING,"VIDHI SPCLTY F INGRDNTS L",442.54,364.95,14.35,1.17,3.93,569.15,338.00,52.23,250,3465217
1623,OLECTRA,"OLECTRA GREENTECH",1374.64,1514.00,16.20,1.18,3.93,1787.00,989.95,57.98,250,2723073
1624,ORIENTPPR,"ORIENT PAPER AND INDS",30.68,26.54,16.37,0.96,3.93,47.88,20.82,88.20,250,638977
1625,KCEIL-SM,"KAY CEE ENERGY & INFRA L",282.46,259.35,10.39,0.00,3.93,418.75,157.00,92.67,250,5420289
1626,ABDL,"ALLIED BLEND N DISTILS L",401.35,547.00,14.13,1.38,3.93,565.50,279.00,71.38,250,6222849
1627,MANINFRA,"MAN INFRA",179.06,148.60,9.78,1.10,3.93,262.80,135.10,71.32,250,4665857
1628,DIVGIITTS,"DIVGI TORQTRANSFER SYST L",587.59,639.25,18.53,1.14,3.93,712.00,410.10,51.38,250,3706625
1629,PRAMARA-SM,"PRAMARA PROMOTIONS",173.86,293.00,16.44,0.00,3.92,298.90,101.05,113.80,243,4739585
1630,ADANIGREEN,"ADANI GREEN ENERGY",1061.45,1064.50,21.47,0.90,3.92,1807.00,758.00,98.83,250,912129
1631,DLINKINDIA,"D-LINK INDIA",500.80,474.00,11.75,1.07,3.92,645.10,349.45,59.04,250,4569857
1632,GARFIBRES,"GARWARE TECH FIBRES",843.94,751.20,18.19,0.87,3.92,986.40,674.20,36.99,250,281601
1633,RAMANEWS,"SHREE RAMA NEWSPRINT",27.95,31.48,15.80,0.00,3.92,44.78,14.50,108.33,250,3472641
1634,INSECTICID,"INSECTICIDES (I)",762.88,746.00,17.93,1.15,3.92,1098.00,542.55,72.81,250,3752193
1635,GREENPOWER,"ORIENT GREEN POWER CO",14.75,13.13,15.80,0.84,3.92,22.39,10.96,77.48,250,5148161
1636,THOMASCOTT,"THOMAS SCOTT (INDIA)",337.28,330.00,10.53,0.00,3.92,509.00,185.59,95.89,250,7940353
1637,GLFL,"GUJARAT LEASE FINANCING L",6.42,6.07,16.47,0.00,3.92,9.74,3.97,89.91,231,295937
1638,DIGJAMLMTD-BE,"DIGJAM",54.79,55.87,10.41,0.00,3.92,94.00,31.46,114.14,250,1570817
1639,PRAKASH,"PRAKASH INDUSTRIES",164.08,165.12,13.17,1.41,3.91,190.90,132.51,35.59,250,693249
1640,SPARC,"SUN PHARMA ADV.RES.CO.LTD",164.84,133.71,18.40,1.13,3.91,241.00,109.30,79.90,250,3785729
1641,PDSL,"PDS",440.39,310.00,14.91,1.29,3.91,659.00,303.75,80.67,250,1347585
1642,GLOSTERLTD,"GLOSTER",659.19,643.70,16.44,1.09,3.91,830.00,532.95,45.06,250,6039041
1643,ARVIND,"ARVIND",349.71,279.50,17.32,0.98,3.91,450.00,274.80,50.10,250,49409
1644,ETHOSLTD,"ETHOS",2647.13,2755.00,19.55,0.79,3.90,3216.70,1931.80,48.54,250,2496001
1645,IRCON,"IRCON INTERNATIONAL",186.10,176.20,15.08,0.91,3.90,237.70,134.24,55.59,250,1276417
1646,PNBGILTS,"PNB GILTS",101.19,98.10,14.80,0.97,3.90,129.70,74.25,54.80,250,2236417
1647,STANLEY,"STANLEY LIFESTYLES",354.81,301.85,12.58,0.66,3.90,519.40,258.60,73.50,250,6201857
1648,UTTAMSUGAR,"UTTAM SUGAR MILLS",269.77,258.00,16.04,0.96,3.90,375.00,171.51,75.43,250,3424257
1649,BETA-SM,"BETA DRUGS",1822.91,1731.00,12.91,0.59,3.90,2215.25,1429.50,43.10,250,20737
1650,SCILAL,"SHIPPING CORP OF ILA",54.93,49.54,14.93,1.13,3.90,75.44,42.85,59.33,250,5920513
1651,RPTECH,"RASHI PERIPHERALS",327.16,351.25,11.73,0.95,3.90,454.25,245.15,63.91,250,5803521
1652,MUTHOOTCAP,"MUTHOOT CAP SERV",303.83,274.80,10.85,0.95,3.90,401.00,234.01,54.96,250,2666241
1653,SAREGAMA,"SAREGAMA INDIA",507.18,450.60,15.34,0.89,3.89,626.70,417.40,41.27,250,1252353
1654,SUNLITE-SM,"SUNLITE RECYCLING IND",150.64,170.50,17.06,0.00,3.89,197.00,91.00,70.36,234,6366209
1655,BLS,"BLS INTL SERVS",391.12,337.90,14.99,1.04,3.89,521.80,308.25,54.60,250,4423425
1656,AARTISURF,"AARTI SURFACTANTS",553.42,462.00,10.09,0.00,3.89,815.00,396.00,75.71,250,4923649
1657,TNPETRO-BE,"TAMILNADU PETROPRODUCTS L",86.56,111.55,11.71,0.00,3.89,118.00,63.66,62.78,250,1340161
1658,TEGA,"TEGA INDUSTRIES",1659.93,1947.00,14.75,0.88,3.89,2328.90,1200.05,68.01,250,1818881
1659,ESPRIT-SM,"ESPRIT STONES",105.83,78.00,18.13,0.00,3.89,159.45,66.70,87.64,246,6317569
1660,KSOLVES,"KSOLVES INDIA",406.74,330.15,16.98,0.00,3.89,536.35,301.95,57.63,250,2831361
1661,HONASA,"HONASA CONSUMER - MAMAEARTH",277.98,290.80,13.73,1.08,3.89,434.05,197.51,85.09,250,5072129
1662,971SCL30-N1,"971SCL30-N1",949.92,1000.00,17.06,0.00,3.89,1000.00,820.50,18.90,5,7738881
1663,CHALET,"CHALET HOTELS",881.39,960.00,24.54,1.07,3.88,1082.00,634.05,50.82,250,2187777
1664,IKIO,"IKIO TECHNOLOGIES",228.75,210.27,18.04,0.94,3.88,304.00,166.00,60.33,250,4306433
1665,CENTENKA,"CENTURY ENKA",537.58,483.00,20.76,1.02,3.88,749.00,419.30,61.33,250,158465
1666,KOTARISUG,"KOTHARI SUG & CHEM",39.07,31.70,14.75,1.54,3.88,55.29,27.72,70.57,250,2981633
1667,GODIGIT,"GO DIGIT GENERAL INS",328.23,362.10,14.92,0.91,3.88,382.85,264.60,36.03,250,6092545
1668,HPAL,"HP ADHESIVES",59.94,47.90,24.54,1.05,3.88,91.90,42.65,82.16,250,1888257
1669,SHOPERSTOP,"SHOPPERS STOP",561.22,530.00,13.39,1.13,3.88,795.70,467.15,58.54,250,3024129
1670,VLSFINANCE,"VLS FINANCE",274.73,219.00,16.00,0.88,3.88,430.00,186.90,88.49,250,951041
1671,MASTEK,"MASTEK",2559.83,2151.40,16.55,1.12,3.87,3375.00,1887.00,58.13,250,543745
1672,MID150CASE,"ZERODHA NIFTY MIDCAP 150 ETF",10.24,10.80,17.96,0.64,3.87,12.00,7.66,42.40,250,6163713
1673,FCSSOFT,"FCS SOFTWARE SOLN.",2.84,2.18,18.90,0.83,3.87,4.12,2.14,69.70,250,3071745
1674,HINDCOPPER,"HINDUSTAN COPPER",254.26,344.40,11.22,1.55,3.87,365.50,183.82,71.45,250,4592385
1675,JINDALSAW,"JINDAL SAW",252.35,206.44,14.93,0.96,3.87,378.15,196.02,72.17,250,774145
1676,PRATHAM-SM,"PRATHAM EPC PROJECTS",178.77,136.70,12.70,0.00,3.87,262.35,133.00,72.36,249,5916929
1677,KPRMILL,"KPR MILL",1015.87,1002.00,19.57,1.00,3.87,1389.00,755.50,62.36,250,3817473
1678,BODALCHEM,"BODAL CHEMICALS",68.89,60.54,13.65,1.59,3.87,87.65,50.01,54.64,250,6404353
1679,ABMINTLLTD,"ABM INTERNATIONAL",57.25,52.65,17.24,0.00,3.87,110.62,37.01,128.57,247,1420545
1680,DODLA,"DODLA DAIRY",1233.12,1313.90,13.07,1.04,3.87,1525.00,965.50,45.37,250,1234433
1681,FCL,"FINEOTEX CHEMICAL",282.37,245.00,12.42,1.16,3.86,416.40,207.00,74.16,250,1586689
1682,CRAYONS-SM,"CRAYONS ADVERTISING",71.88,50.00,20.75,0.00,3.86,131.50,42.00,124.51,242,4203265
1683,KRSNAA,"KRSNAA DIAGNOSTICS",808.61,836.00,12.30,1.13,3.86,1044.00,625.75,51.72,250,1371905
1684,CGCL,"CAPRI GLOBAL CAPITAL",179.83,189.54,42.06,1.01,3.86,231.35,150.51,44.95,250,5204225
1685,SCI,"SHIPPING CORP OF INDIA LT",197.36,221.73,16.60,1.25,3.86,242.53,134.16,54.91,250,780289
1686,RALLIS,"RALLIS INDIA",296.69,302.20,16.65,1.22,3.86,385.90,196.00,64.01,250,720897
1687,ALLDIGI,"ALLDIGI TECH",960.13,890.00,15.11,0.85,3.86,1147.90,811.05,35.08,250,3020289
1688,SURAKSHA,"SURAKSHA DIAGNOSTIC",318.22,291.70,17.04,1.09,3.86,449.00,231.00,68.51,211,6997505
1689,UNIHEALTH-SM,"UNIHEALTH HOSPITALS",156.92,162.00,23.80,0.00,3.85,191.00,120.00,45.25,241,4756993
1690,SPIC,"SPIC",84.65,92.95,14.24,1.01,3.85,128.20,66.22,73.22,250,832513
1691,SHRIPISTON,"SHRIRAM PIST. & RING",2206.95,2665.50,11.20,1.52,3.85,2785.00,1662.55,50.86,250,4399617
1692,EVEREADY,"EVEREADY INDS. IND. ",363.00,380.40,12.10,1.05,3.85,475.20,272.30,55.90,250,3016193
1693,BFINVEST,"BF INVESTMENT",544.55,481.10,14.81,0.83,3.85,829.00,406.00,77.68,250,5404929
1694,ANLON-SM,"ANLON TECHNOLOGY SOL",372.79,427.00,14.20,0.00,3.85,505.80,239.00,71.57,244,3496193
1695,DALMIASUG,"DALMIA BHARAT SUG IN",391.22,367.50,10.48,0.87,3.85,556.75,291.00,67.93,250,199937
1696,HSCL,"HIMADRI SPECIALITY CHEM L",490.16,455.40,15.49,1.20,3.84,676.20,365.35,63.42,250,3669505
1697,EIHAHOTELS,"EIH ASSOCIATED HOTELS - OBEROI HOTELS",380.66,384.50,12.95,0.96,3.84,455.70,304.00,39.85,250,3942145
1698,RVNL,"RAIL VIKAS NIGAM",388.16,342.20,16.98,0.98,3.84,514.65,301.60,54.89,250,2445313
1699,CHEMCON,"CHEMCON SPECIAL CHEM",216.98,263.40,17.82,1.23,3.84,295.00,160.00,62.22,250,69121
1700,DHANUKA,"DHANUKA AGRITECH",1504.57,1475.20,21.49,1.09,3.84,1975.00,1092.05,58.68,250,6248705
1701,QUESTLAB-SM,"QUEST LABORATORIES",108.98,88.00,19.53,0.00,3.84,160.00,75.15,77.86,244,6091009
1702,VARDHACRLC,"VARDHAMAN ACRYLICS",46.13,42.40,18.36,1.01,3.84,57.79,37.49,44.00,250,2872321
1703,BUTTERFLY,"BTRFLY GANDHI APPL",720.11,714.95,17.24,0.85,3.84,948.00,550.70,55.17,250,695297
1704,ASHALOG-SM,"ASHAPURA LOGISTICS",80.97,72.45,15.33,0.00,3.83,121.50,60.00,75.96,246,6326017
1705,RKFORGE,"RAMKRISHNA FORGINGS",732.33,551.05,16.81,1.09,3.83,1064.05,513.20,75.22,250,2921217
1706,IMAGICAA,"IMAGICAAWORLD ENT",66.67,55.07,11.69,1.15,3.83,83.59,52.99,45.90,250,1964033
1707,QUICKTOUCH-SM,"QUICKTOUCH TECHNOLOGIES L",72.04,47.00,18.40,0.00,3.83,145.00,40.05,145.68,241,3912961
1708,PRESSTONIC-SM,"PRESSTONIC ENGINEERING L",101.54,70.00,14.71,0.00,3.83,143.00,68.40,73.47,246,5247489
1709,WAAREERTL,"WAAREE RENEWABLE TECH",1030.55,1128.00,15.70,1.32,3.83,1272.00,841.15,41.81,126,193545729
1710,MASON-ST,"MASON INFRATECH",142.68,202.00,16.63,0.00,3.83,215.90,73.50,99.80,250,6215937
1711,VINYLINDIA,"VINYL CHEMICALS (I)",306.72,288.00,17.14,0.99,3.82,430.00,215.10,70.06,250,4306177
1712,ADANIPOWER,"ADANI POWER",112.72,150.02,17.78,1.09,3.82,182.70,86.40,85.43,250,4451329
1713,AGNI-ST,"AGNI GREEN POWER",29.51,25.45,20.25,0.00,3.82,54.70,17.90,124.69,233,2687489
1714,DWARKESH,"DWARIKESH SUGAR IND",48.65,44.73,14.11,0.82,3.82,73.65,34.42,80.63,250,2986753
1715,DYNAMATECH,"DYNAMATIC TECHNOLOGIES",7024.18,7777.00,13.07,1.10,3.82,8937.00,5444.15,49.73,250,1158401
1716,PNGJL,"P N GADGIL JEWELLERS",604.96,661.75,12.40,1.02,3.82,830.00,473.80,58.88,250,6479873
1717,GPTHEALTH,"GPT HEALTHCARE",160.57,149.00,17.97,0.98,3.82,192.00,126.10,41.04,250,5848577
1718,ADVENZYMES,"ADVANCED ENZYME TECH",336.24,308.85,16.03,1.06,3.82,517.90,257.90,77.33,250,4617985
1719,NIACL,"THE NEW INDIA ASSU CO",183.42,192.25,13.41,1.03,3.81,221.80,135.60,47.00,250,102145
1720,FOSECOIND,"FOSECO INDIA",4491.43,5466.00,17.15,0.81,3.81,6846.00,3205.00,81.07,250,274689
1721,GODREJIND,"GODREJ INDUSTRIES",1108.78,1079.90,19.24,1.06,3.81,1390.00,766.00,56.28,250,2796801
1722,RADIANTCMS,"RADIANT CASH MGMT SER",63.15,56.38,17.45,1.21,3.81,79.54,47.37,50.94,250,3476481
1723,MAHESHWARI,"MAHESHWARI LOGISTICS",59.74,57.99,18.31,0.75,3.81,72.95,53.52,32.52,250,2451457
1724,AMBEY-SM,"AMBEY LABORATORIES",49.86,42.50,22.80,0.00,3.81,75.00,31.85,86.55,231,6250241
1725,INVENTURE,"INVENTURE GRO & SEC",1.76,1.49,18.29,1.20,3.81,2.42,1.32,62.59,250,6366721
1726,LLOYDSME,"LLOYDS METALS N ENERGY L",1265.37,1345.10,13.43,1.19,3.81,1612.00,907.95,55.64,250,4432129
1727,IGPL,"I G PETROCHEMICALS",479.65,430.90,17.23,1.11,3.81,656.85,386.00,56.47,250,3606017
1728,MADRASFERT,"MADRAS FERTILISERS",89.71,83.49,17.72,1.04,3.80,108.70,66.50,47.04,250,1257217
1729,ANYA-SM,"ANYA POLYTECH & FERTI",23.99,24.90,20.82,0.00,3.80,29.05,16.20,53.56,189,7419649
1730,BHARTIHEXA,"BHARTI HEXACOM",1576.86,1746.60,14.32,1.16,3.80,2052.90,1234.00,51.93,250,6013185
1731,JSFB,"JANA SMALL FIN BANK",457.37,474.45,14.31,0.87,3.80,574.35,363.80,46.03,250,5801729
1732,HFCL,"HFCL",92.91,76.00,9.55,1.40,3.80,141.20,68.56,78.18,250,5619457
1733,VMSTMT,"VMS TMT",82.72,75.31,8.55,0.00,3.80,105.00,72.10,39.77,12,194342913
1734,RATEGAIN,"RATEGAIN TRAVEL TECHN",576.06,682.05,15.00,1.05,3.80,854.00,412.85,76.58,250,1837313
1735,VMARCIND-SM,"V MARC INDIA",369.37,542.00,12.38,0.00,3.80,549.90,200.30,94.65,249,816129
1736,DTL-SM,"DIENSTEN TECH",145.10,155.30,23.03,0.00,3.80,188.80,105.00,57.75,208,6224129
1737,105IIFL29-N7,"105IIFL29-N7",1045.34,1245.00,49.16,0.00,3.80,1508.00,902.00,57.97,121,4876033
1738,SAJHOTELS-SM,"SAJ HOTELS",65.58,70.00,17.36,0.00,3.80,86.50,40.10,70.75,226,6582273
1739,5PAISA,"5PAISA CAPITAL",409.43,324.00,24.92,1.30,3.80,607.05,311.65,72.15,250,113921
1740,HONDAPOWER,"HONDA I POWER PRODUCT",2690.13,2715.70,16.14,0.00,3.80,4300.80,1758.00,94.52,250,803329
1741,JALAN-SM,"JALAN TRANSOLU. INDIA",8.46,4.05,10.10,0.00,3.80,14.60,3.80,127.60,218,5357825
1742,DHANBANK,"DHANLAXMI BANK",27.80,25.98,12.77,0.00,3.79,36.52,22.00,52.23,250,2907905
1743,DBL,"DILIP BUILDCON",472.38,523.80,14.31,1.32,3.79,585.00,363.15,46.96,250,4630017
1744,MASKINVEST,"MASK INVESTMENTS",174.92,151.40,19.83,0.00,3.79,292.46,103.14,108.23,245,4794113
1745,BAWEJA-SM,"BAWEJA STUDIOS",60.70,43.80,17.22,0.00,3.79,88.00,42.40,75.12,245,5778177
1746,TUNWAL-SM,"TUNWAL E-MOTORS",36.03,30.75,16.72,0.64,3.79,52.40,27.25,69.80,250,6277121
1747,BARFLEX-SM,"BARFLEX POLYFILMS",63.90,74.00,16.92,0.00,3.79,82.40,41.15,64.56,181,7469057
1748,HEXT,"HEXAWARE TECHNOLOGIES",763.51,716.15,11.18,1.30,3.79,900.00,590.30,40.56,158,7594497
1749,BRIGADE,"BRIGADE ENTER.",1079.96,942.55,17.78,0.70,3.78,1375.50,852.00,48.47,250,3887105
1750,DOMS,"DOMS INDUSTRIES",2621.32,2548.00,16.31,0.95,3.78,3115.00,2092.30,39.01,250,5261057
1751,AESTHETIK-SM,"AESTHETIK ENGINEERS",93.04,125.00,15.72,0.00,3.78,155.60,60.00,102.75,247,6356481
1752,PILANIINVS,"PILANI INV & IND COR",5057.89,5283.50,15.08,0.00,3.78,8207.45,3279.55,97.43,249,2929921
1753,NAM-INDIA,"NIPPON L I A M",710.22,873.00,10.27,1.26,3.78,903.70,498.05,57.12,250,91393
1754,MANAKSIA,"MANAKSIA",76.16,65.90,15.81,0.93,3.78,106.00,54.52,67.60,250,3890945
1755,RELIGARE,"RELIGARE ENTER.",248.31,264.00,15.50,1.05,3.78,320.00,202.52,47.31,250,3857409
1756,PARAMATRIX-SM,"PARAMATRIX TECHNOLOGIES L",91.73,79.80,22.05,0.00,3.78,111.00,63.60,51.67,183,6417665
1757,RAJESHEXPO,"RAJESH EXPORTS",203.21,183.96,16.83,1.16,3.78,298.50,151.11,72.53,250,1894657
1758,PCBL,"PCBL CHEMICAL",406.00,385.20,10.10,1.20,3.78,527.50,331.00,48.40,250,678145
1759,ALOKINDS,"ALOK INDUSTRIES",19.16,17.49,14.87,0.75,3.77,25.66,14.01,60.81,250,4524801
1760,ACLGATI,"ALLCARGO GATI",72.84,58.89,13.19,1.12,3.77,110.14,52.01,79.81,250,3504129
1761,SPLPETRO,"SUPREME PETROCHEM",718.03,806.90,19.29,1.03,3.77,979.00,518.05,64.20,250,2461953
1762,KAMOPAINTS,"KAMDHENU VENTURES",13.26,8.65,17.77,0.00,3.77,29.88,8.36,162.31,250,3536385
1763,GOACARBON,"GOA CARBON",541.23,448.80,13.23,1.08,3.77,815.00,390.00,78.53,250,3759873
1764,KCP,"KCP",211.59,198.85,13.68,1.23,3.77,266.75,167.55,46.88,250,471297
1765,AVADHSUGAR,"AVADH SUG & ENERGY",499.10,440.00,10.87,1.22,3.77,784.00,354.40,86.08,250,5479937
1766,BLUESTARCO,"BLUE STAR",1877.70,1947.00,16.36,0.79,3.77,2417.00,1521.00,47.72,250,2127617
1767,SUNDARMFIN,"SUNDARAM FINANCE",4710.24,4398.90,17.20,1.24,3.77,5419.00,3925.05,31.72,250,854785
1768,ENGINERSIN,"ENGINEERS INDIA",193.09,202.50,13.25,1.12,3.77,255.45,142.20,58.65,250,1256193
1769,ZENSARTECH,"ZENSAR TECHNOLOGIES ",775.16,793.65,20.14,1.15,3.76,984.95,535.85,57.94,250,275457
1770,TNPL,"TAMILNADU NEWSPRT & PAPER",161.55,158.99,18.03,0.87,3.76,216.59,115.50,62.58,250,1018881
1771,SHREEKARNI-SM,"SHREE KARNI FABCOM",619.09,600.00,25.39,0.00,3.76,852.90,480.00,60.23,249,5906945
1772,SOBHA,"SOBHA",1450.86,1453.00,12.01,1.28,3.76,1830.65,1075.30,52.06,250,3539457
1773,SHANTIGEAR,"SHANTHI GEARS",511.01,524.20,16.94,1.29,3.76,630.00,399.00,45.20,250,787969
1774,PROTEAN,"PROTEAN EGOV TECHNO",1062.94,866.60,17.63,1.26,3.76,1535.00,716.05,77.05,167,7544833
1775,VIKASLIFE,"VIKAS LIFECARE",3.16,2.17,22.64,0.88,3.76,5.35,2.15,101.14,250,2542337
1776,RAJTV,"RAJ TV NETWORK",59.07,40.67,22.22,0.00,3.76,95.00,40.17,92.82,250,3687169
1777,GREENPLY,"GREENPLY INDUSTRIES",309.86,291.50,12.49,1.35,3.76,401.40,245.10,50.44,250,1020673
1778,REPCOHOME,"REPCO HOME FINANCE",404.33,394.00,12.07,1.35,3.75,522.95,310.00,52.67,250,7577089
1779,DHARIWAL-SM,"DHARIWALCORP",142.11,198.00,18.20,0.00,3.75,229.00,90.50,97.46,205,6335233
1780,EMCURE,"EMCURE PHARMACEUTICALS L",1274.14,1420.10,12.91,1.15,3.75,1532.95,889.00,50.54,250,6245889
1781,TATAGOLD,"TATAAML-TATAGOLD",8.92,11.81,34.86,0.52,3.75,12.13,7.11,56.29,250,5478657
1782,RUSTOMJEE,"KEYSTONE REALTORS",607.19,624.00,12.11,1.04,3.75,801.05,480.05,52.87,250,3128065
1783,TVSHLTD,"TVS HOLDINGS",10873.79,13200.00,15.39,0.90,3.75,14530.00,7855.25,61.38,248,7426049
1784,JAYSREETEA,"JAYSHREE TEA & INDUSTRIES",110.45,96.20,14.66,0.84,3.74,156.89,85.61,64.54,250,440321
1785,RMDRIP,"R M DRIP & SPRINK SYS",49.47,69.20,24.97,0.00,3.74,80.75,23.60,115.51,241,194005505
1786,MMFL,"MM FORGINGS",391.79,311.90,11.57,1.23,3.74,582.80,294.60,73.56,250,3544065
1787,LODHA,"LODHA DEVELOPERS",1266.62,1153.60,9.76,0.95,3.74,1531.00,1035.15,39.15,250,824321
1788,DYNAMIC-SM,"DYNAMIC SRVCS & SEC",216.97,122.00,11.53,0.00,3.74,404.35,107.30,136.91,249,1556225
1789,ASHOKA,"ASHOKA BUILDCON",218.08,192.83,11.01,0.94,3.74,319.00,159.34,73.21,250,5166593
1790,FMNL,"FUTURE MKT NETWORKS",16.57,9.43,10.53,0.00,3.74,28.17,9.02,115.59,250,5380353
1791,SUNTECK,"SUNTECK REALTY",447.21,442.05,17.61,0.99,3.74,602.75,347.00,57.19,250,4516097
1792,GRAPHITE,"GRAPHITE INDIA",516.68,561.05,15.64,1.13,3.74,622.00,365.75,49.60,250,151553
1793,GIPCL,"GUJ IND POW CO.",193.98,184.50,12.10,1.03,3.74,262.90,145.01,60.78,250,293121
1794,LIKHITHA,"LIKHITHA INFRASTRUC",297.17,238.12,13.84,1.00,3.74,404.30,226.30,59.90,250,147969
1795,TANLA,"TANLA PLATFORMS",624.65,710.90,14.96,0.88,3.74,891.00,409.35,77.11,250,3577857
1796,BCLIND,"BCL INDUSTRIES",44.59,40.45,14.13,1.15,3.73,60.30,34.50,57.85,250,643329
1797,SRPL-BZ,"SHREE RAM PROTEINS",1.03,0.66,11.02,0.00,3.73,1.95,0.46,145.32,235,7330561
1798,MEGATHERM-SM,"MEGATHERM INDUCTION",317.87,275.00,10.23,0.00,3.73,387.00,255.00,41.53,250,5775361
1799,THERMAX,"THERMAX",3763.42,3221.00,15.20,1.05,3.73,5719.00,2950.05,73.58,250,889601
1800,ASKAUTOLTD,"ASK AUTOMOTIVE",460.56,493.15,9.92,0.00,3.73,578.50,333.30,53.24,250,5158913
1801,CRAFTSMAN,"CRAFTSMAN AUTOMATION",5432.19,6522.50,17.69,1.06,3.73,7254.50,3700.00,65.43,250,730625
1802,ALLCARGO,"ALLCARGO LOGISTICS",38.84,31.81,12.29,1.23,3.73,62.18,26.39,92.15,250,3456257
1803,HINDOILEXP,"HINDUSTAN OIL EXPLORATION",182.36,165.75,13.65,1.24,3.73,227.74,147.84,43.82,250,359169
1804,AHLUCONT,"AHLUWALIA CONT IND",930.32,972.60,10.74,1.34,3.73,1183.40,620.00,60.56,250,4565249
1805,READYMIX-ST,"READYMIX CONSTRU MACHI L",106.13,141.00,19.83,0.00,3.73,175.00,55.20,112.88,157,7568385
1806,SYNOPTICS-SM,"SYNOPTICS TECHNOLOGIES L",100.97,83.95,18.91,0.00,3.73,129.90,51.50,77.65,235,4403969
1807,EUREKAFORB,"EUREKA FORBES",562.70,542.65,12.08,1.07,3.72,655.50,461.50,34.48,250,6441473
1808,PFS,"PTC INDIA FIN SERV",38.31,35.00,12.37,0.77,3.72,49.45,29.41,52.31,250,5786113
1809,ARUNAYA-ST,"ARUNAYA ORGANICS",28.47,20.65,14.74,0.00,3.72,46.50,20.45,91.51,108,193766145
1810,WHIRLPOOL,"WHIRLPOOL OF INDIA",1432.16,1168.00,12.46,0.00,3.72,2449.70,899.00,108.28,250,4610817
1811,PRSMJOHNSN,"PRISM JOHNSON",152.94,154.10,16.59,0.83,3.72,209.00,105.30,67.80,250,701185
1812,KAKATCEM,"KAKATIYA CEM SUGAR &IND L",165.01,144.05,12.43,1.08,3.72,220.00,130.30,54.36,250,463617
1813,EMUDHRA,"EMUDHRA",806.45,664.10,17.64,1.28,3.72,1024.00,625.15,49.46,250,2497537
1814,BHARATRAS,"BHARAT RASAYAN",10376.67,9743.00,11.47,0.90,3.72,12300.00,8798.50,33.74,250,981505
1815,VINNY,"VINNY OVERSEAS",1.52,1.26,12.32,0.00,3.72,2.25,1.20,69.23,250,3197441
1816,MEDIASSIST,"MEDI ASSIST HEALTH SER L",532.98,529.85,12.20,1.12,3.71,689.25,415.25,51.41,250,5556481
1817,DCMSRIND,"DCM SHRIRAM IND",173.32,167.83,11.78,1.02,3.71,214.00,142.11,41.48,250,1875201
1818,SATECH-SM,"S A TECH SOFTWARE INDIA L",82.50,56.50,10.44,0.00,3.71,161.60,45.00,141.33,249,6316545
1819,DECCANTRAN-SM,"DECCAN TRANSCON LEASING L",50.12,32.50,27.37,0.00,3.71,77.50,28.80,97.16,238,6507777
1820,DCG-SM,"DCG CABLES & WIRES",84.69,65.10,14.56,0.00,3.71,141.85,57.15,100.01,248,6021121
1821,PSB,"PUNJAB & SIND BANK",38.26,30.27,17.11,1.03,3.71,56.30,25.22,81.24,250,5376257
1822,MTARTECH,"MTAR TECHNOLOGIES",1572.75,1882.00,15.65,1.11,3.71,1995.80,1155.60,53.42,250,693505
1823,ACE,"ACTION CONST EQUIP",1223.43,1070.30,14.03,1.16,3.71,1600.00,917.45,55.79,250,3478273
1824,RNPL-SM,"RENOL POLYCHEM",76.49,79.35,13.78,0.00,3.71,105.00,69.00,47.06,43,194088193
1825,DVL,"DHUNSERI VENTURES",361.06,352.10,11.60,0.80,3.71,486.00,293.10,53.43,250,3894785
1826,AVTNPL,"AVT NATURAL PRODUCTS",70.59,69.15,17.14,1.00,3.71,87.40,51.41,50.98,250,3586049
1827,RANASUG,"RANA SUGARS",16.23,14.96,15.91,1.14,3.70,21.62,12.02,59.15,250,726273
1828,SUZLON,"SUZLON ENERGY",60.67,54.40,13.33,0.00,3.70,77.89,46.15,52.31,250,3076609
1829,DIVINEHIRA-ST,"DIVINE HIRA JEWELLERS",66.58,106.50,15.37,0.00,3.70,112.65,43.00,104.62,135,7747073
1830,MONTECARLO,"MONTE CARLO FASHIONS",643.94,663.55,12.43,1.13,3.70,956.60,502.60,70.50,250,1520129
1831,765TN33-SG,"SDL TN 7.65% 2033",100.00,100.00,3.70,3.70,3.70,100.00,96.30,3.70,1,3551745
1832,MOIL,"MOIL",343.01,386.25,9.79,0.89,3.70,405.60,274.05,38.35,250,5332481
1833,LINCOLN,"LINCOLN PHARMA",621.33,528.80,17.37,0.94,3.70,979.50,499.00,77.33,250,2968577
1834,DBCORP,"D.B.CORP",269.58,267.35,22.12,1.12,3.70,360.85,189.05,63.73,250,4577537
1835,SHALBY,"SHALBY",212.65,251.40,15.35,0.71,3.70,274.70,177.25,45.83,250,182785
1836,FONEBOX-SM,"FONEBOX RETAIL",107.54,97.90,23.40,0.00,3.69,180.00,68.85,103.36,221,5764353
1837,ANDHRAPAP,"ANDHRA PAPER",83.47,79.49,12.12,1.24,3.69,107.99,65.10,51.38,250,42497
1838,HIGREEN-SM,"HI GREEN CARBON",237.43,214.65,13.56,0.00,3.69,340.90,183.25,66.40,249,4811265
1839,WESTLIFE,"WESTLIFE FOODWORLD",740.05,642.60,15.38,0.98,3.69,916.90,638.20,37.66,250,2964481
1840,VSTTILLERS,"VST TILLERS TRACTORS",4369.53,5520.00,12.41,0.59,3.69,5688.00,3082.00,59.64,250,6218753
1841,NRBBEARING,"NRB BEARING",264.64,273.00,12.63,1.05,3.69,314.60,191.45,46.54,250,1933569
1842,SILVERTUC,"SILVER TOUCH TECHNO",711.89,745.00,10.41,0.84,3.69,844.65,610.00,32.96,250,2412033
1843,KRBL,"KRBL",330.87,369.15,10.28,1.40,3.69,495.00,241.25,76.69,250,2707713
1844,IIFL,"IIFL FINANCE",415.76,491.10,12.76,1.18,3.69,538.15,279.80,62.14,250,3023105
1845,NLCINDIA,"NLC INDIA",239.73,269.75,14.70,0.87,3.69,292.20,186.03,44.29,250,2197761
1846,SADHNANIQ-BE,"SADHANA NITROCHEM",25.29,9.81,27.28,0.00,3.68,58.31,5.89,207.25,250,3929345
1847,SONAMAC-SM,"SONA MACHINERY",100.99,76.10,16.87,0.00,3.68,185.70,67.00,117.53,249,5901313
1848,CCL,"CCL PRODUCTS (I)",743.91,829.40,17.91,0.73,3.68,962.00,525.00,58.74,250,2931713
1849,SOLEX,"SOLEX ENERGY",1228.62,1548.15,10.80,0.00,3.68,1826.35,630.90,97.30,250,194405633
1850,HCG,"HEALTHCARE GLOB. ENT.",547.05,685.70,16.43,0.93,3.68,708.00,404.80,55.42,250,3982081
1851,ASAHIINDIA,"ASAHI INDIA GLASS",738.24,897.00,12.11,1.26,3.68,933.00,576.80,48.25,250,1376769
1852,RBLBANK,"RBL BANK",203.53,292.85,11.80,1.02,3.68,292.85,146.10,72.10,250,4708097
1853,GANDHITUBE,"GANDHI SPL. TUBES",754.72,934.60,16.33,0.86,3.68,1031.80,585.50,59.13,250,3613697
1854,EPL,"EPL",233.46,212.42,12.09,1.09,3.68,289.90,175.28,49.10,250,251137
1855,PHOENIXLTD,"THE PHOENIX MILLS",1583.44,1593.00,13.97,1.17,3.67,1902.00,1338.05,35.62,250,3725313
1856,SIRCA,"SIRCA PAINT INDIA",351.71,488.60,15.54,0.97,3.67,513.00,230.69,80.27,250,2828801
1857,KPIL,"KALPATARU PROJECT INT",1140.26,1250.60,19.04,1.14,3.67,1352.85,786.30,49.69,250,464385
1858,AGARIND,"AGARWAL INDS CORP",1023.82,892.30,12.44,0.75,3.67,1380.00,766.85,59.89,250,867585
1859,TPHQ,"TEAMO PRODUCTIONS HQ",1.21,0.67,14.06,0.00,3.67,2.79,0.62,179.21,250,4350977
1860,KMSUGAR,"K M SUGAR MILLS",29.96,28.48,12.14,0.83,3.66,38.94,25.30,45.53,250,3754753
1861,MEIL,"MANGAL ELECTRICAL IND L",500.96,461.00,8.19,1.48,3.66,573.70,439.95,26.70,31,194239489
1862,RHIM,"RHI MAGNESITA INDIA",486.87,445.60,15.94,1.15,3.66,640.00,376.45,54.13,250,7977729
1863,NUCLEUS,"NUCLEUS SOFTWARE EXPORTS",1041.63,1006.10,24.36,0.94,3.66,1378.00,725.00,62.69,250,2762497
1864,USHAFIN-SM,"USHA FINANCIAL SERVICES L",46.45,42.00,14.85,0.00,3.66,84.00,24.30,128.52,230,6643713
1865,MAHSCOOTER,"MAHARASHTRA SCOOTERS",12256.12,17190.00,16.02,0.00,3.66,18538.00,8822.00,79.27,249,533761
1866,EXPLEOSOL,"EXPLEO SOLUTIONS",1126.22,997.00,14.77,1.08,3.66,1567.45,735.35,73.88,250,4476417
1867,NIVABUPA,"NIVA BUPA HEALTH INS CO L",81.18,79.40,16.02,0.61,3.66,109.34,68.54,50.26,225,6936833
1868,AFFLE,"AFFLE 3I",1726.98,1967.50,15.12,1.15,3.66,2185.90,1246.00,54.42,250,2903809
1869,BBTC,"BOMBAY BURMAH TRADING COR",2046.55,1889.00,16.70,1.19,3.66,2944.00,1607.05,65.33,250,97281
1870,QUESS,"QUESS CORP",286.95,245.85,11.15,0.00,3.66,379.05,234.00,50.55,250,4532225
1871,SSFLPP-E1,"SPANDANA RS.5 PPD UP",124.68,129.80,12.97,1.19,3.65,136.00,108.40,22.14,38,194155521
1872,HUDCO,"HSG & URBAN DEV CORPN",219.28,232.41,11.87,0.97,3.65,262.70,158.85,47.36,250,5331201
1873,MOCAPITAL,"MOTILALAMC - MOCAPITAL",41.69,44.75,19.39,0.96,3.65,51.13,29.20,52.60,143,7696641
1874,RBMINFRA-SM,"RBM INFRACON",523.20,448.00,15.01,0.00,3.65,930.00,249.85,130.00,250,3473921
1875,RCOM-BE,"RELIANCE COMMUNICATIONS L",1.62,1.42,10.64,0.00,3.65,2.45,1.26,73.43,130,3376129
1876,EASEMYTRIP,"EASY TRIP PLANNERS",12.35,8.04,15.12,0.55,3.65,19.00,7.92,89.70,250,714753
1877,MAHKTECH,"MIRAEAMC - MAHKTECH",22.30,29.88,21.49,0.00,3.65,35.59,16.91,83.76,250,1810945
1878,NEELAM-SM,"NEELAM LINENS & GAR (I) L",33.95,19.65,23.92,0.00,3.65,74.40,18.50,164.67,173,6943489
1879,RTL-SM,"RAMA TELECOM",65.04,63.05,16.94,0.00,3.65,75.00,58.55,25.29,64,193990913
1880,CYIENTDLM,"CYIENT DLM",509.88,469.20,18.62,0.94,3.65,744.25,378.60,71.71,250,4399873
1881,TRIVENI,"TRIVENI ENGG. & INDS.",391.34,355.10,20.86,1.22,3.64,536.00,313.10,56.96,250,3348737
1882,1003SFIL28-NX,"1003SFIL28-NX",806.11,730.00,20.51,0.00,3.64,1099.00,565.01,66.24,107,3903745
1883,ORISSAMINE,"ORISSA MIN DEV CO",5861.90,5560.00,16.66,1.31,3.64,9721.05,4310.00,92.31,250,5102337
1884,MANGLMCEM,"MANGALAM CEMENT",799.96,732.30,15.99,0.93,3.64,1019.00,665.00,44.25,250,539137
1885,UTIAMC,"UTI ASSET MNGMT CO",1216.07,1310.20,11.22,1.08,3.64,1494.80,905.00,48.50,250,134913
1886,RAJMET,"RAJNANDINI METAL",6.43,4.42,21.76,0.00,3.64,10.65,3.98,103.71,250,555009
1887,DIVYADHAN-SM,"DIVYADHAN RECYCLING IND L",57.07,38.20,19.43,0.00,3.64,92.00,36.00,98.13,204,6573313
1888,TCI,"TRANSPORT CORPN OF INDIA",1112.64,1190.00,11.61,1.32,3.63,1309.00,876.00,38.92,250,2708481
1889,TVSSCS,"TVS SUPPLY CHAIN SOL L",144.49,125.47,16.94,1.32,3.63,197.00,107.40,62.01,250,4646657
1890,VIKASECO,"VIKAS ECOTECH",2.64,1.95,17.23,0.87,3.63,3.65,1.93,65.25,250,6593537
1891,VINDHYATEL,"VINDHYA TELELINKS",1650.97,1380.00,12.84,0.59,3.63,2286.00,1160.30,68.18,250,945665
1892,NIITMTS,"NIIT LEARNING SYSTEMS",397.10,329.90,13.16,0.93,3.63,525.00,308.60,54.49,250,4543233
1893,WELCORP,"WELSPUN CORP",816.80,846.75,17.37,0.92,3.63,994.00,650.15,42.10,250,3026177
1894,CONTROLPR,"CONTROL PRINT",720.62,806.00,17.82,1.12,3.63,917.50,547.00,51.41,250,4474113
1895,SUPREMEINF-BZ,"SUPREME INFRA.",111.33,109.90,10.41,0.00,3.63,161.55,81.02,72.33,247,3435265
1896,AJAXENGG,"AJAX ENGINEERING",652.59,635.20,11.86,1.21,3.63,756.20,549.10,31.74,160,7583745
1897,UNOMINDA,"UNO MINDA",1040.40,1222.00,9.83,1.25,3.63,1382.00,767.60,59.05,250,3623425
1898,ENRIN,"SIEMENS ENERGY INDIA",3205.09,3245.00,10.38,1.51,3.63,3625.00,2508.80,34.83,79,193758977
1899,WHEELS,"WHEELS INDIA",719.17,939.05,12.85,1.29,3.63,957.00,543.60,57.48,250,964097
1900,PREMIUM-SM,"PREMIUM PLAST",38.29,37.05,15.01,0.00,3.63,51.75,26.05,67.12,198,6629889
1901,RAJINDLTD-SM,"RAJPUTANA INDUSTRIES",82.20,75.00,16.56,0.00,3.63,101.90,71.00,37.59,240,6324993
1902,IONEXCHANG,"ION EXCHANGE (INDIA)",544.17,400.75,15.54,1.28,3.62,744.20,390.00,65.09,250,417281
1903,PRESTIGE,"PRESTIGE ESTATE",1517.53,1624.00,10.11,1.05,3.62,1909.85,1048.05,56.79,250,5197313
1904,SGMART,"SG MART",367.21,347.50,6.60,2.05,3.62,389.55,338.45,13.92,20,194275585
1905,GROWWRAIL,"GROWWAMC - GROWWRAIL",35.79,35.60,14.06,0.80,3.62,43.66,28.72,41.74,166,7558913
1906,PNCINFRA,"PNC INFRATECH",301.05,288.95,18.59,0.87,3.62,469.65,240.00,76.28,250,2402561
1907,GREENCHEF-SM,"GREENCHEF APPLIANCES",68.21,61.00,17.62,0.00,3.62,90.00,54.55,51.97,246,4375553
1908,ELGIEQUIP,"ELGI EQUIPMENTS",530.59,483.25,18.54,1.10,3.62,685.95,401.00,53.70,250,239873
1909,ADANIENSOL,"ADANI ENERGY SOLUTION",836.08,928.25,15.20,1.15,3.62,1090.95,588.00,60.16,250,2615553
1910,ZEEL,"ZEE ENTERTAINMENT ENT",117.50,111.31,12.98,0.56,3.62,148.58,87.48,52.00,250,975873
1911,ADVANIHOTR,"ADVANI HOT.& RES.(I)",62.75,59.52,14.52,0.89,3.62,74.40,52.29,35.23,250,3774721
1912,HGINFRA,"H.G.INFRA ENGINEERING",1163.76,937.00,10.80,1.07,3.61,1559.00,918.00,55.08,250,428033
1913,DBOL,"DHAMPUR BIO ORGANICS",91.88,81.90,12.69,0.00,3.61,153.80,57.34,104.99,250,2788609
1914,WINNY-ST,"WINNY IMMIGRA & EDU SER L",223.27,67.45,36.40,0.00,3.61,355.00,67.45,128.79,137,6189057
1915,BEPL,"BHANSALI ENG. POLYMERS LT",117.26,101.20,16.82,0.96,3.61,163.90,90.00,63.02,250,107265
1916,DHANLAXMI-SM,"DHANLAXMI CROP SCIENCE L",55.15,40.50,20.38,0.00,3.61,110.00,39.50,127.83,195,7097089
1917,MUNJALSHOW,"MUNJAL SHOWA",136.29,139.82,14.70,1.19,3.61,169.70,104.20,48.06,250,590593
1918,FINPIPE,"FINOLEX INDUSTRIES",217.85,193.00,12.68,1.17,3.61,334.30,153.92,82.80,250,266497
1919,GULFOILLUB,"GULF OIL LUB. IND.",1158.13,1207.00,14.02,0.95,3.61,1332.60,891.30,38.10,250,1124097
1920,TVSSRICHAK,"TVS SRICHAKRA",3167.20,3804.80,17.91,1.00,3.60,4170.00,2431.80,54.88,250,3646721
1921,JKIL,"JKUMAR INFR.LTD.",702.37,635.00,12.58,1.29,3.60,819.00,578.00,34.31,250,3908097
1922,NBCC,"NBCC (INDIA)",100.52,112.90,10.65,0.87,3.60,130.70,70.80,59.59,250,8042241
1923,BASILIC-SM,"BASILIC FLY STUDIO",367.12,368.00,10.20,0.00,3.60,509.80,223.15,78.08,250,4721153
1924,KARNIKA-SM,"KARNIKA INDUSTRIES",115.25,173.50,13.77,0.00,3.60,224.95,47.70,153.79,242,4983041
1925,KKCL,"KEWAL KIRAN CLOTHING",536.06,552.50,15.71,1.34,3.60,680.95,425.00,47.75,250,3425537
1926,FLEXITUFF,"FLEXITUFF VENTURES INT L",42.42,21.60,10.15,0.00,3.60,80.99,17.34,150.06,246,6531073
1927,ROLEXRINGS,"ROLEX RINGS",1619.24,1338.00,12.18,1.07,3.60,2420.95,1210.40,74.76,250,1351425
1928,TINNARUBR,"TINNA RUBBER AND INFR",927.41,1030.00,17.33,1.09,3.60,1088.85,795.00,31.68,122,193541121
1929,FMGOETZE,"FEDERAL-MOGUL GOETZE (IND",435.01,505.00,13.50,0.50,3.59,622.00,308.00,72.18,250,304641
1930,HEMIPROP,"HEMISPHERE PROP IND",148.95,147.60,17.34,1.13,3.59,199.80,111.03,59.60,250,179457
1931,MOLDTKPAC,"MOLD-TEK PACKAGING",649.93,747.80,13.72,1.09,3.59,892.90,410.00,74.30,250,1718529
1932,TASTYBITE,"TASTY BITE EATABLES",10114.00,8881.00,12.76,0.64,3.59,13583.95,7543.40,59.72,250,5143553
1933,ABHAPOWER-ST,"ABHA POWER N STEEL",38.64,42.55,16.95,0.00,3.58,81.90,26.45,143.49,208,6985473
1934,PRINCEPIPE,"PRINCE PIPES FITTINGS",351.86,332.10,16.77,0.77,3.58,554.00,229.05,92.35,250,4107521
1935,SSWL,"STEEL STRIPS WHEELS",214.37,217.05,10.25,1.08,3.58,280.00,167.41,52.52,250,3028225
1936,RBS-SM,"RAMDEVBABA SOLVENT",122.72,120.70,13.82,0.00,3.58,150.50,93.50,46.45,250,6032641
1937,NV20IETF,"ICICI PRUDENTIAL NV20 ETF",14.63,14.65,19.02,0.70,3.58,17.03,11.20,39.86,250,4473601
1938,PRECISION-SM,"PRECISION METALIKS",31.84,20.00,24.60,0.00,3.58,60.75,17.50,135.83,233,2035201
1939,HVAX-SM,"HVAX TECHNOLOGIES",730.75,950.00,20.12,0.00,3.58,1029.30,492.00,73.53,219,6581249
1940,AARTIDRUGS,"AARTI DRUGS",445.88,514.30,16.06,0.98,3.58,564.05,312.00,56.53,250,1147137
1941,GHCL,"GHCL",619.98,634.90,14.83,1.00,3.58,779.00,511.05,43.22,250,288513
1942,POONAWALLA,"POONAWALLA FINCORP",383.06,531.00,24.64,0.93,3.57,570.40,267.20,79.15,250,2919169
1943,ABSMARINE-SM,"ABS MARINE SERVICES",173.86,186.00,13.81,0.00,3.57,275.00,92.10,105.20,250,6088449
1944,TBI-SM,"TBI CORN",132.16,91.00,12.26,0.00,3.57,222.50,75.20,111.46,250,6148865
1945,DURLAX-SM,"DURLAX TOP SURFACE",49.03,37.80,19.57,0.00,3.57,65.00,33.10,65.06,237,6185985
1946,CAMPUS,"CAMPUS ACTIVEWEAR",274.46,280.80,20.20,1.08,3.57,337.60,210.00,46.49,250,2396673
1947,ASTRAZEN,"ASTRAZENECA PHARMA IND LT",8045.10,9297.00,17.46,0.72,3.57,10691.00,6220.00,55.57,250,1436161
1948,RBA,"RESTAURANT BRAND ASIA",79.80,72.00,12.01,1.04,3.57,107.50,59.40,60.28,250,382465
1949,AUSL-ST,"ADITYA ULTRA STEEL",39.08,33.10,27.12,0.00,3.57,58.75,23.65,89.82,226,6464257
1950,VESUVIUS,"VESUVIUS INDIA",496.87,505.00,9.13,0.76,3.57,646.00,356.00,58.37,250,941057
1951,STYRENIX,"STYRENIX PERFORMANCE",2761.26,2383.60,16.34,0.96,3.57,3498.00,2220.50,46.27,250,4865
1952,SFML-SM,"SUPREME FACILITY MGMT",38.99,40.00,20.29,0.00,3.57,75.00,27.40,122.09,202,7185665
1953,VLINFRA-SM,"V.L.INFRAPROJECTS",48.05,34.40,15.58,0.00,3.57,72.50,32.10,84.08,246,6299137
1954,STARCEMENT,"STAR CEMENT",224.51,265.00,14.41,0.91,3.57,308.95,171.55,61.20,250,5399297
1955,ECAPINSURE,"EDELAMC - ECAPINSURE",21.31,23.31,19.98,0.78,3.56,26.77,17.13,45.23,191,7428865
1956,VTL,"VARDHMAN TEXTILES",458.02,402.05,18.04,0.95,3.56,563.95,361.10,44.29,250,530689
1957,GICRE,"GENERAL INS CORP OF INDIA",387.68,383.30,17.39,0.86,3.56,511.40,337.70,44.80,250,70913
1958,925IHFL31-N1,"925IHFL31-N1",966.67,910.00,10.68,0.00,3.56,1010.00,822.80,19.37,3,7392257
1959,NFL,"NATIONAL FERT.",99.69,93.29,9.83,1.07,3.56,129.70,71.00,58.88,250,3564801
1960,PRAJIND,"PRAJ INDUSTRIES",569.27,350.25,17.16,0.86,3.56,875.00,328.55,95.99,250,692481
1961,SESHAPAPER,"SESHASAYEE PAPER & BOARDS",286.54,256.10,13.15,1.01,3.56,340.25,248.35,32.07,250,784897
1962,SHERA-SM,"SHERA ENERGY",163.17,124.00,19.57,0.00,3.56,235.00,122.05,69.22,246,3628033
1963,IDENTICAL-SM,"IDENTICAL BRAINS STUDIO L",47.62,41.65,21.93,0.00,3.56,99.75,38.00,129.68,192,7314945
1964,PONNIERODE,"PONNIE SUGARS (ERODE)",345.75,287.40,12.76,1.04,3.56,481.50,267.00,62.04,250,2729217
1965,RCDL-SM,"RAJGOR CASTOR DERIVATI L",24.10,26.50,19.05,0.00,3.55,33.00,16.55,68.25,220,5038337
1966,SWARAJENG,"SWARAJ ENGINES",3626.14,4236.30,13.34,0.88,3.55,4720.00,2517.00,60.75,250,866305
1967,CHEMPLASTS,"CHEMPLAST SANMAR",445.48,365.20,16.28,1.06,3.55,530.00,362.75,37.54,250,1394945
1968,CIGNITITEC,"CIGNITI TECHNOLOGIES",1557.88,1644.60,12.59,0.57,3.55,1970.00,1033.25,60.13,250,1316353
1969,PANSARI,"PANSARI DEVELOPERS",207.77,256.95,11.42,0.00,3.55,288.85,116.10,83.14,245,1572097
1970,LUXIND,"LUX INDUSTRIES",1552.06,1288.80,11.55,0.91,3.55,2174.00,1211.00,62.05,250,2893057
1971,RCF,"RASHTRIYA CHEMICALS & FER",152.46,146.28,8.86,0.83,3.55,188.89,110.80,51.22,250,733697
1972,COROMANDEL,"COROMANDEL INTERNTL.",2062.50,2225.00,13.98,1.27,3.54,2718.90,1560.00,56.19,250,189185
1973,UCL-SM,"USHANTI COLOUR CHEM",55.37,44.15,21.75,0.00,3.54,67.10,38.00,52.56,76,1078273
1974,EIHOTEL,"EIH - OBEROI HOTELS",377.65,386.00,14.73,1.13,3.54,441.75,305.00,36.21,250,235265
1975,ORIENTELEC,"ORIENT ELECTRIC",223.37,202.40,15.12,0.80,3.54,265.00,177.21,39.30,250,760833
1976,RITES,"RITES",262.20,254.50,15.58,0.97,3.54,325.00,192.40,50.57,250,962817
1977,VINYAS-SM,"VINYAS INNOVATIVE TECH L",947.81,1170.00,15.04,0.00,3.54,1440.00,575.80,91.18,249,4916737
1978,PRICOLLTD,"PRICOL",470.76,520.25,12.35,1.13,3.54,598.80,367.85,49.06,250,5025537
1979,MAHLIFE,"MAHINDRA LIFESPACE DEVLTD",367.06,369.20,23.52,1.19,3.54,490.80,256.05,63.95,250,2060801
1980,CELLPOINT-SM,"CELL POINT (INDIA)",22.06,18.95,16.09,0.00,3.54,33.00,15.60,78.88,239,4339201
1981,KANDARP-ST,"KANDARP DG SMART BPO",76.52,101.00,19.19,0.00,3.54,127.00,33.95,121.61,220,2870017
1982,DEN,"DEN NETWORKS",37.97,34.75,12.16,0.88,3.53,53.49,28.14,66.76,250,4536833
1983,INDIASHLTR,"INDIA SHELTER FIN CORP L",797.77,880.00,21.92,0.75,3.53,1011.75,607.00,50.73,250,5262337
1984,DPEL-ST,"DIVINE POWER ENERGY",140.49,280.00,17.47,0.00,3.53,282.25,81.00,143.25,245,6217985
1985,ETL-SM,"EMKAY TOOLS",948.16,880.00,18.50,0.00,3.53,1235.00,750.00,51.15,61,194199297
1986,SANSERA,"SANSERA ENGINEERING",1340.70,1444.00,8.78,1.16,3.53,1706.55,972.20,54.77,250,1472257
1987,DEEM-SM,"DEEM ROLL TECH",70.44,50.00,26.03,0.00,3.53,104.60,49.55,78.15,215,5836545
1988,BMWVENTLTD-BE,"BMW VENTURES",64.82,60.59,8.07,0.00,3.53,78.00,55.70,34.40,7,194369793
1989,ATGL,"ADANI TOTAL GAS",650.05,628.80,17.69,0.77,3.53,862.00,532.60,50.67,250,1552897
1990,TAC-ST,"TAC INFOSEC",1096.93,1293.00,21.79,0.00,3.53,1697.00,651.50,95.31,250,6000897
1991,CEDAAR-SM,"CEDAAR TEXTILE",113.67,98.55,11.73,0.04,3.53,136.30,75.00,53.93,67,193967873
1992,ALUWIND-SM,"ALUWIND INFRA-TECH",68.03,84.95,13.98,0.00,3.53,95.80,48.00,70.26,244,6009345
1993,SYMPHONY,"SYMPHONY",1206.54,898.00,13.94,0.60,3.53,1880.95,884.00,82.63,250,6192641
1994,MUKKA,"MUKKA PROTEINS",33.77,26.70,16.71,0.70,3.52,47.39,24.75,67.03,250,5882881
1995,INDNIPPON,"INDIA NIPPON ELECT ",714.39,997.10,14.95,1.15,3.52,1099.90,545.30,77.63,250,1215233
1996,FIEMIND,"FIEM INDUSTRIES",1663.15,1940.90,9.90,1.14,3.52,2275.00,1255.10,61.32,250,3509761
1997,MANYAVAR,"VEDANT FASHIONS",943.03,698.05,12.17,1.08,3.52,1512.00,674.40,88.82,250,2090753
1998,GROWWNET,"GROWWAMC - GROWWNET",10.51,10.95,16.06,1.30,3.52,12.14,9.17,28.25,69,194000385
1999,ROXHITECH-SM,"ROX HI TECH",65.41,47.50,15.70,0.00,3.52,128.50,35.05,142.86,247,5162753
2000,PNBHOUSING,"PNB HOUSING FIN",923.95,855.35,10.30,1.04,3.52,1141.90,746.70,42.77,250,4840449
2001,MADHUSUDAN-SM,"MADHUSUDAN MASALA",167.78,138.00,15.03,0.00,3.52,229.00,130.00,59.00,247,4794369
2002,UTKARSHBNK,"UTKARSH SMALL FIN BANK L",27.53,22.56,12.10,0.95,3.52,45.74,19.90,93.86,250,4443649
2003,MINDACORP,"MINDA CORPORATION",521.48,587.90,12.71,1.23,3.52,606.90,445.05,31.04,250,6629633
2004,SERVICE-SM,"SERVICE CARE",66.54,44.65,18.31,0.00,3.52,94.75,44.50,75.52,206,4454145
2005,ENDURANCE,"ENDURANCE TECHNO.",2336.01,2890.00,16.75,0.77,3.52,3079.90,1675.00,60.14,250,4818433
2006,JKPAPER,"JK PAPER",379.27,421.55,12.42,1.19,3.52,523.35,275.75,65.28,250,3036161
2007,MUTHOOTMF,"MUTHOOT MICROFIN",160.35,169.00,13.70,0.55,3.52,228.40,119.25,68.07,250,5332737
2008,COOLCAPS-SM,"COOL CAPS INDUSTRIES",69.17,85.00,15.03,0.00,3.52,99.50,57.75,60.36,250,2191361
2009,MIEL-ST,"MANGLAM INFRA & ENG",32.39,22.60,19.19,0.00,3.52,59.45,20.00,121.80,240,6305793
2010,CRISIL,"CRISIL",5165.90,4684.20,17.10,0.78,3.51,6950.00,3973.60,57.62,250,193793
2011,BAJAJELEC,"BAJAJ ELECT.LTD",671.47,543.90,14.64,0.87,3.51,927.00,490.00,65.08,250,3848705
2012,BASF,"BASF INDIA",5159.52,4595.00,22.67,0.92,3.51,8699.00,4065.05,89.81,250,94209
2013,VLEGOV,"VL E GOV AND IT SOL",85.36,29.21,10.20,0.00,3.51,197.77,26.00,201.24,250,4611073
2014,DHAMPURSUG,"DHAMPUR SUGAR MILLS",149.86,142.29,16.14,0.94,3.51,219.80,110.00,73.27,250,219393
2015,SREEL,"SREELEATHERS",243.41,233.79,19.09,0.89,3.51,281.20,215.42,27.02,250,8150273
2016,SOTL,"SAVITA OIL TECHNOLO.",443.19,404.60,19.22,0.88,3.51,610.60,343.25,60.32,250,773377
2017,SWASTIK-SM,"SWASTIK PIPE",44.26,29.95,19.17,0.00,3.51,66.85,28.90,85.75,245,2941953
2018,KIMS,"KRISHNA INST OF MED SCI L",642.04,700.05,10.22,0.89,3.51,798.40,474.05,50.52,250,1240833
2019,MIDSELIETF,"ICICI PRUD MIDCAP SEL ETF",17.18,17.89,17.70,0.67,3.51,20.00,13.86,35.74,250,4531713
2020,LAOPALA,"LA OPALA RG",269.56,241.10,12.53,1.01,3.50,378.00,187.37,70.72,250,3692289
2021,LXCHEM,"LAXMI ORGANIC INDUS",213.43,203.80,16.54,1.12,3.50,290.90,160.20,61.24,250,727297
2022,AFCONS,"AFCONS INFRASTRUCTURE",456.60,462.95,12.48,0.94,3.50,570.00,390.00,39.42,233,6650113
2023,REXPRO-SM,"REXPRO ENTERPRISES",85.19,79.00,16.85,0.00,3.50,120.00,70.05,58.63,170,7493121
2024,PATELENG,"PATEL ENGINEERING",44.49,37.49,12.04,0.80,3.50,59.55,35.68,53.65,250,2994945
2025,ALEMBICLTD,"ALEMBIC",114.12,100.55,10.44,0.75,3.50,153.39,85.46,59.52,250,20225
2026,GOCOLORS,"GO FASHION INDIA",875.95,674.30,14.61,0.98,3.50,1297.25,661.00,72.64,250,1782785
2027,SAIFL-SM,"SAMEERA AGRO AND INFRA L",17.48,17.05,34.87,0.00,3.50,32.75,9.25,134.44,216,5400577
2028,GMBREW,"G M BREWERIES",726.17,890.10,19.44,0.86,3.50,935.05,579.95,48.90,250,299009
2029,TAKE,"TAKE SOLUTIONS",11.92,16.13,17.02,0.00,3.50,20.47,6.51,117.15,250,3818753
2030,SATIA,"SATIA INDUSTRIES",86.24,79.95,17.47,1.03,3.49,114.78,64.40,58.42,250,2827521
2031,ALBERTDAVD,"ALBERT DAVID",1004.37,799.95,13.36,0.76,3.49,1540.00,762.60,77.40,250,4417537
2032,EFORCE-SM,"ELECTRO FORCE (INDIA)",48.21,36.00,16.12,0.00,3.49,70.60,29.20,85.87,242,5350145
2033,GLAXO,"GLAXOSMITHKLINE PHARMA LT",2704.44,2779.00,17.54,0.80,3.49,3515.70,1921.00,58.97,250,295169
2034,FEDFINA,"FEDBANK FINANCIAL SER L",109.54,156.00,9.15,0.68,3.49,166.80,80.00,79.24,250,5202433
2035,QMSMEDI-SM,"QMS MEDICAL ALLIED S",96.25,107.00,13.39,0.00,3.49,122.10,71.55,52.52,241,2935553
2036,AMRUTANJAN,"AMRUTAJAN HEALTH",697.80,704.00,25.04,1.03,3.49,842.90,544.10,42.82,250,4492033
2037,MWL,"MANGALAM WORLDWIDE",169.91,238.53,15.88,0.00,3.48,265.00,132.00,78.28,243,194347265
2038,OBCL,"ORISSA BENGAL CARRIER",55.39,55.04,17.36,0.53,3.48,64.84,49.01,28.58,250,2252033
2039,EXCEL-BE,"EXCEL REALTY N INFRA",1.04,1.66,11.30,0.00,3.48,1.85,0.65,115.51,250,4449281
2040,POLYPLEX,"POLYPLEX CORPORATION",1188.89,1005.00,9.62,0.98,3.48,1478.70,991.10,41.01,250,687873
2041,WOL3D-SM,"WOL 3D INDIA",137.19,122.50,16.65,0.00,3.48,174.50,97.00,56.49,240,6554113
2042,VILINBIO-SM,"VILIN BIO MED",24.09,25.50,28.41,0.00,3.48,32.50,16.25,67.45,166,4340225
2043,HEALTHY,"BIRLASLAMC - HEALTHY",14.50,15.15,11.81,0.86,3.48,16.25,12.20,27.92,250,1612033
2044,DOLLAR,"DOLLAR INDUSTRIES",419.45,362.50,10.51,0.76,3.47,571.80,349.95,52.89,250,5263361
2045,APCOTEXIND,"APCOTEX INDUSTRIES LIMITE",370.88,361.50,17.52,1.14,3.47,456.00,286.95,45.58,250,39425
2046,GSTL-SM,"GLOBESECURE TECHNO",22.39,8.20,10.10,0.00,3.47,51.90,7.65,197.60,234,2499585
2047,CEMPRO,"CEMINDIA PROJECTS",637.87,814.40,11.14,0.56,3.47,944.00,476.60,73.27,250,1439233
2048,BECTORFOOD,"MRS BECTORS FOOD SPE",1516.43,1281.90,13.77,1.06,3.46,1976.70,1211.50,50.46,250,416769
2049,ABSLAMC,"ADIT BIRL SUN LIF AMC",758.86,822.40,14.13,0.84,3.46,911.85,556.45,46.83,250,1540609
2050,MCX,"MULTI COMMODITY EXCHANGE",6706.02,8680.00,11.78,1.11,3.46,9115.00,4408.15,70.19,250,7982337
2051,DEVYANI,"DEVYANI INTERNATIONAL",170.77,163.99,10.81,1.14,3.46,209.75,134.00,44.36,250,1375489
2052,METROBRAND,"METRO BRANDS",1182.14,1220.20,10.17,1.35,3.46,1346.50,990.05,30.15,250,1853953
2053,BAJAJHLDNG,"BAJAJ HOLDINGS & INVS",12212.75,12017.00,16.04,0.96,3.46,14763.00,10004.85,38.96,250,78081
2054,MEDPLUS,"MEDPLUS HEALTH SERV",802.39,776.35,11.47,1.09,3.46,1045.30,636.10,51.00,250,1857025
2055,SUMICHEM,"SUMITOMO CHEM INDIA",534.62,526.45,11.53,1.23,3.46,665.00,446.20,40.93,250,4378881
2056,DOLLEX-SM,"DOLLEX AGROTECH",38.30,42.60,12.71,0.00,3.46,44.25,29.95,37.34,226,3410689
2057,RRKABEL,"R R KABEL",1280.63,1270.00,23.49,1.14,3.46,1814.80,853.55,75.06,250,4752897
2058,ABLBL,"ADITYA BIRLA LIFES BRAN L",145.20,141.99,10.31,1.49,3.46,175.00,129.50,31.34,77,193751809
2059,RULKA-SM,"RULKA ELECTRICALS",202.70,127.00,15.62,0.00,3.45,443.90,113.10,163.19,249,6100481
2060,IREDA,"INDIAN RENEWABLE ENERGY",175.29,151.10,12.44,0.76,3.45,239.90,137.01,58.70,250,5186817
2061,ANANDRATHI,"ANAND RATHI WEALTH",2152.68,2957.80,14.98,1.05,3.45,3090.40,1594.00,69.51,250,1829121
2062,TRIDHYA-SM,"TRIDHYA TECH",27.40,16.20,19.37,0.00,3.45,44.40,16.00,103.66,220,4405761
2063,MAHLOG,"MAHINDRA LOGISTIC",321.61,351.70,10.52,1.08,3.45,467.55,217.40,77.78,250,98561
2064,GRANULES,"GRANULES INDIA",523.35,569.00,18.60,1.03,3.45,628.00,422.00,39.36,250,3039233
2065,ONDOOR-SM,"ON DOOR CONCEPTS",222.68,140.00,19.16,0.00,3.45,457.70,120.85,151.27,230,5041153
2066,DUCOL-SM,"DUCOL ORGS AND COLOURS LT",128.01,167.00,15.04,0.00,3.45,171.00,93.50,60.54,237,3524097
2067,HERITGFOOD,"HERITAGE FOODS",459.00,488.00,10.75,1.03,3.45,659.00,352.10,66.86,250,1177089
2068,CENTURYPLY,"CENTURY PLYBOARDS (I)",767.75,773.45,11.87,1.15,3.44,925.00,631.00,38.29,250,3406081
2069,PHOGLOBAL-SM,"PHOENIX OVERSEAS",25.38,21.10,28.35,0.00,3.44,45.75,16.75,114.28,237,6531329
2070,TEMBO,"TEMBO GLOBAL IND",581.45,572.00,10.19,0.00,3.44,905.00,386.00,89.26,250,838401
2071,NOCIL,"NOCIL",210.39,181.01,7.41,1.02,3.44,306.55,158.10,70.56,250,625153
2072,KSB,"KSB",781.98,806.95,15.68,1.06,3.44,958.00,582.25,48.05,250,498945
2073,ADOR,"ADOR WELDING",1029.19,1028.50,15.79,0.88,3.43,1395.00,788.00,58.98,250,8705
2074,CEIGALL,"CEIGALL INDIA",286.76,262.00,8.68,0.77,3.43,394.60,235.95,55.32,250,6333953
2075,SUPRAJIT,"SUPRAJIT ENGINEERING",443.38,448.00,13.07,1.01,3.43,535.50,350.00,41.84,250,2992385
2076,AATMAJ-SM,"AATMAJ HEALTHCARE",21.11,20.10,16.12,0.00,3.43,33.50,14.50,89.99,214,4342017
2077,KORE-SM,"JAY JALARAM TECHNO",238.94,160.00,10.51,0.00,3.43,532.95,110.20,176.93,244,2787585
2078,SBFC,"SBFC FINANCE",97.11,108.74,10.47,1.03,3.43,120.50,77.61,44.17,250,4614657
2079,APLLTD,"ALEMBIC PHARMA",968.50,949.00,14.79,1.17,3.43,1246.70,725.20,53.85,250,6483969
2080,EIDPARRY,"EID PARRY INDIA",924.68,1028.00,9.46,1.28,3.43,1246.80,639.00,65.73,250,234497
2081,LEMONTREE,"LEMON TREE HOTELS",142.20,163.93,10.34,1.17,3.43,180.68,112.50,47.95,250,667137
2082,CMSINFO,"CMS INFO SYSTEMS",471.41,362.95,16.89,1.30,3.42,616.50,358.45,54.74,250,1946369
2083,KNRCON,"KNR CONSTRU",250.17,193.50,12.89,0.96,3.42,358.85,190.00,67.49,250,3912449
2084,GNA,"GNA AXLES",348.31,314.05,15.21,0.82,3.42,458.75,271.05,53.89,250,4754177
2085,ESCONET-SM,"ESCONET TECHNOLOGIES",261.19,256.35,10.50,0.00,3.42,502.95,150.15,135.07,250,5827585
2086,CMNL-SM,"CHAMAN METALLICS",142.22,153.05,17.03,0.00,3.42,178.80,103.70,52.80,239,3515137
2087,NSLNISP,"NMDC STEEL",40.75,44.90,13.05,0.98,3.42,51.92,32.13,48.56,250,3630081
2088,THESL-SM,"THINKING HATS ENTER SOL L",37.60,39.85,17.44,0.00,3.42,56.00,25.70,80.59,187,6565889
2089,SML100CASE,"ZERODHAAMC - SML100CASE",10.17,10.23,8.55,1.17,3.41,11.00,9.69,12.88,20,194292481
2090,HARSHA,"HARSHA ENGINEERS INT",425.54,389.60,11.57,0.69,3.41,560.00,329.95,54.06,250,2857473
2091,GANDHAR,"GANDHAR OIL REFINE IND L",174.48,139.08,13.77,1.16,3.41,253.20,128.48,71.48,250,5197569
2092,ONYX-SM,"ONYX BIOTEC",56.39,41.50,16.52,0.00,3.40,97.45,40.50,101.00,197,6946817
2093,BALAMINES,"BALAJI AMINES",1627.08,1368.80,14.15,0.62,3.40,2269.90,1127.55,70.21,250,3712257
2094,EMAMILTD,"EMAMI",597.60,544.45,13.87,1.18,3.40,758.30,507.70,41.93,250,3460353
2095,JSL,"JINDAL STAINLESS",675.82,770.25,9.44,1.01,3.40,818.95,496.60,47.70,250,2876417
2096,GAEL,"GUJARAT AMBUJA EXPORTS LT",115.65,104.83,9.98,0.95,3.40,146.95,98.72,41.70,250,2259969
2097,INDGN,"INDEGENE",591.24,556.15,16.36,0.87,3.40,735.00,499.00,39.92,250,6065409
2098,RIIL,"RELIANCE INDUSTRIAL INFRA",957.72,930.50,17.14,0.71,3.40,1274.70,726.45,57.25,250,745473
2099,PALREDTEC,"PALRED TECHNOLOGIES",65.00,68.45,13.22,0.00,3.40,126.79,39.62,134.10,249,4367873
2100,GTPL,"GTPL HATHWAY",121.83,106.00,16.39,0.83,3.40,166.90,98.10,56.47,250,5425921
2101,MODEFENCE,"MOTILALAMC - MODEFENCE",78.08,88.95,13.91,0.72,3.40,102.00,55.21,59.93,250,6385665
2102,ETERNAL,"ETERNAL - ZOMATO",262.81,348.40,10.89,0.79,3.40,349.90,194.80,59.02,250,1304833
2103,SUPREMEIND,"SUPREME INDUSTRIES",4181.60,4235.00,14.35,0.98,3.39,5459.25,3095.00,56.54,250,860929
2104,FLUOROCHEM,"GUJARAT FLUOROCHEM",3824.93,3725.00,14.15,1.08,3.39,4880.95,3220.60,43.41,250,3520001
2105,AUROIMPEX-SM,"AURO IMPEX & CHEMICALS L",61.20,46.00,16.33,0.00,3.39,89.70,43.95,74.76,233,4062465
2106,PANAMAPET,"PANAMA PETROCHEM",355.58,277.00,14.95,0.68,3.39,416.20,274.50,39.85,250,6500353
2107,CDSL,"CENTRAL DEPO SER (I)",1507.31,1607.90,9.92,0.87,3.39,1989.80,1047.45,62.52,250,5420545
2108,CGPOWER,"CG POWER AND IND SOL",684.18,753.90,14.78,0.71,3.39,874.70,517.70,52.18,250,194561
2109,GILLETTE,"GILLETTE INDIA",9383.67,9528.00,16.25,0.96,3.39,11500.00,7411.65,43.57,250,403457
2110,GOLDSTAR-SM,"GOLDSTAR POWER",10.19,8.45,26.67,0.00,3.39,13.50,7.20,61.81,226,257
2111,SUPREMEPWR-SM,"SUPREME POWER EQUIPMENT L",185.17,210.70,13.10,0.00,3.39,258.40,100.00,85.54,250,5393153
2112,TEAMLEASE,"TEAMLEASE SERVICES",2209.89,1782.00,16.22,0.68,3.39,3103.00,1641.20,66.15,250,3255297
2113,INFOLLION-SM,"INFOLLION RESEARCH SER L",445.06,446.70,14.72,0.00,3.39,575.00,285.00,65.16,249,4246529
2114,ABCOTS,"A B COTSPIN INDIA",436.68,439.95,14.16,0.00,3.39,505.50,313.05,44.07,241,194337281
2115,MAITHANALL,"MAITHAN ALLOYS",1053.11,1125.50,11.34,0.98,3.39,1264.00,835.25,40.71,250,6281729
2116,ANTHEM,"ANTHEM BIOSCIENCES",793.22,801.00,6.96,1.25,3.39,873.50,701.90,21.63,57,194018561
2117,WSTCSTPAPR,"WEST COAST PAPER MILLS LT",507.98,477.80,13.43,1.06,3.39,638.85,385.10,49.95,250,972545
2118,MAHSEAMLES,"MAHARASHTRA SEAMLESS",666.17,585.00,13.64,0.98,3.38,814.30,566.50,37.20,250,534529
2119,GROWWMOM50,"GROWWAMC - GROWWMOM50",10.52,10.65,21.46,0.86,3.38,12.00,9.11,27.48,118,193558017
2120,MCON-SM,"MCON RASAYAN INDIA",133.48,55.80,10.53,0.00,3.38,229.90,53.40,132.23,231,3730945
2121,RENUKA,"SHREE RENUKA SUGARS",33.99,30.45,10.23,0.69,3.38,48.77,24.71,70.79,250,3078657
2122,TIINDIA,"TUBE INVEST OF INDIA",3188.98,3156.00,9.05,1.21,3.38,4810.80,2407.10,75.38,250,79873
2123,BAJAJCON,"BAJAJ CONSUMER CARE",200.89,262.05,15.74,0.82,3.38,266.94,151.00,57.71,250,4999937
2124,1190VCCL26-N0,"1190VCCL26-N0",86693.75,70000.00,13.51,0.00,3.38,98500.00,70000.00,32.87,4,6201089
2125,JAMNAAUTO,"JAMNA AUTO IND",93.61,97.20,13.98,1.03,3.38,123.50,68.57,58.68,250,5319169
2126,SATIN,"SATIN CREDIT NET",153.56,148.00,11.80,0.85,3.37,193.39,131.80,40.11,250,2675969
2127,SANDESH,"SANDESH",1322.30,1163.10,20.26,0.75,3.37,1795.85,1005.00,59.81,250,764929
2128,KATARIA-SM,"KATARIA INDUSTRIES",128.73,101.50,17.02,0.00,3.37,220.00,90.50,100.60,245,6279169
2129,RUCHIRA,"RUCHIRA PAPERS",127.70,136.50,17.77,1.01,3.37,167.91,103.56,50.39,250,3538177
2130,MID150,"KOTAKMAMC - MID150",21.34,22.05,20.71,0.63,3.37,25.49,17.98,35.19,133,7800065
2131,BALRAMCHIN,"BALRAMPUR CHINI MILLS",547.36,478.40,9.07,1.07,3.37,674.00,419.05,46.58,250,87297
2132,IDBI,"IDBI BANK",84.99,93.69,16.78,0.81,3.37,106.32,65.89,47.57,250,377857
2133,NIDAN-SM,"NIDAN LABS AND HEALTH",23.00,18.10,16.71,0.00,3.37,35.00,16.05,82.39,238,1687553
2134,ROSSARI,"ROSSARI BIOTECH",707.36,666.20,11.38,1.13,3.37,897.95,569.00,46.50,250,4968961
2135,PODDARMENT,"PODDAR PIGMENTS",321.41,278.05,11.06,0.52,3.37,458.25,259.85,61.73,250,4873217
2136,GRINDWELL,"GRINDWELL NORTON",1793.63,1682.50,15.89,1.13,3.36,2632.00,1356.05,71.14,250,3471361
2137,KALPATARU,"KALPATARU",396.63,373.00,8.96,1.33,3.36,457.40,345.80,28.14,71,194190849
2138,MAWANASUG,"MAWANA SUGARS",95.86,90.00,8.77,1.10,3.36,119.52,78.43,42.86,250,4357633
2139,JUSTDIAL,"JUSTDIAL",928.08,834.00,16.68,0.97,3.36,1395.00,751.80,69.30,250,7670273
2140,AADHARHFC,"AADHAR HOUSING FINANCE L",449.86,514.55,13.94,1.05,3.36,547.80,346.05,44.85,250,6074625
2141,AJANTPHARM,"AJANTA PHARMA",2709.97,2430.00,13.86,0.88,3.36,3395.00,2327.30,39.40,250,2079745
2142,BLAL,"BEML LAND ASSETS",216.18,212.99,11.37,0.55,3.36,258.40,180.50,36.03,250,3857153
2143,BIKEWO-SM,"BIKEWO GREEN TECH",21.89,15.00,17.74,0.00,3.36,39.90,13.65,119.93,243,6534145
2144,INFINIUM-SM,"INFINIUM PHARMACHEM",282.57,256.50,9.14,0.00,3.36,357.50,213.90,50.82,242,3849217
2145,GRINFRA,"G R INFRAPROJECTS",1291.81,1264.60,13.72,0.94,3.36,1734.00,901.00,64.48,250,1293825
2146,HNDFDS,"HINDUSTAN FOODS",544.58,525.60,23.89,0.66,3.36,651.90,421.50,42.31,250,3116289
2147,GODREJPROP,"GODREJ PROPERTIES",2327.07,2088.90,10.08,1.04,3.35,3239.65,1900.00,57.57,250,4576001
2148,VEEKAYEM-SM,"VEEKAYEM FASH & APP",263.70,277.50,10.38,0.00,3.35,318.00,212.60,39.97,187,2741761
2149,CEATLTD,"CEAT",3184.53,3539.00,11.17,1.17,3.35,4044.00,2343.05,53.41,250,3905025
2150,BIKAJI,"BIKAJI FOODS INTERN",742.75,728.65,17.85,0.93,3.35,929.00,558.80,49.84,250,3063297
2151,OIL,"OIL INDIA",432.50,418.05,8.47,0.85,3.35,594.00,325.00,62.20,250,4464129
2152,SHYAMMETL,"SHYAM METALICS AND ENGY L",854.09,933.90,23.48,0.92,3.34,1001.00,628.25,43.64,250,1201409
2153,MAYURUNIQ,"MAYUR UNIQUOTERS",548.47,491.25,15.74,0.65,3.34,659.55,441.00,39.85,250,7399937
2154,SAFARI,"SAFARI IND (INDIA)",2237.04,2238.60,15.03,0.78,3.34,2744.70,1670.15,48.03,250,3336961
2155,NCLIND,"NCL INDUSTRIES",210.24,201.88,8.44,0.82,3.34,239.39,179.21,28.62,250,3709441
2156,CLSL-SM,"CROP LIFE SCIENCE",50.98,55.00,15.82,0.00,3.34,62.80,41.50,41.78,233,4674561
2157,TGL-SM,"TEERTH GOPICON",313.47,51.90,10.48,0.00,3.33,660.00,47.20,195.49,250,6022657
2158,NATIONALUM,"NATIONAL ALUMINIUM CO",196.64,224.69,10.09,1.10,3.33,257.50,137.75,60.90,250,1629185
2159,FINCABLES,"FINOLEX CABLES",981.96,803.50,19.52,0.82,3.33,1360.60,780.00,59.13,250,265729
2160,GOYALSALT-SM,"GOYAL SALT",180.86,180.00,12.06,0.00,3.33,241.70,142.00,55.12,247,4955137
2161,GODREJAGRO,"GODREJ AGROVET",750.56,661.35,15.60,1.06,3.33,876.35,654.00,29.62,250,36865
2162,UJJIVANSFB,"UJJIVAN SMALL FINANC BANK",40.32,48.82,10.60,0.83,3.33,51.87,30.88,52.06,250,3898369
2163,LATENTVIEW,"LATENT VIEW ANALYTICS",425.78,439.50,11.39,1.18,3.33,520.25,341.20,42.05,250,1745409
2164,JSWENERGY,"JSW ENERGY",552.43,546.00,10.07,0.86,3.33,776.90,418.75,64.83,250,4574465
2165,TATAINVEST,"TATA INVESTMENT CORP",6656.07,9320.00,20.46,0.84,3.33,11847.00,5145.15,100.69,250,414977
2166,URJA,"URJA GLOBAL",15.16,12.95,19.51,0.00,3.33,22.19,10.87,74.65,250,5171969
2167,RADICO,"RADICO KHAITAN",2500.27,2988.10,14.26,0.80,3.33,3067.00,1845.50,48.85,250,2813441
2168,KONTOR-SM,"KONTOR SPACE",94.76,68.10,12.18,0.00,3.33,167.50,58.40,115.13,245,4937473
2169,ESAFSFB,"ESAF SMALL FINANCE BANK L",33.73,29.10,11.83,0.92,3.33,47.65,24.31,69.19,250,5088769
2170,ITALIANE-SM,"ITALIAN EDIBLES",39.78,34.20,16.53,0.00,3.32,62.00,29.20,82.45,208,5797121
2171,NOIDATOLL-BE,"NOIDA TOLL BRIDGE CO",7.05,3.97,10.64,0.00,3.32,23.97,2.57,303.38,250,2870785
2172,ANDHRSUGAR,"ANDHRA SUGARS",82.82,81.50,9.81,0.88,3.32,110.49,65.10,54.81,250,34817
2173,SILVER360,"360ONEAMC - SILVER360",111.35,154.50,26.98,0.50,3.32,172.02,78.40,84.07,129,193574401
2174,CLEAN,"CLEAN SCIENCE & TECH",1321.62,1075.00,16.21,1.06,3.32,1640.00,1033.00,45.93,250,1292545
2175,TORNTPOWER,"TORRENT POWER",1453.83,1236.40,13.16,0.93,3.32,2037.00,1188.00,58.40,250,3529217
2176,JLHL,"JUPITER LIFE LINE HOSP L",1485.15,1509.00,17.23,1.13,3.31,1770.00,1266.00,33.94,250,4749569
2177,SHANTHALA-SM,"SHANTHALA FMCG PRODUCTS L",34.56,35.80,21.53,0.00,3.31,61.00,20.40,117.47,192,5056513
2178,GIRIRAJ-SM,"GIRIRAJ CIVIL DEVP",301.38,356.00,25.70,0.00,3.31,415.00,179.00,78.31,182,605441
2179,HATSUN,"HATSUN AGRO PRODUCT",969.00,880.95,16.97,0.95,3.31,1200.00,859.55,35.13,250,996353
2180,PRITIKA-SM,"PRITIKA ENG COMPO",85.26,90.45,12.05,0.00,3.31,105.00,66.50,45.16,245,3320577
2181,ITCHOTELS,"ITC HOTELS",209.67,215.88,11.37,0.88,3.31,261.62,155.10,50.80,174,7488257
2182,UNILEX-SM,"UNILEX COLOURS AND CHEM L",58.23,45.05,16.12,0.00,3.31,89.00,40.00,84.15,228,6562049
2183,J&KBANK,"J & K BANK",100.71,107.36,11.55,0.71,3.31,117.25,86.61,30.42,250,1442049
2184,TATSILV,"TATAAML-TATSILV",10.06,16.14,15.18,0.78,3.31,17.05,8.15,88.47,250,5485569
2185,ALKYLAMINE,"ALKYL AMINES CHEM.",1935.68,1845.10,13.33,1.12,3.30,2438.80,1508.00,48.09,250,1148673
2186,KEI,"KEI INDUSTRIES",3780.76,4275.00,15.86,1.09,3.30,4725.00,2424.00,60.86,250,3407361
2187,SEL-SM,"SUNGARNER ENERGIES",378.60,238.00,11.58,0.00,3.30,650.00,211.00,115.95,235,4675585
2188,FIDEL-SM,"FIDEL SOFTECH",165.65,175.00,24.81,0.00,3.30,234.00,109.00,75.46,233,2523649
2189,NIFTYQLITY,"BIRLASLAMC - NIFTYQLITY",21.09,21.64,13.56,0.52,3.30,24.67,18.30,30.21,250,2736641
2190,DIXON,"DIXON TECHNO (INDIA)",15763.41,17456.00,20.36,0.82,3.29,19148.90,12202.20,44.07,250,5552641
2191,TOP100CASE,"ZERODHA NIFTY LARGECAP 100 ETF",10.31,10.85,17.82,0.50,3.29,12.00,8.01,38.71,250,6164737
2192,GATEWAY,"GATEWAY DISTRIPARKS",70.56,62.50,21.59,1.26,3.29,98.91,56.85,59.61,250,2178561
2193,TTKHLTCARE,"TTK HEALTHCARE",1296.08,1148.10,10.40,0.42,3.29,1755.00,1101.05,50.46,250,2910465
2194,GLAND,"GLAND PHARMA",1718.40,1925.00,14.50,0.87,3.29,2131.00,1277.80,49.65,250,303617
2195,MASPTOP50,"MIRAEAMC - MASPTOP50",56.22,69.51,22.88,0.00,3.29,69.51,36.48,58.75,250,1480193
2196,MANAPPURAM,"MANAPPURAM FINANCE",223.62,285.15,12.22,0.57,3.29,298.00,138.35,71.39,250,4879617
2197,IGL,"INDRAPRASTHA GAS",203.14,216.05,15.38,1.02,3.29,271.00,153.05,58.06,250,2883073
2198,SAKUMA,"SAKUMA EXPORTS",3.23,2.49,10.14,0.00,3.29,4.99,2.35,81.70,250,3392257
2199,CAMS,"COMPUTER AGE MNGT SER",4095.34,3864.00,10.98,0.88,3.29,5367.50,3031.05,57.05,250,87553
2200,IMPAL,"IND MOTOR PART & ACC",1088.42,1066.00,15.78,0.61,3.29,1357.45,870.10,44.78,250,3074305
2201,DELTACORP,"DELTA CORP",96.90,79.30,17.74,0.85,3.28,131.45,76.66,56.54,250,3851265
2202,SPECTSTM-SM,"SPECTRUM TALENT MGMT",144.14,98.00,16.89,0.00,3.28,216.00,95.10,83.88,229,4320257
2203,VRLLOG,"VRL LOGISTICS",266.23,272.95,11.54,1.06,3.28,324.50,216.60,40.53,250,2226177
2204,NMSTEEL-SM,"NEWMALAYALAM STEEL",35.52,31.80,15.16,0.00,3.28,90.00,23.35,187.63,191,7373057
2205,YASHOPTICS-ST,"YASH OPTICS & LENS",91.42,128.90,18.40,0.00,3.28,153.50,72.60,88.49,244,6005249
2206,IOB,"INDIAN OVERSEAS BANK",43.93,40.25,16.61,0.94,3.28,59.94,33.50,60.19,250,2393089
2207,NCC,"NCC",236.63,211.20,13.45,0.75,3.28,326.45,170.05,66.09,250,593665
2208,IPCALAB,"IPCA LABORATORIES",1456.02,1333.00,14.03,1.08,3.28,1755.90,1168.20,40.36,250,418049
2209,STARHEALTH,"STAR HEALTH & AL INS CO L",439.84,477.05,12.10,1.04,3.27,571.95,327.30,55.62,250,1813249
2210,NESCO,"NESCO",1079.74,1363.10,12.97,1.04,3.27,1638.90,842.60,73.75,250,3944705
2211,ZTECH-SM,"Z-TECH (INDIA)",553.38,576.50,10.15,0.00,3.27,731.15,326.40,73.14,250,6137857
2212,NAZARA,"NAZARA TECHNOLOGIES",271.94,263.90,13.85,0.86,3.27,363.20,208.60,56.85,250,764673
2213,BHEL,"BHEL",230.38,240.00,10.99,1.03,3.27,275.55,176.00,43.21,250,112129
2214,CSBBANK,"CSB BANK",343.57,386.15,15.01,1.21,3.27,445.60,272.75,50.31,250,3831297
2215,GUJALKALI,"GUJARAT ALKALIES & CHEM",633.75,562.60,16.75,0.95,3.27,876.90,471.15,64.02,250,324353
2216,NTPCGREEN,"NTPC GREEN ENERGY",108.99,99.51,12.58,0.74,3.27,155.35,84.55,64.96,218,6957057
2217,DELHIVERY,"DELHIVERY",361.07,464.35,12.22,1.08,3.27,489.10,236.53,69.95,250,2457345
2218,SCHAEFFLER,"SCHAEFFLER INDIA",3679.56,4130.00,9.18,0.88,3.27,4392.00,2823.00,42.64,250,258817
2219,ABFRL,"ADITYA BIRLA FASHION & RT",159.02,83.15,11.20,1.07,3.27,267.55,70.55,123.88,250,7707649
2220,AKZOINDIA,"AKZO NOBEL INDIA",3536.33,3343.00,16.13,0.67,3.27,4674.00,3022.00,46.72,250,375553
2221,KPITTECH,"KPIT TECHNOLOGIES",1327.29,1154.90,14.64,0.82,3.26,1822.90,1020.60,60.45,250,2478849
2222,VINATIORGA,"VINATI ORGANICS",1759.81,1730.10,11.58,1.01,3.26,2085.00,1412.50,38.21,250,4445185
2223,PVRINOX,"PVR INOX",1132.93,1090.00,12.69,1.12,3.26,1658.20,830.00,73.10,250,3365633
2224,MASFIN,"MAS FINANCIAL SERV",282.10,307.40,10.85,1.03,3.26,350.45,220.06,46.22,250,50945
2225,PROPEQUITY-SM,"P. E. ANALYTICS",237.05,183.00,27.49,0.00,3.26,321.45,165.10,65.96,181,2236161
2226,CARBORUNIV,"CARBORUNDUM UNIVERSAL",1086.20,935.50,14.94,1.02,3.26,1536.75,809.10,66.99,250,152321
2227,UCOBANK,"UCO BANK",36.16,31.77,16.88,1.08,3.25,52.00,26.81,69.66,250,2873089
2228,THELEELA,"SCHLOSS BANGALORE",423.00,450.15,7.78,1.41,3.25,474.40,382.50,21.73,92,193795585
2229,GROWWPOWER,"GROWWAMC - GROWWPOWER",9.99,10.25,7.85,1.31,3.25,10.70,9.44,12.61,44,194090241
2230,MATRIMONY,"MATRIMONY.COM",575.60,514.90,14.05,0.69,3.25,849.90,487.00,63.05,250,5561857
2231,RUPA,"RUPA & COMPANY",219.99,199.48,7.76,0.57,3.25,293.40,173.55,54.48,250,6585345
2232,BIRLANU,"BIRLANU",2192.60,1919.00,20.32,1.08,3.25,2930.00,1605.05,60.43,250,372481
2233,EQUITASBNK,"EQUITAS SMALL FIN BNK",62.82,56.25,8.42,0.92,3.24,75.90,50.00,41.23,250,233729
2234,MAXHEALTH,"MAX HEALTHCARE INS",1122.72,1155.50,9.28,0.97,3.24,1314.30,888.90,37.89,250,5728513
2235,SKP-SM,"SKP BEARING INDUSTRI.",229.07,223.00,14.81,0.00,3.24,264.95,190.00,32.72,241,2643201
2236,ASTERDM,"ASTER DM HEALTHCARE",523.94,689.00,12.24,1.03,3.24,715.00,387.10,62.58,250,386049
2237,762GJ29-SG,"SDL GJ 7.62% 2029",100.00,100.00,3.24,3.24,3.24,100.00,96.76,3.24,1,2966785
2238,LAURUSLABS,"LAURUS LABS",656.86,877.20,20.36,0.98,3.24,944.00,440.45,76.66,250,4923905
2239,MONQ50,"MOTILALAMC - MONQ50",79.28,103.34,20.92,0.00,3.24,104.31,61.31,54.24,250,1900033
2240,ZYDUSWELL,"ZYDUS WELLNESS",388.43,454.90,11.36,1.25,3.24,530.90,298.60,59.80,250,4514561
2241,PERSISTENT,"PERSISTENT SYSTEMS",5619.87,5359.00,10.56,1.04,3.23,6788.90,4148.95,46.98,250,4701441
2242,INGERRAND,"INGERSOLL-RAND INDIA",3894.06,3985.00,18.65,0.82,3.23,4694.00,3055.00,42.09,250,408833
2243,ACCPL-SM,"ACCRETION PHARMA",65.04,58.70,9.59,0.00,3.23,82.95,57.00,39.90,99,193797377
2244,USASEEDS-ST,"UPSURGE SEEDS OF AGRI",143.59,180.60,16.72,0.00,3.23,220.10,91.50,89.56,206,2717953
2245,RAINBOW,"RAINBOW CHILDRENS MED",1456.93,1346.00,9.66,0.81,3.23,1709.60,1218.00,33.74,250,2408449
2246,KEL-SM,"KUNDAN EDIFICE",122.99,91.50,30.96,0.00,3.23,167.05,81.00,69.97,211,4789249
2247,HATHWAY,"HATHWAY CABLE & DATACOM",15.49,14.21,22.80,0.93,3.22,21.09,11.94,59.08,250,4647425
2248,BIRLACORPN,"BIRLA CORPORATION",1217.39,1188.00,14.61,0.00,3.22,1535.30,910.25,51.34,250,122881
2249,RELAXO,"RELAXO FOOT",518.40,436.55,12.54,0.68,3.22,811.55,390.35,81.25,250,6201601
2250,SONACOMS,"SONA BLW PRECISION FRGS L",524.41,433.15,11.12,0.97,3.22,744.90,380.00,69.58,250,1199105
2251,GANGABATH-SM,"GANGA BATH FITTINGS",29.77,24.50,15.14,0.00,3.22,59.00,23.05,120.75,79,193926401
2252,DRONE-SM,"DRONE DESTINATION",137.92,66.50,11.06,0.00,3.22,239.00,64.55,126.48,250,4447233
2253,SPPPOLY-SM,"SPP POLYMER",24.46,16.65,22.87,0.00,3.21,45.50,13.25,131.85,222,6478337
2254,TRENT,"TRENT",5792.87,4679.00,11.37,0.81,3.21,8345.00,4488.00,66.58,250,502785
2255,MGL,"MAHANAGAR GAS",1348.98,1294.90,12.90,0.99,3.21,1909.80,1075.25,61.87,250,4488705
2256,FORTIS,"FORTIS HEALTHCARE",734.71,1059.50,9.65,1.31,3.21,1072.55,572.00,68.13,250,3735553
2257,ZFCVINDIA,"ZF COM VE CTR SYS IND",12827.61,13299.00,12.43,0.77,3.21,15779.00,9561.00,48.47,250,4330241
2258,NATCOPHARM,"NATCO PHARMA",1037.32,842.10,14.40,0.77,3.21,1505.00,726.80,75.02,250,1003009
2259,TVTODAY,"TV TODAY NETWORK",175.82,147.10,14.76,0.83,3.21,237.88,139.92,55.72,250,2886401
2260,UNIPARTS,"UNIPARTS INDIA",380.29,474.90,17.79,0.95,3.20,496.00,296.65,52.42,250,3342593
2261,HOACFOODS-SM,"HOAC FOODS INDIA",170.10,250.00,14.34,0.00,3.20,277.65,105.00,101.50,231,6098433
2262,VR-SM,"V R INFRASPACE",249.68,204.50,38.40,0.00,3.20,345.00,164.00,72.49,181,5892609
2263,HAPPYFORGE,"HAPPY FORGINGS",950.10,929.00,11.64,0.76,3.20,1191.05,724.10,49.15,250,5338625
2264,NH,"NARAYANA HRUDAYALAYA",1604.56,1773.00,15.38,1.06,3.20,2370.20,1185.00,73.86,250,3031041
2265,FINEORG,"FINE ORGANIC IND.",4623.01,4636.10,11.51,1.15,3.20,5494.00,3407.00,45.14,250,958465
2266,SFL,"SHEELA FOAM",763.28,678.20,8.69,0.76,3.20,1058.70,618.75,57.64,250,4911105
2267,OBEROIRLTY,"OBEROI REALTY",1796.62,1595.50,11.19,1.07,3.20,2343.65,1451.95,49.63,250,5181953
2268,XCHANGING,"XCHANGING SOLUTIONS",98.08,86.00,13.13,1.09,3.20,122.50,79.44,43.90,250,2996481
2269,MIDCAPETF,"MIRAEAMC - MAM150ETF",20.94,22.11,16.96,0.63,3.20,23.50,16.00,35.82,250,2153729
2270,HGS,"HINDUJA GLOBAL SOLS.",585.53,494.05,12.49,0.73,3.19,800.90,437.00,62.15,250,3766273
2271,ICRA,"ICRA",6304.31,6248.50,13.69,0.70,3.19,7735.40,5015.10,43.15,250,3717889
2272,1015SCL28-NR,"1015SCL28-NR",928.24,935.00,16.07,0.00,3.19,1119.00,785.20,35.96,14,5146113
2273,METROPOLIS,"METROPOLIS HEALTHCARE",1899.23,1995.00,13.70,1.25,3.19,2318.30,1315.00,52.83,250,2452737
2274,JUNIORBEES,"NIP IND ETF JUNIOR BEES",712.83,736.00,9.10,0.65,3.19,828.85,595.00,32.81,250,2800385
2275,AONETOTAL,"AONEAMC - AONETOTAL",11.38,11.81,12.32,0.70,3.19,12.41,9.63,24.43,149,7673601
2276,MEDANTA,"GLOBAL HEALTH",1197.97,1350.00,17.48,1.19,3.19,1456.50,992.85,38.70,250,3060737
2277,NAVINFLUOR,"NAVIN FLUORINE INT.",4194.12,4731.00,11.16,1.00,3.19,5444.00,3180.00,53.98,250,3756033
2278,FEL-BZ,"FUTURE ENTERPRISES",0.62,0.55,5.77,0.00,3.19,0.82,0.50,51.29,250,3535873
2279,STARPAPER,"STAR PAPER MILLS",180.32,167.15,17.03,0.74,3.18,241.92,149.51,51.25,250,842497
2280,INDIGOPNTS,"INDIGO PAINTS",1201.70,1051.70,8.74,0.45,3.18,1720.30,910.00,67.43,250,524289
2281,BRIGHOTEL,"BRIGADE HOTEL VENTURE",83.84,81.23,8.46,1.11,3.18,91.77,77.43,17.10,49,193995265
2282,RAIN,"RAIN INDUSTRIES",148.73,130.98,9.94,1.16,3.18,197.00,117.06,53.75,250,3926273
2283,AMIABLE-SM,"AMIABLE LOGISTICS (I)",79.88,65.00,28.62,0.00,3.18,110.00,59.90,62.72,132,3056385
2284,LINDEINDIA,"LINDE INDIA",6594.44,6189.00,16.74,0.84,3.18,8499.00,5242.40,49.38,250,416513
2285,ANURAS,"ANUPAM RASAYAN INDIA",888.95,1122.20,19.51,0.66,3.18,1197.00,601.00,67.05,250,724225
2286,GPPL,"GUJARAT PIPAVAV PORT",156.33,162.00,9.73,0.91,3.17,210.66,119.21,58.50,250,5051137
2287,JYOTHYLAB,"JYOTHY LABS",370.88,314.00,15.08,0.80,3.17,545.00,300.10,66.03,250,3877377
2288,MHRIL,"MAHINDRA HOLIDAYS",345.56,345.70,12.48,1.03,3.17,397.70,259.00,40.14,250,4437249
2289,INOXINDIA,"INOX INDIA",1107.61,1196.20,13.39,1.02,3.17,1288.00,884.20,36.46,250,5275393
2290,CENTRALBK,"CENTRAL BANK OF INDIA",44.12,38.10,16.59,0.94,3.17,61.90,32.75,66.07,250,3812865
2291,TCIEXP,"TCI EXPRESS",762.04,686.80,8.83,0.93,3.17,1050.70,601.00,59.01,250,4921089
2292,DIVOPPBEES,"NIP IND ETF DIV OPP",78.48,78.78,7.71,0.85,3.17,89.65,68.30,27.21,250,674817
2293,IRB,"IRB INFRA DEV",49.14,43.50,10.54,1.18,3.17,61.99,40.51,43.72,250,3920129
2294,CESC,"CESC",163.39,170.41,7.37,0.88,3.17,197.85,119.00,48.26,250,160769
2295,TRIDENT,"TRIDENT",30.24,28.36,17.17,0.94,3.16,40.20,23.11,56.52,250,2479361
2296,CELLO,"CELLO WORLD",648.14,599.00,11.19,1.21,3.15,900.00,494.75,62.53,250,5067521
2297,JKTYRE,"JK TYRE & INDUSTRIES",347.04,382.05,16.63,0.74,3.15,424.00,243.00,52.16,250,3695361
2298,IPHL-SM,"INDIAN PHOSPHATE",66.16,50.00,13.12,0.00,3.15,117.90,42.40,114.12,247,6408449
2299,SIGNATURE,"SIGNATUREGLOBAL INDIA",1205.22,1029.90,10.95,0.84,3.15,1564.40,988.00,47.83,250,4798209
2300,VEEDOL,"VEEDOL CORPORATION",1669.79,1865.00,22.17,0.94,3.15,2175.05,1305.00,52.11,250,3588865
2301,PLADAINFO-SM,"PLADA INFOTECH SERVICES L",22.40,17.30,20.25,0.00,3.15,32.95,16.00,75.67,132,4989953
2302,IEX,"INDIAN ENERGY EXC",172.89,139.86,28.42,1.02,3.15,215.40,130.26,49.25,250,56321
2303,RITEZONE-SM,"RITE ZONE CHEMCON IND",33.42,24.00,29.77,0.00,3.15,64.00,19.85,132.11,142,3048961
2304,HOLMARC-SM,"HOLMARC OPTO MECHATRO L",144.25,105.85,17.55,0.00,3.14,214.00,100.30,78.82,236,4774145
2305,GROWWLOVOL,"GROWWAMC - GROWWLOVOL",10.19,10.46,15.00,0.88,3.14,11.50,9.00,24.53,81,194124801
2306,AMBIKCO,"AMBIKA COTTON MILL",1466.76,1415.00,13.96,0.80,3.14,1754.30,1242.80,34.87,250,3899905
2307,INDIACEM,"THE INDIA CEMENTS",337.73,392.30,16.89,0.21,3.14,412.80,238.85,51.51,250,387841
2308,SOLARINDS,"SOLAR INDUSTRIES (I)",12420.80,14120.00,12.24,1.01,3.14,17820.00,8482.50,75.18,250,3412993
2309,OFSS,"ORACLE FIN SERV SOFT",9310.07,9201.00,10.92,1.14,3.14,12809.50,6819.50,64.34,250,2748929
2310,SAVY-SM,"SAVY INFRA AND LOGI",138.11,138.25,11.07,0.00,3.13,152.00,121.00,22.45,52,193972225
2311,SJVN,"SJVN",99.33,90.15,8.75,0.88,3.13,124.50,80.54,44.26,250,4834049
2312,GAJANAND-SM,"GAJANAND INTERNATIONAL L",15.36,11.60,19.25,0.00,3.13,24.45,9.65,96.37,206,6462465
2313,SHREDIGCEM,"SHREE DIGVIJAY CEM CO",81.89,89.25,14.12,0.62,3.13,107.70,63.55,53.91,250,793345
2314,MANKIND,"MANKIND PHARMA",2523.05,2460.00,9.08,0.93,3.13,3054.80,2115.10,37.24,250,3937281
2315,NAVNETEDUL,"NAVNEET EDUCATION",143.31,157.04,12.31,0.52,3.13,168.50,127.51,28.60,250,610561
2316,SIEMENS,"SIEMENS",3938.50,3150.00,22.65,0.95,3.13,6193.35,2450.00,95.05,250,806401
2317,AWL,"AWL AGRI BUSINESS",277.25,268.55,11.12,0.85,3.13,352.80,231.55,43.73,250,2076161
2318,NEXT50IETF,"ICICIPRAMC - ICICINXT50",69.59,72.07,10.10,0.69,3.13,81.37,58.70,32.58,250,1159425
2319,GESHIP,"THE GE SHPG.LTD",992.20,1047.00,10.87,1.06,3.13,1365.00,797.50,57.20,250,3526657
2320,TEJASCARGO-ST,"TEJAS CARGO INDIA",211.19,284.15,20.15,0.00,3.12,327.00,141.05,88.05,131,7609857
2321,TIRUPATIFL,"TIRUPATI FORGE",42.64,41.70,13.65,0.00,3.12,72.88,28.21,104.77,250,5704193
2322,LICNMID100,"LICNAMC - LICNMID100",57.01,58.74,18.21,0.51,3.12,67.50,46.03,37.66,250,5816833
2323,TIMKEN,"TIMKEN INDIA",3033.18,2984.60,13.08,1.00,3.12,3873.40,2202.00,55.10,250,3634689
2324,METAL,"MIRAEAMC - METAL",9.12,10.32,14.18,0.53,3.12,11.50,7.73,41.34,250,6590465
2325,UFLEX,"UFLEX",552.58,556.50,11.41,0.82,3.12,718.20,438.00,50.71,250,269569
2326,SATIPOLY-SM,"SATI POLY PLAST",126.10,62.65,22.09,0.00,3.11,268.70,60.15,165.38,226,6273025
2327,RATNAMANI,"RATNAMANI MET & TUB",2854.59,2341.00,10.87,1.01,3.11,3769.65,2256.00,53.03,250,3443457
2328,AETHER,"AETHER INDUSTRIES",810.36,750.00,12.90,0.82,3.11,977.70,725.00,31.18,250,2511361
2329,CHAMBLFERT,"CHAMBAL FERTILIZERS",547.75,498.30,7.66,1.07,3.11,742.20,443.20,54.59,250,163073
2330,ASPIRE-SM,"ASPIRE & INNOVATIVE ADV L",37.37,21.15,18.00,0.00,3.10,83.00,19.75,169.28,205,5989377
2331,SULA,"SULA VINEYARDS",324.66,258.05,11.50,0.91,3.10,460.70,243.00,67.05,250,3383809
2332,NAUKRI,"INFO EDGE (I)",1476.50,1334.00,10.08,0.74,3.10,1826.00,1157.00,45.31,250,3520257
2333,GALAXYSURF,"GALAXY SURFACTANTS",2450.84,2259.60,9.43,0.97,3.10,3148.00,2020.55,46.00,250,336641
2334,KARURVYSYA,"KARUR VYSYA BANK",194.26,226.40,9.13,1.03,3.10,231.25,154.60,39.46,250,470529
2335,SBIBPB,"SBIAMC - SBIBPB",40.17,44.88,22.14,0.49,3.10,48.80,34.37,35.92,134,7754241
2336,JKLAKSHMI,"JK LAKSHMI CEMENT",834.69,849.45,11.19,0.97,3.10,1021.20,660.50,43.21,250,3453697
2337,BULKCORP-ST,"BULKCORP INTERNATIONAL L",81.01,75.00,23.81,0.00,3.09,125.85,50.55,92.96,184,6324225
2338,KONSTELEC-SM,"KONSTELEC ENGINEERS",91.71,62.40,15.17,0.00,3.09,184.90,57.00,139.46,246,5752833
2339,SHRIRAMFIN,"SHRIRAM FINANCE",623.59,665.00,10.78,0.76,3.09,717.50,493.35,35.95,250,1102337
2340,CBAZAAR-SM,"NET AVENUE TECHNOLOGIES L",8.34,3.85,20.45,0.00,3.09,17.45,3.75,164.27,175,5223937
2341,JSWINFRA,"JSW INFRASTRUCTURE",299.83,307.35,9.29,0.88,3.09,349.00,218.20,43.63,250,4869121
2342,KAJARIACER,"KAJARIA CERAMICS",1082.35,1240.00,10.40,1.07,3.09,1416.90,758.70,60.81,250,462849
2343,MOTHERSON,"SAMVRDHNA MTHRSN INTL",100.39,104.15,8.98,1.16,3.08,143.91,71.50,72.13,250,1076225
2344,AARTIIND,"AARTI INDUSTRIES",431.73,377.95,9.80,0.83,3.08,541.65,344.20,45.73,250,1793
2345,RADIOWALLA-SM,"RADIOWALLA NETWORK",83.77,66.00,24.91,0.00,3.08,128.60,53.85,89.23,218,6001153
2346,BALMLAWRIE,"BALMER LAWRIE & CO",202.35,205.80,8.40,0.76,3.08,255.73,141.31,56.55,250,86529
2347,SHUBHLAXMI-SM,"SHUBHLAXMI JEWEL ART",21.85,15.70,9.92,0.00,3.08,36.65,13.35,106.62,197,1651457
2348,WONDERLA,"WONDERLA HOLIDAYS",700.61,588.00,12.05,0.85,3.07,947.40,552.50,56.37,250,768513
2349,LOWVOL1,"KOTAKMAMC - KOTAKLOVOL",20.28,21.22,9.83,0.42,3.07,22.00,18.16,18.93,250,2209793
2350,CYIENT,"CYIENT",1439.09,1176.00,21.73,1.02,3.07,2112.00,1084.05,71.43,250,1471489
2351,COFORGE,"COFORGE",1672.61,1718.50,9.94,0.92,3.06,2005.50,1194.00,48.52,250,2955009
2352,ANSALAPI-BZ,"ANSAL PROP & INFRA",6.02,4.52,10.33,0.00,3.06,13.15,3.52,159.84,207,5037313
2353,NIF100IETF,"ICICI PRUD NIFTY 100 ETF",27.53,28.69,20.79,0.52,3.06,32.70,23.85,32.15,250,7780353
2354,SHREEJISPG,"SHREEJI SHIPPING GLOBAL L",248.85,245.00,9.68,0.38,3.06,275.00,222.00,21.30,32,194418689
2355,NYKAA,"FSN E COMMERCE VENTURES",192.80,265.51,11.68,1.14,3.06,268.25,154.90,58.79,250,1675521
2356,FDC,"FDC",467.98,455.80,10.23,0.91,3.06,569.95,366.25,43.53,250,1253889
2357,GSPL,"GUJARAT STATE PETRO",330.55,320.00,10.16,1.07,3.06,415.95,261.45,46.74,250,3378433
2358,APTUS,"APTUS VALUE HSG FIN I",321.77,318.80,9.41,1.15,3.06,401.65,267.95,41.55,250,1391361
2359,TRU,"TRUCAP FINANCE",13.99,10.44,10.52,0.00,3.06,29.00,6.61,160.08,250,2400769
2360,SHRITECH-SM,"SHRI TECHTEX",74.38,64.90,14.35,0.00,3.05,95.50,56.00,53.11,220,4527105
2361,NUVOCO,"NUVOCO VISTAS CORP",364.67,432.95,11.30,1.06,3.05,477.50,287.05,52.22,250,1389057
2362,BAYERCROP,"BAYER CROPSCIENCE",5485.16,5000.00,10.82,0.89,3.05,6912.25,4217.45,49.13,250,4589313
2363,ROUTE,"ROUTE MOBILE",1101.55,759.90,12.16,0.98,3.05,1607.70,758.20,77.12,250,32769
2364,MHHL-SM,"MOHINI HEALTH&HYGIENE",57.79,49.95,20.04,0.00,3.05,86.90,46.00,70.77,223,365057
2365,EVIETF,"ICICIPRAMC - EVIETF",29.55,31.34,20.85,0.74,3.05,33.75,23.56,34.49,124,193505537
2366,ROYALARC-SM,"ROYAL ARC ELECTRODES",152.67,153.00,19.03,0.00,3.05,187.80,114.25,48.18,135,7610113
2367,IRFC,"INDIAN RAILWAY FIN CORP L",135.23,126.45,11.59,0.90,3.04,166.90,108.04,43.52,250,519425
2368,VELS-SM,"VELS FILM INTERNATIONAL L",63.42,53.85,10.25,0.00,3.04,94.50,35.15,93.58,186,3735041
2369,GSFC,"GUJ STATE FERT & CHEM",195.74,193.99,9.34,1.04,3.04,226.04,154.60,36.50,250,319233
2370,HINDPETRO,"HINDUSTAN PETROLEUM CORP",380.75,452.90,9.49,0.72,3.04,465.20,280.20,48.59,250,359937
2371,PARAGON-SM,"PARAGON FINE S.C.",79.97,56.30,13.24,0.00,3.04,157.40,52.00,131.79,244,5063425
2372,CAPITALSFB,"CAPITAL SMALL FIN BANK L",289.23,277.00,9.50,0.79,3.04,330.65,250.00,27.88,250,5804801
2373,LAMOSAIC-SM,"LAMOSAIC INDIA",53.50,36.85,10.91,0.00,3.03,172.20,34.00,258.30,215,6967809
2374,EMKAY-BE,"EMKAY GLOBAL FIN SERV",252.73,333.25,21.15,0.00,3.03,409.90,168.00,95.71,250,3436545
2375,HDFCMID150,"HDFCAMC - HDFCMID150",20.80,21.92,22.07,0.70,3.03,22.97,17.51,26.26,250,3644417
2376,AARVEEDEN-BE,"AARVEE DEN. & EXP.",132.46,151.50,9.42,0.00,3.02,196.95,41.25,117.54,250,3526401
2377,HYUNDAI,"HYUNDAI MOTOR INDIA",1960.55,2403.50,9.30,0.78,3.02,2890.00,1541.70,68.77,242,6616065
2378,PTC,"PTC INDIA",169.03,165.00,10.66,0.69,3.02,207.00,127.69,46.92,250,2906881
2379,VBL,"VARUN BEVERAGES",528.37,443.85,9.08,0.80,3.02,663.60,419.55,46.19,250,4843777
2380,BSLSENETFG,"BIRLASLAMC - BSLSENETFG",79.05,82.24,22.70,0.52,3.02,85.76,61.47,30.73,250,1524993
2381,SITINET-BZ,"SITI NETWORKS",0.63,0.48,6.12,0.00,3.02,0.95,0.46,78.30,250,7477761
2382,AMJUMBO-SM,"A AND M JUMBO BAGS",8.96,8.20,34.83,0.00,3.02,14.45,5.75,97.12,65,346369
2383,CHOLAFIN,"CHOLAMANDALAM IN & FIN CO",1444.70,1613.90,8.82,0.90,3.01,1684.40,1168.00,35.74,250,175361
2384,BLUEDART,"BLUE DART EXPRESS",6589.47,5500.00,10.31,0.78,3.01,9034.95,5365.00,55.69,250,126721
2385,LTF,"L&T FINANCE",173.77,256.00,9.64,0.89,3.01,264.70,129.20,77.98,250,6386689
2386,VGUARD,"V-GUARD IND",383.16,348.00,8.50,0.95,3.01,454.55,300.00,40.34,250,3932673
2387,SGFIN,"SG FINSERVE",376.65,366.90,6.69,1.03,3.01,412.00,339.90,19.14,46,194266369
2388,MAPMYINDIA,"C.E. INFO SYSTEMS",1762.37,1695.80,16.26,0.49,3.01,2203.95,1513.00,39.21,250,1850113
2389,VITAL-SM,"VITAL CHEMTECH",67.19,58.25,17.38,0.00,3.01,80.90,48.10,48.82,241,3051521
2390,SAIL,"STEEL AUTHORITY OF INDIA",120.35,131.70,8.30,1.04,3.01,139.98,99.15,33.93,250,758529
2391,PSPPROJECT,"PSP PROJECTS",676.33,766.00,13.57,0.44,3.00,843.45,565.40,41.11,250,5344513
2392,INM-SM,"INTERIORS & MORE",424.86,612.00,18.79,0.00,3.00,651.25,284.50,86.32,220,5829121
2393,GMMPFAUDLR,"GMM PFAUDLER",1187.67,1060.00,9.44,0.95,3.00,1477.50,991.10,40.95,250,401921
2394,UNIONBANK,"UNION BANK OF INDIA",123.84,139.34,9.88,0.42,3.00,153.45,97.51,45.17,250,2752769
2395,VOLTAS,"VOLTAS",1447.39,1417.00,14.86,0.91,3.00,1902.00,1135.00,52.99,250,951809
2396,MAHABANK,"BANK OF MAHARASHTRA",52.63,57.57,13.86,0.87,2.99,59.85,42.00,33.92,250,2912513
2397,CASTROLIND,"CASTROL INDIA",207.36,200.54,10.02,0.52,2.99,251.95,162.60,43.09,250,320001
2398,GOLD360,"360ONEAMC - GOLD360",98.50,119.10,23.17,0.21,2.99,139.90,78.20,62.64,142,7706881
2399,IRIS-BE,"IRIS BUSINESS SERV",366.87,314.40,10.46,0.00,2.99,577.00,228.05,95.12,250,1664257
2400,MPHASIS,"MPHASIS",2692.00,2782.90,10.76,1.01,2.98,3174.50,2004.50,43.46,250,1152769
2401,ESCORTS,"ESCORTS KUBOTA",3401.44,3615.00,15.83,0.90,2.98,4180.00,2776.40,41.26,250,245249
2402,PARAMOUNT-SM,"PARAMOUNT DYE TEC",68.08,54.20,18.42,0.00,2.98,101.40,46.25,81.00,220,6583297
2403,ABCAPITAL,"ADITYA BIRLA CAPITAL",219.38,293.70,10.58,1.23,2.98,307.80,149.01,72.38,250,5533185
2404,BIOCON,"BIOCON",351.14,352.65,7.16,0.99,2.97,406.00,291.00,32.75,250,2911489
2405,CIEINDIA,"CIE AUTOMOTIVE INDIA",440.27,422.00,14.78,1.03,2.97,558.00,356.75,45.71,250,3823873
2406,LMW,"LMW",15882.14,14702.00,8.19,0.96,2.97,18250.00,13450.05,30.22,250,506625
2407,GLENMARK,"GLENMARK PHARMACEUTICALS",1660.12,1938.40,10.00,1.09,2.97,2284.80,1275.50,60.80,250,1895937
2408,RECLTD,"REC",434.88,373.10,9.20,0.80,2.97,573.30,348.60,51.67,250,3930881
2409,JKCEMENT,"JK CEMENT",5330.48,6605.00,10.00,0.69,2.97,7565.50,3891.45,68.93,250,3397121
2410,HOMESFY-SM,"HOMESFY REALTY",393.58,219.90,11.74,0.00,2.97,545.90,200.45,87.77,197,3462657
2411,CUB,"CITY UNION BANK",184.69,215.10,11.39,0.93,2.97,232.55,142.91,48.53,250,1459457
2412,ARE&M,"AMARA RAJA ENERGY MOB",1072.33,1006.00,13.84,0.86,2.96,1422.55,832.30,55.04,250,25601
2413,PROLIFE-SM,"PROLIFE INDUSTRIES",216.66,115.00,15.07,0.00,2.96,361.00,106.80,117.33,177,4954113
2414,CPSEETF,"CPSE ETF",89.02,93.55,14.82,0.80,2.96,98.80,74.90,26.85,250,595969
2415,LOWVOLIETF,"ICICI PR NIF LW VL 30 ETF",21.38,22.46,10.05,0.53,2.96,23.75,19.03,22.08,250,5441025
2416,SUMEETINDS-BE,"SUMEET IND",24.98,33.89,17.04,0.00,2.96,40.15,10.66,118.07,79,5323265
2417,PFC,"POWER FIN CORP",423.25,404.30,8.42,0.71,2.96,523.90,357.25,39.37,250,3660545
2418,BORANA,"BORANA WEAVES",223.42,229.00,10.06,0.00,2.95,267.00,211.00,25.06,96,194027265
2419,SHEETAL-SM,"SHEETAL UNIVERSAL",97.89,143.00,18.50,0.00,2.95,145.00,59.15,87.70,250,5226241
2420,ISHAN-SM,"ISHAN INTERNATIONAL",1.40,0.85,11.11,0.00,2.95,2.75,0.85,135.38,230,2814721
2421,BANARISUG,"BANNARI AMMAN SUGARS",3722.66,3492.00,13.68,0.26,2.95,4444.00,3000.30,38.78,250,89601
2422,INDUSINDBK,"INDUSIND BANK",887.91,763.50,24.61,0.85,2.95,1374.45,606.00,86.55,250,1346049
2423,ADANIENT,"ADANI ENTERPRISES",2467.97,2543.70,17.60,0.89,2.95,3211.00,2025.00,48.06,250,6401
2424,INDUSTOWER,"INDUS TOWERS",361.52,354.30,9.33,1.16,2.95,430.00,312.55,32.49,250,7458561
2425,PARTYCRUS-SM,"PARTY CRUISERS",98.21,74.70,19.11,0.00,2.94,140.00,65.15,76.22,236,665345
2426,GAYAHWS-BE,"GAYATRI HIGHWAYS",1.60,3.68,10.78,0.00,2.94,4.76,0.74,251.71,202,946945
2427,ATUL,"ATUL",6691.04,6024.50,11.45,1.05,2.94,8180.00,4752.00,51.23,250,67329
2428,SAROJA-ST,"SAROJA PHARMA INDUS IND L",47.15,45.85,19.32,0.00,2.94,61.95,34.00,59.28,133,4739329
2429,SIS,"SIS",354.88,326.85,8.93,1.02,2.94,411.85,287.90,34.93,250,5504257
2430,SAMAY-SM,"SAMAY PROJECT SERVICES L",33.55,34.00,11.61,0.00,2.94,37.50,28.80,25.93,73,193753089
2431,SANGHIIND,"SANGHI INDUSTRIES",65.42,64.40,9.04,0.78,2.94,90.99,50.58,61.77,250,767233
2432,BGRENERGY-BE,"BGR ENERGY SYSTEMS",111.01,335.58,13.83,0.00,2.94,335.58,34.50,271.21,250,3889409
2433,PANACHE-BE,"PANACHE DIGILIFE",252.26,446.00,16.36,0.00,2.93,472.15,159.60,123.90,250,4186881
2434,BSOFT,"BIRLASOFT",459.34,359.60,8.57,0.84,2.93,624.35,331.00,63.86,250,1790465
2435,GICHSGFIN,"GIC HOUSING FINANCE",188.91,173.39,8.65,0.89,2.93,229.50,156.01,38.90,250,291585
2436,INDIANB,"INDIAN BANK",579.62,775.00,11.65,0.84,2.93,779.70,462.10,54.79,250,3663105
2437,BANDHANBNK,"BANDHAN BANK",164.58,168.50,9.30,0.79,2.92,211.80,128.16,50.82,250,579329
2438,TIRUPATI-SM,"SHREE TIRUPATI BALAJEE",738.19,702.00,17.32,0.00,2.92,999.85,452.95,74.09,170,5598209
2439,CERA,"CERA SANITARYWARE",6548.87,5956.00,10.96,1.05,2.92,8050.60,5060.05,45.67,250,3849985
2440,MOSILVER,"MOTILALAMC - MOSILVER",130.12,160.05,9.26,0.00,2.92,164.55,112.32,40.14,38,194164993
2441,ARISTO-SM,"ARISTO BIO T AND LIFESC L",127.91,130.10,34.29,0.00,2.92,164.00,84.55,62.12,176,3565057
2442,SUNDRMFAST,"SUNDRAM FASTENERS",1043.02,999.60,10.01,1.27,2.91,1497.55,831.15,63.89,250,856321
2443,IDEALTECHO-ST,"IDEAL TECHNOPLAST IND",142.14,191.45,17.42,0.00,2.91,221.00,88.00,93.57,218,6388737
2444,LEMERITE-SM,"LE MERITE EXPORTS",303.59,474.90,8.15,0.00,2.91,479.80,193.00,94.47,250,2399233
2445,GROWWEV,"GROWWAMC - GROWWEV",29.34,31.15,20.24,0.75,2.91,35.55,23.00,42.78,250,6348289
2446,JUBLFOOD,"JUBILANT FOODWORKS",662.88,602.45,12.74,0.93,2.91,796.75,558.25,35.98,250,4632577
2447,CADSYS-SM,"CADSYS (INDIA)",90.52,71.50,10.49,0.00,2.90,162.80,55.05,119.03,210,5586689
2448,ODIGMA-BE,"ODIGMA CONSULTANCY SOL L",46.28,40.86,10.60,0.00,2.90,150.00,29.05,261.34,207,7059201
2449,ABSLPSE,"BIRLASLAMC-ABSLPSE",9.77,10.15,14.65,0.79,2.90,11.04,8.00,31.12,250,6094337
2450,BANKINDIA,"BANK OF INDIA",108.04,126.75,7.52,0.77,2.90,129.45,86.90,39.39,250,1214721
2451,UTISXN50,"UTIAMC - UTISXN50",86.51,91.05,22.54,0.52,2.89,102.25,66.72,41.07,250,2347009
2452,NMDC,"NMDC",69.35,77.11,8.26,1.03,2.89,80.06,57.70,32.24,250,3924993
2453,TTKPRESTIG,"TTK PRESTIGE",703.72,635.10,12.99,0.63,2.89,930.95,582.45,49.52,250,907777
2454,MSUMI,"MOTHERSON SUMI WRNG IND L",39.76,44.54,10.36,0.84,2.88,50.54,30.72,49.85,250,2200577
2455,VISAMAN-ST,"VISAMAN GLOBAL SALES",61.18,120.85,24.42,0.00,2.88,123.30,34.00,145.96,156,6214913
2456,JBCHEPHARM,"J B CHEMICALS AND PHARMA",1712.59,1676.00,10.45,0.73,2.88,1984.00,1385.75,34.93,250,441857
2457,SHIGAN-SM,"SHIGAN QUANTUM TECH",90.74,65.75,20.02,0.00,2.88,134.00,61.50,79.89,206,2148865
2458,APLAPOLLO,"APL APOLLO TUBES",1602.01,1737.20,10.57,0.89,2.88,1936.00,1272.70,41.40,250,6599681
2459,MOSMALL250,"MOTILALAMC - MOSMALL250",16.69,17.20,11.82,0.60,2.87,19.00,13.22,34.63,250,5934337
2460,HINDZINC,"HINDUSTAN ZINC",457.04,496.85,8.27,0.82,2.87,575.40,378.15,43.16,250,364545
2461,LALPATHLAB,"DR. LAL PATH LABS",2936.90,3090.00,11.64,1.21,2.87,3653.95,2293.55,46.32,250,2983425
2462,POLYCAB,"POLYCAB INDIA",6429.38,7728.00,15.90,0.99,2.86,7794.50,4555.00,50.39,250,2455041
2463,RAMCOCEM,"THE RAMCO CEMENTS",976.84,1019.00,8.87,1.19,2.86,1209.00,788.20,43.08,250,523009
2464,GUJGASLTD,"GUJARAT GAS",461.20,429.95,8.86,0.82,2.85,605.35,360.25,53.14,250,2713345
2465,ARVINDPORT-SM,"ARVIND PORT AND INFRA",69.46,49.00,10.45,0.00,2.85,120.00,44.50,108.69,237,5012225
2466,902SCL28-N1,"902SCL28-N1",956.87,965.00,14.18,0.00,2.85,995.00,821.85,18.10,16,7740929
2467,INDIAMART,"INDIAMART INTERMESH",2365.85,2380.00,17.20,0.89,2.85,3127.60,1900.10,51.88,250,2745857
2468,RHFL-BZ,"RELIANCE HOME FINANCE",4.11,3.95,11.45,0.00,2.85,7.78,2.15,136.97,232,194356225
2469,GRAPHISAD-SM,"GRAPHISADS",49.97,35.00,10.53,0.00,2.84,80.50,31.30,98.47,230,5236225
2470,BABAFP-SM,"BABA FOOD PROCESSING",46.70,34.75,14.39,0.00,2.84,63.50,34.55,62.00,223,5156097
2471,BHARATFORG,"BHARAT FORGE",1226.74,1222.70,8.38,0.92,2.84,1526.90,919.10,49.55,250,108033
2472,HDFCNIF100,"HDFCAMC - HDFCNIF100",25.45,26.56,20.05,0.61,2.84,29.00,21.15,30.84,250,2722049
2473,CUMMINSIND,"CUMMINS INDIA",3319.84,3957.90,9.28,0.96,2.84,4168.70,2580.00,47.85,250,486657
2474,HRHNEXT-SM,"HRH NEXT SERVICES",65.51,33.65,10.53,0.00,2.84,125.60,28.75,147.84,209,5403393
2475,MOREALTY,"MOTILALAMC - MOREALTY",93.58,89.75,9.55,0.96,2.84,113.50,77.00,39.00,250,5935105
2476,AISL-SM,"ANI INTEGRATED SERV",123.49,94.50,10.16,0.00,2.84,207.75,77.00,105.88,185,123393
2477,PHARMABEES,"NIPPONAMC - NETFPHARMA",22.35,22.80,12.28,0.87,2.83,24.65,19.47,23.18,250,1273089
2478,HAL,"HINDUSTAN AERONAUTICS",4373.09,4832.00,9.83,0.90,2.83,5165.00,3046.05,48.45,250,589569
2479,HPTL-ST,"HP TELECOM INDIA",172.17,280.00,18.29,0.00,2.83,327.40,101.05,131.47,128,7649025
2480,SUNTV,"SUN TV NETWORK",634.69,578.65,14.63,0.86,2.83,817.95,518.05,47.25,250,3431425
2481,JSWCEMENT,"JSW CEMENT",147.43,140.65,6.98,1.16,2.83,162.15,135.90,17.80,39,194165761
2482,IIFLHF29-NE,"IIFLHF29-NE",1181.31,1310.00,23.01,0.00,2.83,1363.00,930.00,36.65,38,1964545
2483,JINDALSTEL,"JINDAL STEEL",933.82,1014.00,9.28,1.13,2.83,1087.60,723.35,39.01,250,1723649
2484,AAVAS,"AAVAS FINANCIERS",1762.37,1635.00,17.73,0.61,2.83,2234.00,1516.90,40.69,250,1378561
2485,MOHEALTH,"MOTILALAMC - MOHEALTH",43.55,45.16,10.17,0.73,2.82,47.57,37.93,22.14,250,2690049
2486,ESABINDIA,"ESAB INDIA",5270.11,4910.10,11.64,0.75,2.82,6799.00,4133.05,50.59,250,244481
2487,BOSS-SM,"BOSS PACKAGING SOLU",49.84,43.85,19.86,0.00,2.82,63.60,36.55,54.27,191,6430465
2488,PFIZER,"PFIZER",4974.93,5313.50,12.84,1.01,2.82,6020.00,3701.00,46.61,250,676609
2489,AUROPHARMA,"AUROBINDO PHARMA",1180.66,1130.10,11.70,1.14,2.81,1515.90,1010.00,42.85,250,70401
2490,NIFTY100EW,"KOTAKMAMC - NIFTY100EW",32.09,33.62,21.99,0.51,2.81,34.58,24.25,32.19,150,7665665
2491,CANFINHOME,"CAN FIN HOMES",746.91,791.00,8.73,0.77,2.80,897.95,558.50,45.45,250,149249
2492,SYLVANPLY-SM,"SYLVAN PLYBOARD (INDIA) L",79.12,62.20,15.70,0.00,2.80,104.00,55.00,61.93,203,6212353
2493,DCBBANK,"DCB BANK",125.64,130.17,8.99,0.91,2.80,150.79,101.41,39.30,250,3513601
2494,PGHL,"PROCTER & GAMBLE HEALTH L",5575.74,6233.50,9.72,0.71,2.80,6739.00,4863.00,33.65,250,240641
2495,AUBANK,"AU SMALL FINANCE BANK",656.15,762.35,8.66,0.70,2.80,841.00,478.35,55.27,250,5436929
2496,TERASOFT-BE,"TERA SOFTWARE",244.07,447.40,23.55,0.00,2.80,493.75,71.55,172.98,250,4939777
2497,CONSUMER,"MIRAEAMC - CONSUMER",11.31,12.20,24.04,0.56,2.80,13.97,9.00,43.94,194,7416065
2498,AONEGOLD,"AONEAMC - AONEGOLD",10.72,11.36,5.29,0.94,2.80,11.66,10.00,15.48,22,194279425
2499,VENKEYS,"VENKY S (INDIA)",1652.79,1494.00,15.68,0.62,2.80,2026.60,1392.60,38.36,250,961793
2500,AGSTRA-BZ,"AGS TRANSACT TECH",30.71,4.84,13.14,0.00,2.79,99.69,3.78,312.31,250,194355713
2501,ABB,"ABB INDIA",6013.21,5188.00,9.79,0.86,2.79,8940.60,4684.45,70.78,250,3329
2502,JCHAC,"JOHNSON CONTROLS HITACHI",1802.09,1728.50,11.03,0.52,2.79,2620.10,1600.65,56.57,250,1149697
2503,NHPC,"NHPC",82.66,87.00,8.82,0.93,2.78,92.90,71.00,26.49,250,4454401
2504,ATLASCYCLE,"ATLAS CYCLE (HARYANA)",117.33,117.76,10.47,0.00,2.78,176.39,63.00,96.64,197,1169409
2505,GROWWSLVR,"GROWWAMC - GROWWSLVR",116.12,163.83,18.40,0.78,2.78,175.90,94.20,70.36,98,193747713
2506,DLF,"DLF",766.07,740.25,7.08,1.13,2.78,896.60,601.20,38.56,250,3771393
2507,AURDIS-SM,"AURANGABAD DISTILLERY",188.10,130.60,17.43,0.00,2.78,376.00,130.60,130.46,220,4803073
2508,EXIDEIND,"EXIDE INDUSTRIES",398.04,401.00,9.84,0.78,2.77,534.40,328.00,51.85,250,173057
2509,NEPTUNE-SM,"NEPTUNE PETROCHEMICALS L",148.24,158.00,12.94,0.00,2.77,186.00,126.30,40.27,90,193918209
2510,VIAZ-ST,"VIAZ TYRES",66.55,77.00,11.76,0.00,2.77,99.55,49.30,75.51,167,3667201
2511,REXPIPES-ST,"REX PIPES AND CABLES",94.96,159.00,10.02,0.00,2.77,171.00,57.00,120.04,181,1359873
2512,SHUBHSHREE-SM,"SHUBHSHREE BIOFUELS ENE L",364.88,435.00,10.81,0.00,2.77,494.95,215.00,76.72,235,6461441
2513,PSUBNKBEES,"NIP IND ETF PSU BANK BEES",74.33,85.87,6.63,0.83,2.77,86.13,61.54,33.08,250,3848193
2514,MON100,"MOTILAL OS NASDAQ100 ETF",191.22,239.00,10.08,0.37,2.77,258.80,159.30,52.03,250,5821185
2515,COMMITTED-ST,"COMMITTED CARGO CARE",180.24,226.10,14.94,0.00,2.76,274.05,48.50,125.14,192,4996097
2516,WINSOME-BZ,"WINSOME YARNS",2.42,1.90,4.50,0.00,2.76,3.95,1.58,97.84,249,3777793
2517,HDFCQUAL,"HDFCAMC - HDFCQUAL",56.80,58.55,10.49,0.57,2.76,66.28,49.53,29.49,250,2881281
2518,AGARWALFT-SM,"AGARWAL FLOAT GLASS I",61.45,64.50,10.16,0.00,2.76,92.00,42.05,81.29,209,3651329
2519,SABAR-ST,"SABAR FLEX INDIA",9.16,5.45,18.26,0.00,2.76,19.20,3.80,168.13,219,2812161
2520,SLONE-SM,"SLONE INFOSYSTEMS",284.42,315.00,10.53,0.00,2.75,476.00,149.50,114.79,223,6064385
2521,VEDL,"VEDANTA",432.83,480.80,9.70,0.85,2.75,508.25,350.10,36.54,250,784129
2522,UPL,"UPL",622.87,680.50,8.40,0.93,2.74,741.00,483.75,41.30,250,2889473
2523,EXCELLENT-SM,"EXCELLENT WIRES N PACK L",56.11,48.00,20.80,0.00,2.74,76.00,42.00,60.59,127,6482945
2524,CHOICEIN,"CHOICE INTERNATIONAL",618.94,794.50,7.68,0.75,2.73,836.80,438.45,64.36,250,2269697
2525,VSTIND,"VST INDUSTRIES",298.20,259.30,12.06,0.56,2.73,384.50,242.05,47.77,250,953345
2526,GOLDCASE,"ZERODHA GOLD ETF",14.43,19.10,15.83,0.73,2.73,20.00,11.25,60.65,250,5862657
2527,GNFC,"GUJ NAR VAL FER & CHEM L",526.90,497.30,13.35,0.81,2.73,642.65,433.95,39.61,250,300545
2528,AUTOAXLES,"AUTOMOTIVE AXLES",1748.63,1722.00,7.96,0.65,2.73,1982.20,1520.00,26.43,250,71169
2529,PSRAJ-ST,"P S RAJ STEELS",157.05,271.00,14.39,0.00,2.73,271.00,122.85,94.33,130,7594241
2530,TECH,"BIRLASLAMC - TECH",41.06,37.92,7.40,0.76,2.72,49.77,33.41,39.84,250,1654273
2531,M&MFIN,"M&M FIN. SERVICES",261.42,281.40,6.56,0.91,2.72,292.00,225.90,25.29,250,3400961
2532,TATACOMM,"TATA COMMUNICATIONS",1662.10,1857.20,13.26,0.96,2.72,1993.70,1291.00,42.28,250,952577
2533,METALIETF,"ICICIPRAMC - METALIETF",9.11,10.35,14.05,0.96,2.72,10.60,7.35,35.66,250,6364417
2534,YCCL-SM,"YASONS CHEMEX CARE",15.68,12.85,13.17,0.00,2.72,23.50,11.75,74.92,207,4512513
2535,ADANIPORTS,"ADANI PORT & SEZ",1288.23,1409.90,14.81,0.82,2.72,1494.00,995.65,38.69,250,3861249
2536,MAKEINDIA,"MIRAEAMC - MAMFGETF",141.19,152.98,19.58,0.38,2.71,156.90,119.50,26.49,250,2042625
2537,ITBEES,"NIP IND ETF IT",42.04,38.75,10.56,0.79,2.71,49.76,33.63,38.37,250,4885505
2538,TARAPUR,"TARAPUR TRANSFORMERS",30.77,31.85,10.53,0.00,2.70,50.85,21.50,95.40,250,4819713
2539,CHEVIOT,"CHEVIOT COMPANY",1172.06,1152.00,17.13,0.80,2.70,1443.50,974.75,39.99,250,2529025
2540,MARINETRAN-SM,"MARINETRANS INDIA",20.19,15.40,28.46,0.00,2.70,34.00,13.80,100.07,110,5224961
2541,JIWANRAM-SM,"JIWANRAM SHEODUTTRA IND L",10.52,7.20,21.43,0.00,2.69,18.25,6.00,116.48,197,4750849
2542,GSMFOILS-ST,"GSM FOILS",146.73,221.10,10.39,0.00,2.69,255.15,74.10,123.39,242,6116097
2543,SOUTHBANK,"THE SOUTH INDIAN BANK",26.77,34.29,10.84,0.59,2.69,34.44,22.27,45.47,250,1522689
2544,MUTHOOTFIN,"MUTHOOT FINANCE",2342.78,3165.00,13.85,0.85,2.69,3274.10,1756.05,64.80,250,6054401
2545,BEL,"BHARAT ELECTRONICS",331.86,412.15,10.75,0.88,2.69,436.00,240.25,58.99,250,98049
2546,MOMENTUM,"BIRLASLAMC - MOMENTUM",31.37,31.50,10.48,0.71,2.69,38.27,25.75,39.91,250,2737409
2547,CANBK,"CANARA BANK",100.69,127.40,7.30,0.90,2.69,128.60,75.88,52.36,250,2763265
2548,HDFCAMC,"HDFC AMC",4603.05,5529.50,6.77,0.83,2.69,5927.50,3497.40,52.79,250,1086465
2549,M&M,"MAHINDRA & MAHINDRA",3052.24,3457.00,6.06,0.66,2.68,3723.80,2425.00,42.55,250,519937
2550,PULZ-SM,"PULZ ELECTRONICS",56.81,36.85,16.13,0.00,2.68,104.00,36.30,119.17,226,129793
2551,BPCL,"BHARAT PETROLEUM CORP  LT",303.56,338.40,6.69,0.65,2.67,358.65,234.01,41.06,250,134657
2552,HAPPSTMNDS,"HAPPIEST MINDS TECHNO",652.72,500.00,16.86,0.67,2.67,812.00,486.60,49.85,250,12289
2553,DEEPAKNTR,"DEEPAK NITRITE",2146.82,1792.00,11.98,0.63,2.67,3011.15,1733.90,59.49,250,5105409
2554,GMRAIRPORT,"GMR AIRPORTS",82.87,90.13,8.13,0.91,2.67,97.00,67.75,35.30,250,3463169
2555,RSSOFTWARE,"R. S. SOFTWARE (INDIA) LI",119.58,69.99,10.46,0.00,2.67,284.00,46.30,198.78,250,1645825
2556,MFSL,"MAX FINANCIAL SERV",1317.73,1584.00,10.20,1.05,2.66,1674.80,950.00,55.00,250,548353
2557,TATAELXSI,"TATA ELXSI",6148.77,5401.00,11.07,0.83,2.66,8027.00,4700.00,54.11,250,873217
2558,INDHOTEL,"THE INDIAN HOTELS CO.",769.58,734.05,10.24,0.75,2.66,894.90,649.00,31.95,250,387073
2559,LTTS,"L&T TECHNOLOGY SER.",4656.81,4309.20,7.62,0.80,2.66,5645.00,3951.30,36.37,250,4752385
2560,MEGAFLEX-SM,"MEGA FLEX PLASTICS",55.65,55.00,10.37,0.00,2.65,70.00,40.00,53.91,183,2808577
2561,HDFCLOWVOL,"HDFCAMC - HDFCLOWVOL",19.87,20.86,17.40,0.48,2.65,23.00,17.70,26.67,250,2956033
2562,VIJAYPD-ST,"VIJAYPD CEUTICAL",38.63,41.45,5.71,0.00,2.65,41.45,35.00,16.70,4,194591745
2563,PSUBANK,"KOTAK PSU BANK",666.68,770.20,8.19,0.85,2.64,773.49,552.00,33.22,250,3855617
2564,APOLLOTYRE,"APOLLO TYRES",465.60,487.20,8.13,0.95,2.64,557.00,370.90,39.97,250,41729
2565,KRISHIVAL-BE,"KRISHIVAL FOODS",332.25,469.50,10.29,0.00,2.64,492.00,211.00,84.58,185,193736705
2566,PATANJALI,"PATANJALI FOODS",597.98,589.00,13.87,0.72,2.63,670.30,523.30,24.58,250,4359425
2567,LUPIN,"LUPIN",2036.08,1959.90,8.95,0.83,2.63,2402.90,1795.20,29.85,250,2672641
2568,SYNGENE,"SYNGENE INTERNATIONAL",728.97,651.00,9.45,0.94,2.63,960.60,599.55,49.53,250,2622209
2569,TANKUP-ST,"TANKUP ENGINEERS",326.86,473.35,18.83,0.00,2.63,494.90,152.55,104.74,103,193622529
2570,NILKAMAL,"NILKAMAL",1720.72,1576.80,12.93,0.69,2.63,2069.05,1494.05,33.42,250,619777
2571,CROMPTON,"CROMPT GREA CON ELEC",352.16,287.90,9.36,0.98,2.62,446.65,283.15,46.43,250,4376065
2572,WALPAR-SM,"WALPAR NUTRITIONS",47.06,44.10,12.77,0.00,2.62,53.30,37.85,32.83,164,1283329
2573,YESBANK,"YES BANK",19.52,24.02,12.99,0.57,2.62,24.30,16.02,42.42,250,3050241
2574,DMART,"AVENUE SUPERMARTS",4040.81,4328.00,11.23,0.88,2.62,4949.50,3340.00,39.83,250,5097729
2575,PIIND,"PI INDUSTRIES",3808.25,3564.00,8.31,0.86,2.61,4715.00,2951.10,46.32,250,6191105
2576,QUADPRO-SM,"QUADPRO ITES",3.88,3.00,9.68,0.00,2.61,6.30,2.80,90.29,192,1502721
2577,MOM100,"MOTILAL OS MIDCAP100 ETF",59.84,63.09,8.57,0.84,2.61,66.01,50.30,26.25,250,5484289
2578,NIRAJISPAT,"NIRAJ ISPAT IND",402.42,277.65,17.65,0.00,2.61,612.50,229.29,95.23,89,4823041
2579,SRF,"SRF",2772.10,3005.10,8.14,0.80,2.61,3325.00,2126.85,43.22,250,837889
2580,C2C-ST,"C2C ADVANCED SYSTEMS",594.55,634.95,15.85,0.00,2.60,954.00,250.15,118.38,214,6982913
2581,BALKRISIND,"BALKRISHNA IND.",2621.07,2287.20,7.66,0.76,2.60,3080.20,2152.05,35.41,250,85761
2582,BAJAJHFL,"BAJAJ HOUSING FINANCE",121.39,110.05,11.46,0.55,2.60,157.90,103.10,45.14,250,6469121
2583,TVSMOTOR,"TVS MOTOR COMPANY ",2717.54,3486.40,11.16,0.78,2.60,3602.70,2171.40,52.67,250,2170625
2584,MOGOLD,"MOTILALAMC - MOGOLD",107.18,120.00,15.85,0.10,2.60,134.40,96.30,35.55,49,193994497
2585,PNB,"PUNJAB NATIONAL BANK",100.73,116.92,9.20,0.73,2.60,117.85,83.05,34.55,250,2730497
2586,ASHOKLEY,"ASHOK LEYLAND",116.13,137.65,9.71,0.76,2.60,144.50,95.95,41.81,250,54273
2587,NORBTEAEXP-BE,"NORBEN TEA &EXPORTS",33.50,50.97,10.05,0.00,2.59,54.80,13.53,123.19,249,2414337
2588,ASTRAL,"ASTRAL",1503.25,1423.10,7.33,0.57,2.59,1917.55,1232.30,45.58,250,3691009
2589,GAIL,"GAIL (INDIA)",182.22,178.77,7.15,0.85,2.59,225.96,150.52,41.40,250,1207553
2590,DALBHARAT,"DALMIA BHARAT",1986.27,2228.00,6.27,0.78,2.59,2496.30,1601.00,45.07,250,2067201
2591,YUDIZ-SM,"YUDIZ SOLUTIONS",45.45,29.50,9.98,0.00,2.58,88.45,27.40,134.32,226,4618241
2592,TATACHEM,"TATA CHEMICALS",950.81,903.50,10.11,0.88,2.58,1247.35,756.00,51.68,250,871681
2593,BERGEPAINT,"BERGER PAINTS (I)",523.28,534.75,5.86,0.90,2.58,605.00,437.75,31.96,250,103425
2594,HDFCMOMENT,"HDFCAMC - HDFCMOMENT",31.20,31.30,9.42,0.69,2.58,38.34,25.50,41.16,250,2953729
2595,GROWWNXT50,"GROWWAMC - GROWWNXT50",68.04,68.44,5.29,0.73,2.58,71.46,64.00,10.96,32,194421249
2596,SETFGOLD,"SBI-ETF GOLD",78.30,103.95,17.19,0.43,2.58,105.18,62.85,54.06,250,4421633
2597,HEIDELBERG,"HEIDELBERGCEMENT (I)",202.47,200.00,15.04,0.69,2.58,240.86,176.60,31.74,250,592897
2598,BFSI,"MIRAEAMC - MAFSETF",25.75,27.75,16.93,0.40,2.58,28.70,21.00,29.91,250,1336321
2599,SILKFLEX-SM,"SILKFLEX POLYMERS INDIA L",82.59,84.30,10.28,0.00,2.58,112.10,50.65,74.41,197,6076417
2600,IT,"KOTAKMAMC - KOTAKIT",41.85,38.69,11.22,0.77,2.57,49.50,32.55,40.50,250,672513
2601,RAJRILTD-BE,"RAJ RAYON INDUSTRIES",24.44,25.34,4.11,0.00,2.57,31.59,17.99,55.65,250,2157569
2602,BRACEPORT-SM,"BRACE PORT LOGISTICS",91.21,74.00,13.16,0.00,2.57,133.30,69.00,70.50,217,6375681
2603,AONENIFTY,"AONEAMC - AONENIFTY",10.19,10.33,19.84,0.48,2.57,12.00,9.47,24.82,95,193816577
2604,PROV-SM,"PROVENTUS AGROCOM",1294.40,1080.00,16.14,0.00,2.57,1770.00,815.10,73.77,197,4219649
2605,IDFCFIRSTB,"IDFC FIRST BANK",66.39,74.50,12.51,0.78,2.57,78.45,52.46,39.15,250,2863105
2606,JIOFIN,"JIO FIN SERVICES",289.04,308.30,7.34,0.65,2.57,347.50,198.65,51.50,250,4644609
2607,ICICIB22,"ICICIPRAMC - BHARATIWIN",107.58,112.53,17.91,0.74,2.57,120.10,93.02,25.17,250,133633
2608,ACCELYA,"ACCELYA SOLN INDIA",1436.17,1500.00,7.31,0.74,2.57,1845.00,1218.50,43.62,250,1805569
2609,TNIDETF,"TATAAML - TNIDETF",92.29,95.18,9.38,0.72,2.56,104.78,76.95,30.15,250,2273793
2610,KESORAMIND,"KESORAM INDUSTRIES",92.63,5.21,10.45,0.00,2.56,235.98,2.84,251.68,250,475905
2611,HONAUT,"HONEYWELL AUTOMATION IND",38771.68,36450.00,8.89,0.85,2.56,51999.00,31025.00,54.10,250,874753
2612,PETRONET,"PETRONET LNG",306.21,280.65,9.14,0.81,2.56,354.10,266.10,28.74,250,2905857
2613,GLOBALPET-SM,"GLOBAL PET INDUSTRIES",122.74,141.10,12.96,0.00,2.56,158.00,93.10,52.87,219,4394753
2614,ALPHA,"KOTAKMAMC - KOTAKALPHA",49.28,48.85,10.27,0.70,2.56,60.91,39.00,44.46,250,1897473
2615,UBL,"UNITED BREWERIES",1976.07,1781.00,9.07,0.97,2.56,2299.70,1738.40,28.40,250,4278529
2616,SBINEQWETF,"SBIAMC - SBINEQWETF",30.56,32.59,9.42,0.58,2.55,33.10,27.30,18.98,250,6278145
2617,AIRTELPP-E1,"AIRTEL RS. 1.25 PPD UP",1321.93,1473.00,9.27,0.57,2.55,1557.60,1095.85,34.93,250,1647361
2618,CONCOR,"CONTAINER CORP OF IND",591.02,540.00,10.44,0.82,2.55,726.35,481.00,41.51,250,1215745
2619,LTIM,"LTIMINDTREE",5365.85,5459.00,8.36,0.79,2.55,6767.95,3802.00,55.27,250,4561409
2620,MVKAGRO-ST,"M.V.K. AGRO FOOD PROD",133.67,548.00,20.75,0.00,2.55,555.70,32.05,391.75,249,5882625
2621,MOMENTUM50,"MOTILALAMC - MOMENTUM50",52.84,52.65,8.20,0.56,2.55,66.00,42.40,44.66,250,6555137
2622,EMULTIMQ,"EDELAMC - EMULTIMQ",41.76,42.10,16.27,0.63,2.54,53.90,34.71,45.96,230,6654977
2623,NAMAN-SM,"NAMAN IN-STORE (INDIA) L",111.01,81.15,10.34,0.00,2.54,205.40,55.75,134.81,245,5985025
2624,BALAJIPHOS-ST,"BALAJI PHOSPHATES",139.25,148.00,12.72,0.00,2.54,184.70,72.60,80.50,140,7688449
2625,3MINDIA,"3M INDIA",30146.54,29600.00,9.81,0.66,2.54,37133.75,25718.15,37.87,250,121345
2626,HDFCNIFIT,"HDFCAMC - HDFCNIFIT",40.38,37.36,7.63,0.69,2.53,47.74,32.24,38.38,250,3097857
2627,AXISBPSETF,"AXISAMC - AXISBPSETF",12.52,12.98,15.10,0.39,2.53,14.00,11.00,23.96,250,903681
2628,AMBUJACEM,"AMBUJA CEMENTS",552.14,568.75,9.83,0.71,2.53,624.95,453.05,31.13,250,325121
2629,LICNFNHGP,"LICNAMC - LICNFNHGP",271.58,282.39,13.87,0.22,2.53,298.00,242.47,20.45,250,3898625
2630,MOVALUE,"MOTILALAMC - MOVALUE",99.32,107.81,8.94,0.56,2.53,110.25,85.91,24.51,250,2771201
2631,MID150BEES,"NIP IND ETF MIDCAP 150",212.30,223.57,8.75,0.79,2.53,235.00,179.00,26.38,250,2177537
2632,TATAMOTORS,"TATA MOTORS",717.98,679.15,7.98,0.81,2.53,943.60,535.75,56.81,250,884737
2633,HDFCPSUBK,"HDFCAMC HDFCPSUBK",67.18,77.44,9.17,0.61,2.52,77.86,55.68,33.01,250,5784321
2634,LICHSGFIN,"LIC HOUSING FINANCE",587.44,567.50,5.79,0.61,2.52,657.60,483.70,29.60,250,511233
2635,KANSAINER,"KANSAI NEROLAC PAINTS",251.86,247.66,6.90,0.94,2.52,298.70,218.20,31.96,250,306177
2636,ICICIGI,"ICICI LOMBARD GIC",1875.88,1860.00,9.09,0.85,2.51,2145.00,1613.70,28.32,250,5573121
2637,JAGRAN,"JAGRAN PRAKASHAN",76.18,71.99,11.94,0.76,2.50,93.48,65.01,37.37,250,3382017
2638,971SCL28A-NT,"971SCL28A-NT",855.64,865.00,19.96,0.00,2.50,1000.00,720.30,32.69,19,5147137
2639,DIVISLAB,"DIVI S LABORATORIES",6085.82,6489.00,8.23,0.87,2.50,7071.50,4955.00,34.78,250,2800641
2640,MUNISH-ST,"MUNISH FORGE",115.83,121.50,7.48,0.00,2.49,121.50,102.00,16.83,3,194411265
2641,1025SCL35A-N1,"1025SCL35A-N1",977.92,900.30,29.56,0.00,2.49,1015.00,700.00,32.21,39,7732225
2642,GROWWNIFTY,"GROWWAMC - GROWWNIFTY",9.97,10.13,8.75,0.89,2.49,11.00,9.50,15.05,56,194226433
2643,GODREJCP,"GODREJ CONSUMER PRODUCTS",1191.45,1129.00,9.97,0.72,2.49,1366.60,979.50,32.49,250,2585345
2644,PAGEIND,"PAGE INDUSTRIES",45123.33,41415.00,7.65,0.77,2.49,50590.00,38850.00,26.02,250,3689729
2645,PTL,"PTL ENTERPRISES",40.64,40.00,8.73,0.63,2.49,47.40,34.72,31.20,250,3609857
2646,ABSLNN50ET,"BIRLASLAMC - ABSLNN50ET",69.32,71.64,19.19,0.71,2.49,82.05,58.37,34.16,250,1878785
2647,BANKBARODA,"BANK OF BARODA",232.57,266.80,13.40,0.87,2.49,272.05,184.35,37.71,250,1195009
2648,TATAPOWER,"TATA POWER CO",391.78,390.50,6.68,0.81,2.49,477.90,326.35,38.68,250,877057
2649,GOLDIETF,"ICICI PRUDENTIAL GOLD ETF",78.44,103.97,10.32,0.51,2.49,105.70,63.51,53.79,250,5037825
2650,AXISVALUE,"AXISAMC - AXISVALUE",28.14,29.88,21.23,0.42,2.48,30.44,22.84,27.00,139,7719681
2651,ICICIPRULI,"ICICI PRU LIFE INS CO",630.90,600.00,12.24,0.73,2.48,776.85,525.80,39.79,250,4774913
2652,INDIGO,"INTERGLOBE AVIATION",5042.47,5736.00,10.46,0.69,2.48,6232.50,3780.00,48.64,250,2865921
2653,HEROMOTOCO,"HERO MOTOCORP",4393.25,5502.00,8.34,0.65,2.48,5659.00,3344.00,52.69,250,345089
2654,TAPIFRUIT-ST,"TAPI FRUIT PROCESSING",93.89,95.10,8.54,0.00,2.47,122.00,70.30,55.07,148,2814465
2655,ORIENTCEM,"ORIENT CEMENT",305.64,221.50,12.20,0.63,2.47,379.00,214.50,53.82,250,7702785
2656,ABBOTINDIA,"ABBOTT INDIA",30320.52,30255.00,11.58,0.76,2.47,37000.00,25325.00,38.51,250,4583169
2657,966SFIL25A-NI,"966SFIL25A-NI",976.51,960.00,19.34,0.00,2.47,1061.18,637.66,43.37,33,3590657
2658,BSLNIFTY,"ADITYBIRLA SL NIF ETF-GR",27.93,29.38,20.17,0.74,2.47,30.28,20.37,35.49,250,6343937
2659,INTERNET,"MIRAEAMC - INTERNET",14.22,14.73,17.35,0.34,2.47,16.12,13.30,19.83,66,194200321
2660,SBICARD,"SBI CARDS & PAY SER",824.39,916.75,13.10,0.81,2.47,1027.25,659.80,44.57,250,4600577
2661,SANOFICONR,"SANOFI CONS HEALTHC IND L",4937.80,4680.00,15.37,0.28,2.47,5894.50,4537.45,27.48,250,6456833
2662,AIAENG,"AIA ENGINEERING",3369.25,3270.00,7.21,0.82,2.46,4275.00,3001.10,37.81,250,3350017
2663,DESTINY-SM,"DESTINY LOGISTICS & I",118.97,134.00,10.38,0.00,2.46,181.00,67.80,95.15,178,1558273
2664,TATATECH,"TATA TECHNOLOGIES",775.10,714.50,6.73,0.58,2.45,1089.15,597.00,63.50,250,5195009
2665,MEP-BZ,"MEP INFRA. DEVELOPERS",2.20,2.08,10.44,0.00,2.43,4.33,1.14,144.74,220,6625793
2666,915SCL27A-ZL,"915SCL27A-ZL",989.64,1062.00,34.47,0.00,2.43,1139.00,816.00,32.64,20,3034625
2667,CPS-SM,"C P S SHAPERS",610.13,728.95,10.41,0.00,2.43,880.00,368.00,83.92,197,4703233
2668,HDFCSML250,"HDFCAMC - HDFCSML250",167.57,172.52,8.83,0.64,2.43,187.00,135.21,30.91,250,3643649
2669,VAL30IETF,"ICICIPRAMC - VAL30IETF",12.71,13.73,15.91,0.52,2.42,14.14,10.93,25.26,242,6617857
2670,CONTI-SM,"CONTINENTAL SEED CHEM",31.51,27.00,10.42,0.00,2.42,55.00,20.85,108.39,165,647937
2671,IBLFL-SM,"IBL FINANCE",59.79,69.95,9.97,0.00,2.42,82.00,45.45,61.13,223,5465089
2672,BATAINDIA,"BATA INDIA",1270.02,1168.60,7.51,0.61,2.41,1479.00,1025.10,35.74,250,94977
2673,MONIFTY500,"MOTILALAMC - MONIFTY500",22.68,23.70,8.30,0.48,2.41,24.71,19.50,22.97,250,4924673
2674,21STCENMGM,"21ST CENTURY MGMT SERVICE",74.95,48.25,4.08,0.00,2.41,122.64,47.01,100.91,250,1025
2675,MAGSON-SM,"MAGSON RETAIL AND DIST L",112.76,112.40,15.22,0.00,2.41,166.10,75.50,80.35,195,4374529
2676,NIFTY REALTY,"NIFTY REALTY",935.65,895.40,6.30,0.86,2.40,1137.50,765.80,39.73,250,261129
2677,SKFINDIA,"SKF INDIA",4499.89,4880.00,9.74,0.62,2.40,5449.90,3541.00,42.42,250,815617
2678,948SCL27-YV,"948SCL27-YV",945.68,960.00,9.41,0.00,2.39,960.00,815.35,15.30,7,5964033
2679,MONOPHARMA-SM,"MONO PHARMACARE",27.29,21.85,13.49,0.00,2.39,38.00,20.65,63.57,170,4708353
2680,HDFCBSE500,"HDFCAMC - HDFCBSE500",35.91,37.45,9.09,0.50,2.39,39.55,31.14,23.42,250,3642881
2681,SBIETFIT,"SBIAMC - SBIETFIT",419.88,388.39,12.91,0.58,2.39,510.00,335.00,41.68,250,189441
2682,GML-SM,"GALAXY MEDICARE",33.96,21.40,13.92,0.00,2.37,54.00,19.40,101.87,17,194326785
2683,FINIETF,"ICICIPRAMC-ICICIFIN",27.82,30.99,7.67,0.55,2.37,32.37,24.13,29.62,250,3219969
2684,BALCO-SM,"SOLVE PLASTIC PRODUCTS L",38.15,28.95,21.13,0.00,2.37,63.60,25.00,101.18,189,6369025
2685,HINDALCO,"HINDALCO  INDUSTRIES ",664.72,774.25,8.08,0.82,2.37,790.60,546.45,36.73,250,348929
2686,CMRSL-SM,"CYBER MEDIA RES & SER",91.21,74.00,10.50,0.00,2.36,144.40,64.00,88.15,208,2930433
2687,ALKEM,"ALKEM LABORATORIES",5208.95,5460.00,7.49,0.81,2.36,6340.55,4491.65,35.49,250,2995969
2688,AXISILVER,"AXISAMC - AXISILVER",103.06,161.20,23.39,0.44,2.35,176.00,85.51,87.80,250,2865409
2689,890SFIL23A-NZ,"890SFIL23A-NZ",834.93,660.00,37.95,0.00,2.35,925.00,550.50,44.85,70,3904769
2690,ARIHANTACA-ST,"ARIHANT ACADEMY",278.82,473.10,20.66,0.00,2.35,525.80,192.00,119.72,210,3417089
2691,TECHM,"TECH MAHINDRA",1562.40,1458.00,6.77,0.75,2.35,1775.30,1187.70,37.61,250,3465729
2692,MAFANG,"MIRAEAMC - MAFANG",134.55,171.90,12.73,0.00,2.35,171.90,94.10,57.82,250,897793
2693,HAVELLS,"HAVELLS INDIA",1583.64,1499.90,8.88,0.65,2.35,1970.00,1381.30,37.17,250,2513665
2694,TORNTPHARM,"TORRENT PHARMACEUTICALS L",3326.39,3545.70,6.39,0.67,2.35,3787.90,2886.45,27.10,250,900609
2695,SANOFI,"SANOFI INDIA",5810.49,4698.10,8.43,0.60,2.35,7090.00,4623.50,42.45,250,369153
2696,KTKBANK,"KARNATAKA BANK",187.42,174.90,7.58,0.55,2.34,225.61,157.74,36.21,250,2061825
2697,SMALLCAP,"MIRAEAMC - SMALLCAP",46.10,45.60,6.62,0.49,2.34,54.70,37.45,37.42,250,5844993
2698,UMA-SM,"UMA CONVERTER",28.80,23.95,15.22,0.00,2.34,45.05,22.55,78.12,207,3417345
2699,QVCEL-SM,"QVC EXPORTS",35.98,32.65,8.77,0.00,2.34,57.85,22.20,99.09,225,6388993
2700,TATASTEEL,"TATA STEEL",148.45,173.85,9.25,0.73,2.34,177.82,119.83,39.06,250,895745
2701,AXISHCETF,"AXISAMC - AXISHCETF",143.83,150.09,13.19,0.43,2.33,159.99,127.43,22.64,250,923649
2702,ELM250,"EDELAMC - ELM250",16.28,16.46,19.44,0.36,2.33,19.20,15.89,20.33,23,194291713
2703,HDFCPVTBAN,"HDFCAMC - HDFCPVTBAN",26.46,28.22,7.64,0.56,2.33,29.39,23.66,21.66,250,3099649
2704,ALPHAETF,"MIRAEAMC - ALPHAETF",24.67,25.25,16.80,0.59,2.33,28.99,19.61,38.02,250,5027841
2705,ZYDUSLIFE,"ZYDUS LIFESCIENCES",957.07,993.00,9.03,0.87,2.33,1071.75,795.00,28.92,250,2029825
2706,PSUBNKIETF,"ICICIPRAMC - PSUBANKICI",67.39,77.69,6.05,0.65,2.33,78.11,55.80,33.10,250,3733505
2707,SHEEL-ST,"SHEEL BIOTECH",90.88,86.30,4.76,0.00,2.32,95.55,86.30,10.18,3,194408961
2708,SANGANI-SM,"SANGANI HOSPITALS",68.83,69.80,17.33,0.00,2.32,81.00,42.70,55.64,185,4616961
2709,SBIETFCON,"SBIAMC - SBIETFCON",117.52,126.63,6.32,0.60,2.32,131.30,101.64,25.24,250,1323009
2710,GVKPIL-BE,"GVK POW. & INFRA",4.18,3.56,4.26,0.00,2.32,6.21,3.03,76.07,250,3386625
2711,COLPAL,"COLGATE PALMOLIVE",2578.73,2231.80,6.24,0.81,2.31,3752.85,2151.00,62.12,250,3876097
2712,UNITDSPR,"UNITED SPIRITS",1437.78,1336.30,8.17,0.83,2.31,1700.00,1271.10,29.83,250,2674433
2713,MIDCAP,"KOTAKMAMC - KOTAKMID50",159.38,168.57,10.52,0.57,2.31,181.00,134.98,28.87,250,2067713
2714,UTINEXT50,"UTIAMC - UTINEXT50",71.07,73.78,16.63,0.67,2.31,82.65,59.90,32.01,250,5498369
2715,MOMOMENTUM,"MOTILALAMC - MOMOMENTUM",62.84,63.20,9.34,0.51,2.30,78.50,51.21,43.43,250,2094593
2716,IOC,"INDIAN OIL CORP",136.66,153.80,5.93,0.64,2.30,168.02,108.38,43.64,250,415745
2717,IIFLZC28C-N6,"IIFLZC28C-N6",1303.19,1402.00,20.16,0.00,2.29,1575.00,1137.04,33.61,123,1335553
2718,NIFTY IND DEFENCE,"NIFTY INDIA DEFENCE",7114.46,8092.10,8.19,0.00,2.29,9195.15,5025.35,58.61,250,413961
2719,BAJFINANCE,"BAJAJ FINANCE",843.08,1025.00,7.15,0.65,2.29,1036.00,645.00,46.38,250,81153
2720,985SFIL28-NO,"985SFIL28-NO",680.76,560.66,15.43,0.00,2.29,1110.00,550.25,82.22,75,3593729
2721,MARICO,"MARICO",677.88,712.50,10.21,0.88,2.28,759.00,577.85,26.72,250,1041153
2722,TVVISION,"TV VISION",10.59,6.75,16.31,0.00,2.28,30.27,3.65,251.39,250,4737025
2723,MIDCAPIETF,"ICICIPRAMC - ICICIM150",21.22,22.40,12.19,0.67,2.27,23.60,17.80,27.34,250,4390913
2724,HDFCNEXT50,"HDFCAMC - HDFCNEXT50",67.49,69.95,7.59,0.46,2.26,77.88,57.00,30.94,250,2718465
2725,BSLGOLDETF,"ADITYBIRLA SL GOLD ETF-GR",80.57,106.80,23.11,0.51,2.26,121.47,56.57,80.56,250,6093825
2726,BOSCHLTD,"BOSCH",33535.35,38435.00,7.05,0.70,2.26,41945.00,25921.60,47.78,250,558337
2727,BAJAJFINSV,"BAJAJ FINSERV",1879.28,2008.50,9.29,0.70,2.26,2135.00,1551.65,31.04,250,4268801
2728,MEDIORG-SM,"MEDICAMEN ORGANICS",40.30,35.85,11.15,0.00,2.26,61.75,19.60,104.59,223,6205185
2729,ITETF,"MIRAEAMC - ITETF",40.03,36.92,7.57,0.67,2.25,48.05,31.70,40.85,250,5026049
2730,JSWSTEEL,"JSW STEEL",1006.33,1167.70,9.11,0.88,2.25,1178.80,880.00,29.69,250,3001089
2731,HEALTHIETF,"ICICIPRAMC - ICICIPHARM",144.66,151.33,21.06,0.64,2.25,157.70,120.00,26.06,250,928257
2732,POWERGRID,"POWER GRID CORP.",297.08,288.45,5.94,0.66,2.25,345.40,247.30,33.02,250,3834113
2733,MNC,"KOTAKMAMC - KOTAKMNC",28.73,30.70,9.83,0.36,2.25,33.15,24.52,30.04,250,2733057
2734,TATACONSUM,"TATA CONSUMER PRODUCT",1043.35,1125.10,7.19,0.89,2.25,1180.50,882.90,28.52,250,878593
2735,948SCL26D-AI,"948SCL26D-AI",565.69,400.00,20.00,0.00,2.25,930.00,380.00,97.23,50,3768577
2736,BAJAJ-AUTO,"BAJAJ AUTO",8546.25,8943.00,12.02,0.72,2.25,11733.50,6914.00,56.39,250,4267265
2737,FEDERALBNK,"FEDERAL BANK",197.75,209.00,6.25,0.68,2.25,220.00,172.66,23.94,250,261889
2738,REFRACTORY-SM,"REFRACTORY SHAPES",74.79,42.20,10.02,0.00,2.24,128.95,39.00,120.27,228,6071809
2739,EVINDIA,"MIRAEAMC - EVINDIA",29.36,31.09,9.21,0.44,2.24,35.37,23.83,39.31,250,6262017
2740,MOMIDMTM,"MOTILALAMC - MOMIDMTM",62.31,62.26,6.11,0.73,2.24,65.85,59.48,10.22,69,194001153
2741,NV20BEES,"NIP IND ETF ETF NV20",150.09,150.18,18.65,0.44,2.24,169.16,122.02,31.41,250,2520833
2742,WIPRO,"WIPRO",268.43,248.98,6.53,0.87,2.24,323.60,228.00,35.61,250,969473
2743,GOLDKART-ST,"GOLDKART JEWELS",216.58,252.00,10.00,0.00,2.23,268.00,186.10,37.81,39,3507457
2744,ABSLBANETF,"BIRLASLAMC - ABSLBANETF",53.92,57.91,5.69,0.41,2.23,60.06,47.55,23.20,250,3580673
2745,ONGC,"OIL AND NATURAL GAS CORP.",245.45,245.90,7.53,0.71,2.23,286.60,205.00,33.25,250,633601
2746,HDFCLIFE,"HDFC LIFE INS CO",707.78,748.80,11.56,0.81,2.23,820.75,584.30,33.41,250,119553
2747,AUTOBEES,"NIPPONAMC - NETFAUTO",240.90,274.87,6.20,0.55,2.23,287.31,197.07,37.46,250,2017281
2748,COOLCAP-RE-ST,"COOL CAPS INDUSTRIES",5.56,2.55,14.29,0.00,2.22,15.00,2.55,223.82,8,194540801
2749,TOP15IETF,"ICICIPRAMC - TOP15IETF",10.33,10.67,6.45,0.59,2.21,10.96,10.00,9.29,70,193991937
2750,PSUBANKADD,"DSPAMC - DSPPSBKETF",66.98,77.44,10.65,0.56,2.21,77.77,55.47,33.29,250,4509697
2751,SELECTIPO,"MIRAEAMC - SELECTIPO",47.23,49.31,18.98,0.46,2.21,57.75,35.40,47.32,142,7707905
2752,NTPC,"NTPC",345.22,338.80,7.83,0.73,2.21,429.90,292.80,39.71,250,2977281
2753,AVIANSH-SM,"AVI ANSH TEXTILE",99.38,100.00,9.52,0.00,2.21,114.25,69.00,45.53,250,6533121
2754,DRREDDY,"DR. REDDY S LABORATORIES",1247.79,1264.00,7.32,0.92,2.21,1405.90,1020.00,30.93,250,225537
2755,BRITANNIA,"BRITANNIA INDUSTRIES",5365.45,5870.00,9.24,0.73,2.20,6336.00,4506.00,34.11,250,140033
2756,SHREECEM,"SHREE CEMENT",28510.13,29445.00,5.57,0.90,2.19,32490.00,23500.00,31.53,250,794369
2757,ITIETF,"ICICIPRAMC - ICICITECH",41.99,38.74,6.98,0.70,2.19,49.53,33.43,38.34,250,5725441
2758,AXISGOLD,"AXIS MF - AXIS GOLD ETF",76.50,101.30,10.38,0.45,2.19,103.20,62.01,53.85,250,5256193
2759,OILIETF,"ICICIPRAMC - OILIETF",11.12,11.64,9.95,0.53,2.19,12.53,9.42,27.96,250,6280449
2760,IRCTC,"INDIAN RAIL TOUR CORP",764.20,714.90,6.58,0.67,2.19,900.40,656.00,31.98,250,3484417
2761,1003SCL30A-NV,"1003SCL30A-NV",887.03,879.00,23.30,0.00,2.19,999.00,686.00,35.29,84,5149697
2762,ENSER-SM,"ENSER COMMUNICATIONS",23.47,21.90,10.43,0.00,2.18,36.85,13.35,100.12,241,5946881
2763,965SCL25F-NZ,"965SCL25F-NZ",888.90,855.75,15.17,0.00,2.18,970.00,721.10,28.00,50,5153281
2764,ITETFADD,"DSPAMC - DSPITETF",40.01,36.88,7.15,0.59,2.17,48.66,32.61,40.11,250,4404993
2765,SONUINFRA-SM,"SONU INFRATECH",109.35,99.95,9.83,0.00,2.17,145.00,48.95,87.84,213,2421249
2766,MOM30IETF,"ICICIPRAMC - ICICIMOM30",31.52,31.62,9.28,0.62,2.17,39.42,25.00,45.75,250,2709761
2767,PIGL-BE,"POWER INSTRUMENT (G)",206.53,179.95,10.41,0.00,2.16,417.00,106.74,150.23,250,4026881
2768,98SFIL26-NU,"98SFIL26-NU",710.68,228.20,32.74,0.00,2.16,960.00,226.00,103.28,40,3900161
2769,AXITA,"AXITA COTTON",10.38,8.46,15.10,0.11,2.16,15.59,8.38,69.48,250,2534913
2770,LICI,"LIFE INSURA CORP OF INDIA",874.35,899.00,6.37,0.60,2.15,1007.80,715.30,33.45,250,2426881
2771,ACC,"ACC",1977.68,1881.10,9.08,0.59,2.15,2378.40,1778.45,30.34,250,5633
2772,MIDQ50ADD,"DSPAMC - DSPQ50ETF",242.92,250.00,18.40,0.47,2.14,265.99,191.97,30.47,250,1908737
2773,1015SCL30-N1,"1015SCL30-N1",950.36,1010.00,4.28,0.00,2.14,1010.00,878.00,13.89,2,7740417
2774,SABEVENTS-BE,"SAB EVENTS & GOVERNANCE",8.69,5.83,10.54,0.00,2.14,22.83,3.69,220.17,250,4736257
2775,EICHERMOT,"EICHER MOTORS",5421.34,6974.00,8.72,0.74,2.14,7122.50,4508.75,48.21,250,232961
2776,AMEYA-SM,"AMEYA PRECISION ENG",107.94,100.90,9.38,0.00,2.14,127.25,93.00,31.73,225,2789889
2777,AMBANIORGO-SM,"AMBANI ORGOCHEM",116.77,139.90,10.35,0.00,2.14,150.00,83.60,56.87,105,1045249
2778,COMMOIETF,"ICICIPRAMC - ICICICOMMO",86.39,92.70,9.84,0.55,2.14,98.15,75.61,26.09,250,3378689
2779,BIRET-RR,"BROOKFIELD INDIA RET",300.58,343.60,14.45,0.37,2.13,350.90,270.87,26.63,250,563969
2780,NEXT50,"MIRAEAMC - MANXT50",679.68,704.80,6.39,0.36,2.13,787.70,573.45,31.52,250,4398337
2781,HDBFS,"HDB FINANCIAL SERVICES L",781.35,736.90,7.32,0.97,2.13,891.90,728.30,20.94,70,193989633
2782,NIFTY MEDIA,"NIFTY MEDIA",1699.38,1560.90,5.83,0.62,2.13,2101.00,1344.40,44.52,250,263945
2783,PGHH,"P&G HYGIENE & HEALTH CARE",14234.10,14253.00,15.62,0.77,2.13,17011.00,12105.60,34.46,250,648961
2784,SBILIFE,"SBI LIFE INSURANCE CO",1646.23,1807.60,10.69,0.69,2.13,1912.00,1372.55,32.77,250,5582849
2785,HCLTECH,"HCL TECHNOLOGIES",1661.97,1492.80,7.79,0.82,2.13,2012.20,1302.75,42.69,250,1850625
2786,785WB42-SG,"SDL WB 7.85% 2042",100.00,100.00,4.25,0.00,2.13,100.00,95.75,4.25,2,3801345
2787,NIFMID150,"UTIAMC - NIFMID150",207.58,218.48,10.17,0.35,2.12,235.48,174.82,29.22,250,4696833
2788,GRCL-SM,"GAYATRI RUBB AND CHEM",443.87,400.00,15.12,0.00,2.11,525.25,315.60,47.23,167,3597313
2789,SHARIABEES,"NIP IND ETF SHARIAH BEES",513.22,498.25,19.66,0.34,2.11,601.55,439.91,31.50,250,4363265
2790,PASHUPATI,"PASHUPATI COTSPIN",625.62,706.30,9.71,0.00,2.11,736.00,473.00,42.04,226,194036481
2791,MOLOWVOL,"MOTILALAMC - MOLOWVOL",36.77,37.99,7.23,0.29,2.10,40.75,33.05,20.94,250,2215425
2792,VISHWAS-SM,"VISHWAS AGRI SEEDS",65.82,56.90,14.55,0.00,2.10,91.90,55.00,56.06,194,5982721
2793,NIFTY CAPITAL MKT,"NIFTY CAPITAL MARKETS",3948.25,4459.30,7.05,0.00,2.10,4768.00,2885.10,47.69,250,414473
2794,AXISNIFTY,"AXISAMC - AXISNIFTY",264.01,277.23,9.09,0.37,2.10,287.92,236.80,19.36,250,5440513
2795,INDUSINVIT-IV,"INDUS INFRA TRUST",112.33,116.31,10.04,0.32,2.09,119.50,99.10,18.16,250,5897217
2796,CONS,"KOTAKMAMC - KOTAKCONS",116.94,126.04,19.62,0.22,2.09,151.15,102.46,41.64,250,2691073
2797,NIFTYIETF,"ICICI PRUD NIFTY ETF",270.29,284.11,20.98,0.42,2.09,328.24,234.97,34.51,250,7565569
2798,MIDSMALL,"MIRAEAMC - MIDSMALL",48.52,48.56,5.84,0.45,2.09,55.10,40.00,31.12,250,6106881
2799,865IHFL27-N1,"865IHFL27-N1",977.53,987.99,17.32,0.00,2.09,999.65,825.20,17.85,34,7387137
2800,VASA-SM,"VASA RETAIL & OVERSEA",4.98,5.00,10.00,0.00,2.08,6.70,3.50,64.21,71,326145
2801,COALINDIA,"COAL INDIA",394.41,384.10,6.20,0.65,2.08,484.60,349.25,34.32,250,5215745
2802,AUTOIETF,"ICICIPRAMC - ICICIAUTO",24.11,27.51,6.74,0.50,2.08,28.71,19.72,37.29,250,2008065
2803,SUNPHARMA,"SUN PHARMACEUTICAL IND L",1722.79,1670.00,7.07,0.67,2.07,1937.95,1548.00,22.63,250,857857
2804,GRASIM,"GRASIM INDUSTRIES",2639.67,2809.70,4.71,0.83,2.07,2911.00,2276.95,24.02,250,315393
2805,SILVER1,"KOTAKMAMC - KOTAKSILVE",100.46,154.00,15.15,0.47,2.07,168.00,81.80,85.80,250,3348993
2806,ULTRACEMCO,"ULTRATECH CEMENT",11633.69,12275.00,8.78,0.65,2.06,13097.00,10047.85,26.21,250,2952193
2807,SILVER,"BIRLASLAMC - SILVER",103.36,161.80,9.28,0.54,2.06,173.26,86.30,84.13,250,2048769
2808,BSE500IETF,"ICICIPRAMC - ICICI500",37.67,39.27,7.70,0.36,2.06,40.83,33.00,20.78,250,768257
2809,UTIBANKETF,"UTIAMC - UTIBANKETF",54.43,58.39,12.51,0.63,2.06,60.40,48.71,21.48,250,5744641
2810,MRF,"MRF",130905.99,155510.00,7.12,0.68,2.06,160150.00,102124.05,44.33,250,582913
2811,TITAN,"TITAN COMPANY",3389.32,3525.00,6.39,0.77,2.05,3740.00,2925.00,24.05,250,897537
2812,ARABIAN-SM,"ARABIAN PETROLEUM",78.91,71.00,12.21,0.00,2.05,92.95,63.00,37.96,212,4928769
2813,SETFNN50,"SBI-ETF NIFTY NEXT 50",705.71,729.00,8.89,0.47,2.05,819.95,585.51,33.22,250,1882369
2814,LICNETFSEN,"LICNAMC - LICNFESGP",896.99,916.32,13.34,0.00,2.05,989.00,783.28,22.93,246,2928897
2815,AXISCETF,"AXISAMC - AXISCETF",117.41,126.41,14.98,0.30,2.05,131.26,101.00,25.77,250,1467393
2816,NIFITETF,"UTIAMC - NIFITETF",397.37,366.28,13.55,0.35,2.05,469.99,325.00,36.49,249,5756929
2817,ESILVER,"EDELAMC - ESILVER",103.82,164.99,19.97,0.48,2.04,165.27,86.27,76.09,250,5185793
2818,BANKBETF,"BFAM - BANKBETF",53.53,57.31,17.88,0.43,2.04,65.00,47.00,33.63,250,5628417
2819,NXST-RR,"NEXUS SELECT TRUST",140.44,161.49,7.13,0.64,2.04,168.35,120.00,34.43,250,4048641
2820,BBNPPGOLD,"BARODABNP - BBNPPGOLD",89.07,117.80,16.66,0.13,2.03,123.95,69.45,61.19,250,5260033
2821,CIPLA,"CIPLA",1500.44,1568.00,7.52,0.54,2.03,1694.00,1335.00,23.93,250,177665
2822,MULTICAP,"MIRAEAMC - MULTICAP",15.62,16.35,9.21,0.43,2.02,16.88,13.43,22.09,250,6420481
2823,JAINAM-SM,"JAINAM FER ALLOYS (I)",231.07,268.80,15.55,0.00,2.01,322.85,140.00,79.13,176,1539073
2824,INFY,"INFOSYS",1673.54,1512.00,7.08,0.69,2.01,2006.45,1307.00,41.79,250,408065
2825,IIFLZC26-NN,"IIFLZC26-NN",1287.16,1367.50,9.92,0.00,2.01,1376.00,1170.00,16.00,56,1588993
2826,GROWWGOLD,"GROWWAMC - GROWWGOLD",90.53,118.85,12.99,0.41,2.01,123.02,73.00,55.25,240,6623233
2827,SILVERETF,"UTIAMC - SILVERETF",100.50,157.75,10.95,0.47,2.01,169.55,84.05,85.07,250,3861761
2828,LRRPL-SM,"LEAD REC AND RUB PROD",78.31,79.50,10.11,0.00,2.00,114.90,48.60,84.66,200,3636225
2829,TMB,"TAMILNAD MERCA BANK",440.85,435.95,8.10,0.68,2.00,513.55,401.00,25.53,250,2801921
2830,SILVERAG,"MIRAEAMC - MASILVER",100.97,155.27,9.72,0.45,1.99,162.90,83.55,78.59,250,4294913
2831,CAPINVIT-IV,"CAPITAL INFRA TRUST",85.69,76.21,10.86,0.18,1.99,108.95,74.60,40.09,182,7464193
2832,SCL19325A-N1,"SCL19325A-N1",982.05,1009.81,14.41,0.00,1.99,1009.81,830.20,18.29,16,7733761
2833,HDFCGOLD,"HDFC GOLD ETF",78.37,103.86,9.33,0.42,1.99,105.84,63.60,53.90,250,5003009
2834,SBISILVER,"SBIAMC - SBISILVER",101.66,157.76,14.93,0.49,1.99,175.90,84.75,89.66,250,6237697
2835,MINDSPACE-RR,"MINDSPACE BUSINESS P REIT",391.17,457.75,5.43,0.53,1.98,469.99,354.30,29.58,250,5710849
2836,NESTLEIND,"NESTLE INDIA",1152.99,1198.60,7.67,0.74,1.98,1265.80,1055.00,18.28,250,4598529
2837,SPRL-SM,"SP REFRACTORIES",146.39,166.05,10.51,0.00,1.98,193.00,104.55,60.42,111,2181377
2838,SNXT30BEES,"NIPPONAMC - SNXT30BEES",38.80,39.34,5.93,0.52,1.97,41.00,37.03,10.23,83,193908481
2839,CYBERPP-X1,"CYBERMEDIA RS.5 PPD UP",9.23,8.67,10.00,0.00,1.97,12.20,7.47,51.25,14,194258433
2840,MARUTI,"MARUTI SUZUKI INDIA",12523.60,16284.00,7.13,0.58,1.97,16435.00,10725.00,45.59,250,2815745
2841,RAPIDFLEET-SM,"RAPID FLEET MGT SERVICE L",198.49,192.00,19.12,0.00,1.97,229.00,171.00,29.22,90,7797761
2842,NETF,"TATAAML - NETF",259.88,272.12,7.17,0.41,1.97,281.58,227.05,20.98,250,2006529
2843,NEXT30ADD,"DSPAMC - NEXT30ADD",37.35,39.61,10.67,0.32,1.96,40.63,32.27,22.38,168,7542785
2844,NIFTY PSU BANK,"NIFTY PSU BANK",6674.13,7692.15,6.18,0.53,1.96,7722.00,5530.35,32.84,250,262921
2845,MOALPHA50,"MOTILALAMC - MOALPHA50",51.18,50.76,14.39,0.40,1.95,54.38,46.05,16.28,64,193963265
2846,JFLLIFE-SM,"JFL LIFE SCIENCES",18.96,12.25,10.53,0.00,1.95,37.15,11.85,133.43,166,2786561
2847,965SCL28-AK,"965SCL28-AK",601.77,600.01,18.03,0.00,1.95,685.00,500.00,30.74,28,3764225
2848,BHARTIARTL,"BHARTI AIRTEL",1766.95,1940.00,6.25,0.63,1.95,2045.80,1511.00,30.27,250,2714625
2849,DABUR,"DABUR INDIA",509.38,489.60,5.49,0.76,1.95,579.35,433.30,28.67,250,197633
2850,PIDILITIND,"PIDILITE INDUSTRIES",1492.45,1507.00,6.74,0.71,1.95,1652.20,1311.10,22.86,250,681985
2851,HDFCVALUE,"HDFCAMC - HDFCVALUE",134.93,135.33,8.58,0.43,1.94,153.57,117.50,26.73,250,2882561
2852,MSCIINDIA,"KOTAKMAMC - MSCIINDIA",28.96,30.06,10.86,0.30,1.94,31.13,25.60,19.10,153,7618049
2853,LT,"LARSEN & TOUBRO",3528.71,3779.00,6.59,0.58,1.93,3963.50,2965.30,28.29,250,2939649
2854,737NTPC35C-NA,"737NTPC35C-NA",1284.10,1452.00,29.54,0.00,1.93,1945.00,1090.00,66.58,85,2750465
2855,VERA-SM,"VERA SYNTHETIC",92.67,68.00,9.48,0.00,1.93,118.00,66.00,56.11,42,682497
2856,GOLDBEES,"NIP IND ETF GOLD BEES",75.97,100.59,12.60,0.39,1.92,102.60,61.67,53.87,250,3693569
2857,MANDEEP-SM,"MANDEEP AUTO INDUSTRIES L",30.34,26.05,10.06,0.00,1.92,47.85,17.80,99.06,199,6087425
2858,VSCL-SM,"VADIVARHE SPCLTY CHEM",36.66,24.50,10.29,0.00,1.92,52.50,21.05,85.80,117,5369089
2859,HDFCNIFBAN,"HDFCAMC - HDFCNIFBAN",54.16,58.01,8.65,0.57,1.91,59.49,48.51,20.27,250,5742849
2860,NIFTY50 PR 2X LEV,"NIFTY50 PR 2X LEV",13264.26,13941.20,4.88,0.55,1.91,14937.30,10678.25,32.11,250,258825
2861,NIFTY50 TR 2X LEV,"NIFTY50 TR 2X LEV",19520.97,20799.40,4.88,0.55,1.91,21735.95,15663.75,31.11,250,259337
2862,NV20,"KOTAKMAMC - KTKNV20ETF",149.64,149.20,10.51,0.25,1.91,169.00,131.63,24.97,250,2932993
2863,925IHFL25E-N8,"925IHFL25E-N8",1037.88,1001.50,21.01,0.00,1.91,1245.00,895.20,33.70,19,4592641
2864,BANKIETF,"ICICIPRAMC - IPRU5008",54.02,57.95,5.57,0.54,1.91,60.79,47.53,24.55,250,2825473
2865,AXISBANK,"AXIS BANK",1114.90,1182.50,4.38,0.55,1.91,1247.00,933.50,28.12,250,1510401
2866,APOLLOHOSP,"APOLLO HOSPITALS ENTER. L",7076.12,7690.00,8.43,0.56,1.91,7980.00,6001.00,27.97,250,40193
2867,925SCL26W-N1,"925SCL26W-N1",955.08,984.00,13.17,0.00,1.91,984.00,822.20,16.94,14,7398657
2868,PVTBANIETF,"ICICIPRAMC - ICICIBANKP",26.22,27.98,11.40,0.45,1.90,29.21,22.23,26.62,250,2914817
2869,SBIETFQLTY,"SBIAMC - SBIETFQLTY",219.81,225.53,10.40,0.38,1.90,247.99,191.50,25.70,250,1847809
2870,SILVERIETF,"ICICIPRAMC - ICICISILVE",103.24,162.99,10.70,0.51,1.89,170.00,86.01,81.35,250,2033153
2871,BANKPSU,"MIRAEAMC - BANKPSU",66.82,77.42,10.40,0.44,1.89,77.70,55.29,33.54,250,6585601
2872,DHTL-ST,"DOCMODE HEALTH TECH",65.43,102.40,10.34,0.00,1.89,104.60,36.90,103.46,160,5769473
2873,PVTBANKADD,"DSPAMC - DSPPVBKETF",26.35,28.07,11.18,0.40,1.89,28.90,23.63,20.00,250,4499457
2874,GRETEX-SM,"GRETEX INDUSTRIES",230.26,199.00,10.25,0.00,1.89,290.05,190.00,43.45,68,4797697
2875,ASIANPAINT,"ASIAN PAINTS",2416.74,2338.60,7.00,0.54,1.88,3103.55,2124.75,40.50,250,60417
2876,UNIONGOLD,"UNIONAMC - UNIONGOLD",97.18,119.10,13.56,0.00,1.88,125.90,82.00,45.17,156,7599873
2877,HINDUNILVR,"HINDUSTAN UNILEVER",2421.37,2526.00,7.76,0.67,1.88,2804.70,2136.00,27.62,250,356865
2878,AXISTECETF,"AXISAMC - AXISTECETF",417.01,384.41,5.88,0.31,1.88,498.96,341.00,37.88,250,770561
2879,HDFCSILVER,"HDFCAMC - HDFCSILVER",99.58,157.76,14.61,0.46,1.88,172.21,83.13,89.46,250,2784257
2880,IDFNIFTYET,"BANDHANAMC - IDFNIFTYET",264.07,277.91,7.90,0.21,1.87,282.44,235.01,17.96,250,4808449
2881,BBNPNBETF,"BARODABNP - BBNPNBETF",53.10,56.81,9.38,0.09,1.87,60.60,47.43,24.80,250,6173953
2882,EMBASSY-RR,"EMBASSY OFFICE PARKS REIT",382.55,426.11,7.20,0.45,1.87,430.00,342.10,22.98,250,2402049
2883,HDFCGROWTH,"HDFCAMC - HDFCGROWTH",119.23,124.35,6.80,0.48,1.87,130.00,103.11,22.55,250,2877697
2884,QUALITY30,"KOTAKMAMC - QUALITY30",20.70,20.90,8.02,0.29,1.86,21.49,19.51,9.56,58,194034177
2885,SILVERADD,"DSPAMC - DSPSILVETF",99.74,155.25,10.97,0.39,1.84,163.96,83.30,80.87,250,2754817
2886,GOLDSHARE,"UTI GOLD ETF",76.86,102.00,6.32,0.45,1.84,103.60,62.20,53.86,250,3720961
2887,SBIN,"STATE BANK OF INDIA",798.31,880.95,5.93,0.43,1.83,883.75,680.00,25.52,250,779521
2888,KOTAKBANK,"KOTAK MAHINDRA BANK",1977.11,2152.00,6.71,0.66,1.83,2301.90,1679.05,31.50,250,492033
2889,NIFTY METAL,"NIFTY METAL",9102.46,10248.95,6.78,0.46,1.83,10373.30,7690.20,29.48,250,263689
2890,FMCGIETF,"ICICIPRAMC - ICICIFMCG",59.14,58.73,10.28,0.49,1.83,66.06,53.00,22.08,250,1358337
2891,NIFTY ALPHA 50,"NIFTY ALPHA 50",51241.06,50809.90,7.54,0.42,1.83,60842.15,39846.10,40.98,250,265993
2892,767NL33B-SG,"SDL NL 7.67% 2033",97.38,99.75,3.66,0.00,1.83,99.75,95.00,4.88,2,5182209
2893,INDIFRA-ST,"INDIFRA",20.35,16.95,16.89,0.00,1.83,32.30,12.65,96.56,158,5391617
2894,879SCL26-NC,"879SCL26-NC",956.44,975.00,14.41,0.00,1.83,975.00,830.20,15.14,15,4769793
2895,971SCL28-AN,"971SCL28-AN",759.42,562.85,27.25,0.00,1.82,949.10,560.10,51.22,94,3767809
2896,KAVDEFENCE-BE,"KAVVERI DFS & WIR TEC",58.25,119.71,10.53,0.00,1.82,162.87,33.55,222.00,250,3903489
2897,ALPL30IETF,"ICICIPRAMC - ICICIALPLV",27.36,27.47,7.55,0.40,1.81,31.80,24.00,28.51,250,5720065
2898,TRANSWIND-SM,"TRANSWIND INFRA",18.63,14.60,10.42,0.00,1.81,28.40,12.70,84.26,72,5442561
2899,ASLIND-ST,"ASL INDUSTRIES",41.96,68.95,10.53,0.00,1.80,68.95,29.00,95.20,164,5248769
2900,GOLD1,"KOTAK GOLD ETF",76.49,101.54,9.57,0.45,1.80,102.99,62.07,53.50,250,3803649
2901,TCS,"TATA CONSULTANCY SERV LT",3625.33,3028.00,7.19,0.46,1.79,4494.90,2866.60,44.91,250,2953217
2902,CONSUMIETF,"ICICIPRAMC - ICICICONSU",117.91,127.00,8.17,0.35,1.79,131.29,101.23,25.49,250,1650177
2903,902SCL26I-AW,"902SCL26I-AW",641.92,642.00,3.56,0.00,1.78,642.00,619.00,3.58,2,4485377
2904,MOGSEC,"MOTILALAMC - G5",60.28,63.10,6.69,0.18,1.78,65.80,56.00,16.26,250,385793
2905,MOM50,"MOTILAL OSWAL M50 ETF",249.72,262.53,20.49,0.51,1.78,271.89,218.00,21.58,250,4937985
2906,709TN35-SG,"SDL TN 7.09% 2035",97.40,99.00,8.84,0.00,1.77,99.00,90.25,8.98,5,7571201
2907,QUAL30IETF,"ICICIPRAMC - ICICIQTY30",20.88,21.45,15.90,0.37,1.76,23.44,18.01,26.00,250,4558849
2908,INFRAIETF,"ICICIPRAMC - ICICIINFRA",89.59,94.44,5.61,0.46,1.76,98.53,77.65,23.31,250,2745089
2909,LICMFGOLD,"LIC MF - LIC GOLD ETF",8270.58,10938.85,13.78,0.44,1.75,11477.00,6690.00,57.88,250,6563841
2910,CONSUMBEES,"NIP IND ETF CONSUMPTION",126.94,136.70,7.59,0.50,1.75,141.34,110.86,24.01,250,623361
2911,OMFREIGHT-BE,"OM FREIGHT FORWARDERS",89.91,94.33,5.22,0.00,1.74,94.33,81.10,14.71,3,194409473
2912,SBIETFPB,"SBIAMC - SBIETFPB",265.06,282.75,8.55,0.32,1.74,293.70,235.89,21.81,250,184833
2913,756TN53A-SG,"SDL TN 7.56% 2053",97.65,97.50,5.13,0.00,1.74,100.00,92.50,7.68,7,5358849
2914,855TCAPS27-N7,"855TCAPS27-N7",993.55,989.10,2.92,0.28,1.73,1020.00,989.00,3.12,3,5425665
2915,948SCL27R-N1,"948SCL27R-N1",958.57,935.00,5.42,0.00,1.73,990.00,907.00,8.66,6,7403777
2916,TIMESCAN-SM,"TIMESCAN LOGISTICS IND L",59.58,51.15,10.51,0.00,1.72,80.00,38.40,69.82,172,1996801
2917,NPBET,"TATAAML - NPBET",268.70,286.00,5.26,0.00,1.72,296.70,240.38,20.96,250,3322369
2918,990SCL26A-NL,"990SCL26A-NL",911.52,692.40,21.52,0.00,1.72,1236.00,692.40,59.64,19,5135617
2919,NIFTY MID LIQ 15,"NIFTY MID LIQ 15",14278.59,15555.85,4.89,0.44,1.72,15919.50,11541.70,30.66,250,270601
2920,AILIMITED-SM,"ABHISHEK INTEGRATIONS",63.02,38.50,9.62,0.00,1.71,90.90,36.70,86.01,150,1184257
2921,863REC29-NC,"863REC29-NC",1280.44,1159.10,23.33,0.00,1.70,1500.00,1113.10,30.22,14,750849
2922,MOQUALITY,"MOTILALAMC - MOQUALITY",188.37,194.97,9.85,0.33,1.70,215.72,162.15,28.44,250,2770433
2923,AARTISURF-P1,"AARTI SURFACTANTS",160.63,138.10,31.28,0.00,1.70,210.00,112.10,60.95,53,3102977
2924,RELIANCE,"RELIANCE INDUSTRIES",1337.36,1380.70,4.84,0.66,1.70,1551.00,1114.85,32.61,250,738561
2925,NIFTY PSE,"NIFTY PSE",9618.21,9907.50,5.32,0.45,1.70,10981.80,7956.45,31.45,250,262665
2926,NIFTY MICROCAP250,"NIFTY MICROCAP250",23261.54,23525.45,5.82,0.46,1.70,26476.90,18526.65,34.18,250,290569
2927,VERTEXPLUS-ST,"VERTEXPLUS TECHNOLOGIES L",108.99,135.80,10.53,0.00,1.70,149.80,73.40,70.10,139,3712769
2928,IRBINVIT-IV,"IRB INVIT FUND",58.96,63.32,7.72,0.32,1.69,65.25,49.91,26.02,250,5329153
2929,EQUAL200,"MIRAEAMC - EQUAL200",12.74,13.25,12.07,0.15,1.69,13.75,11.03,21.35,142,7710977
2930,NIFTY SMLCAP 50,"NIFTY SMLCAP 50",8488.05,8681.30,7.56,0.48,1.69,9505.50,6776.05,32.16,250,266761
2931,NIFTY IT,"NIFTY IT",38868.56,35577.30,5.87,0.67,1.68,46088.90,30918.95,39.03,250,259849
2932,NIF100BEES,"NIP IND ETF NIFTY 100",261.79,274.05,8.14,0.45,1.68,282.91,230.35,20.08,250,7571713
2933,76JK53A-SG,"SDL JK 7.6% 2053",100.62,101.85,5.00,0.00,1.67,101.85,95.00,6.81,3,5170433
2934,NIFTY CPSE,"NIFTY CPSE",6289.27,6531.30,5.58,0.37,1.67,7073.70,5284.25,28.45,250,268297
2935,EGOLD,"EDELAMC - EGOLD",91.96,121.00,6.61,0.26,1.66,123.15,75.00,52.36,250,5102849
2936,QGOLDHALF,"QUANTUM GOLD FUND",75.79,100.55,7.05,0.25,1.66,103.03,59.99,56.79,250,3924481
2937,NIFTY SMLCAP 100,"NIFTY SMLCAP 100",17640.04,18124.25,7.17,0.45,1.65,19716.20,14084.30,31.93,250,267017
2938,1015SCL29-ZL,"1015SCL29-ZL",988.50,1005.00,8.51,0.00,1.65,1005.00,900.30,10.59,11,6131713
2939,INFRABEES,"NIP IND ETF INFRA BEES",903.12,948.91,6.41,0.52,1.65,998.18,783.98,23.72,250,5138433
2940,1003IIFL29-NC,"1003IIFL29-NC",984.44,980.00,16.41,0.00,1.64,1098.00,838.20,26.39,117,6180097
2941,SETFNIF50,"SBI-ETF NIFTY 50",256.84,270.00,4.95,0.48,1.64,277.16,227.33,19.40,250,2605057
2942,AXSENSEX,"AXISAMC - AXSENSEX",81.36,84.65,25.16,0.28,1.64,90.00,66.40,29.01,250,3773953
2943,990SCL26D-AH,"990SCL26D-AH",554.93,360.00,15.09,0.00,1.64,888.00,330.00,100.55,38,3768321
2944,948SCL26-N9,"948SCL26-N9",796.65,480.00,22.17,0.00,1.63,900.00,479.00,52.85,26,5060609
2945,HDFCSENSEX,"HDFCAMC - HDFCSENSEX",89.04,92.50,4.68,0.32,1.63,95.00,80.55,16.23,250,2967809
2946,ITC,"ITC",417.03,402.40,6.91,0.55,1.62,471.50,390.15,19.51,250,424961
2947,GOLDETFADD,"DSPAMC - DSPGOLDETF",89.07,118.20,7.73,0.37,1.62,121.00,72.20,54.79,250,3931137
2948,NIFTYETF,"MIRAEAMC - MAN50ETF",259.35,272.76,7.24,0.36,1.61,277.78,226.00,19.97,250,1626369
2949,ESG,"MIRAEAMC - MAESGETF",41.04,42.97,6.67,0.28,1.61,44.53,36.00,20.79,250,307201
2950,BANKETFADD,"DSPAMC - DSPBANKETF",53.91,57.81,16.28,0.43,1.61,61.00,46.50,26.90,250,3492865
2951,NIFTY1,"KOTAK NIFTY ETF",264.60,277.32,17.04,0.47,1.60,320.00,238.25,30.90,250,4634113
2952,713MH37-SG,"SDL MH 7.13% 2037",94.28,93.55,3.21,0.00,1.60,95.00,91.00,4.24,2,6492161
2953,NIFTY CONSR DURBL,"NIFTY CONSR DURBL",38468.89,38585.65,5.89,0.45,1.60,43762.10,32205.30,30.04,250,288777
2954,NIFTYM150MOMNTM50,"NIFTYM150MOMNTM50",60312.28,61337.95,4.63,0.38,1.60,68439.80,49575.25,31.28,250,294665
2955,MOTOUR,"MOTILALAMC - MOTOUR",91.50,88.85,5.38,0.45,1.60,97.20,85.82,12.44,84,193905409
2956,NIFTY AUTO,"NIFTY AUTO",23557.06,26730.75,3.73,0.42,1.60,27725.75,19316.65,35.70,250,263433
2957,SIGNORIA-SM,"SIGNORIA CREATION",102.92,75.00,9.42,0.00,1.60,177.00,60.00,113.68,150,5925633
2958,EQUAL50ADD,"DSPAMC - DSPNEWETF",313.96,336.00,5.33,0.40,1.60,337.49,280.01,18.31,250,1691137
2959,995SCL2035-NM,"995SCL2035-NM",953.15,945.70,7.09,0.00,1.60,980.00,900.10,8.38,36,193919233
2960,990SCL26B-Y7,"990SCL26B-Y7",1003.18,1030.20,23.29,0.00,1.59,1048.89,820.00,22.82,22,5374721
2961,NIFTY200 ALPHA 30,"NIFTY200 ALPHA 30",24597.90,25191.60,4.66,0.52,1.59,28920.25,20275.90,35.14,250,294409
2962,NIFTY MS IT TELCM,"NIFTY MIDSMALL IT & TELECOM",9987.14,9768.25,5.81,0.00,1.59,11569.60,7836.00,37.38,250,411913
2963,IVZINGOLD,"INVESCO INDIA GOLD ETF",7976.31,10525.00,17.64,0.30,1.59,12272.75,6460.00,72.88,250,4682753
2964,KALYANI-BE,"KALYANI COMMERCIALS",131.62,138.09,4.76,0.00,1.59,138.09,119.30,14.28,3,5031169
2965,9SCL27-N2,"9SCL27-N2",957.39,972.80,6.74,0.00,1.58,1000.00,887.00,11.80,42,193909249
2966,875SCL23A-YI,"875SCL23A-YI",959.84,960.00,10.96,0.00,1.58,999.00,900.30,10.28,23,5383169
2967,ACTIVEINFR-SM,"ACTIVE INFRASTRUCTURES L",170.68,176.70,14.68,0.00,1.58,190.00,147.05,25.16,96,7798785
2968,11UCL26-NC,"11UCL26-NC",1048.80,1067.80,20.05,0.00,1.58,1240.30,880.25,34.33,46,5847809
2969,NIFTY50ADD,"DSPAMC - DSPN50ETF",251.19,264.25,21.43,0.38,1.58,278.30,225.66,20.96,250,1907457
2970,NIFTY MID SELECT,"NIFTY MIDCAP SELECT (MIDCPNIFTY)",12452.79,13147.40,4.17,0.39,1.56,13537.80,10382.55,25.34,250,288009
2971,EBBETF0430,"EDELAMC - EBBETF0430",1483.88,1546.40,19.80,0.17,1.56,1586.20,1232.00,23.87,250,4160769
2972,MAKS-SM,"MAKS ENERGY SOL INDIA",35.80,33.00,10.04,0.00,1.56,56.95,25.50,87.86,170,2871809
2973,NIFTY ENERGY,"NIFTY ENERGY",35144.00,35372.25,5.58,0.44,1.56,41968.15,29313.20,36.01,250,261641
2974,TOP10ADD,"DSPAMC - TOP10ADD",94.76,96.92,4.54,0.36,1.56,103.43,86.50,17.87,250,6443777
2975,NIFTY SMLCAP 250,"NIFTY SMLCAP 250",16659.90,17106.95,6.80,0.38,1.55,18575.50,13314.70,31.58,250,267273
2976,SCL310524-ZF,"SCL310524-ZF",1034.19,1090.20,7.41,0.00,1.55,1096.00,899.70,18.98,30,6127873
2977,SENSEXADD,"DSPAMC - DSPSENXETF",80.95,84.16,16.85,0.23,1.55,95.00,72.00,28.41,250,4508929
2978,NIFTY OIL AND GAS,"NIFTY OIL AND GAS",11031.27,11455.85,4.80,0.49,1.54,12409.10,9327.50,27.94,250,289033
2979,ICICIBANK,"ICICI BANK",1348.67,1379.00,4.66,0.62,1.53,1500.00,1186.00,23.28,250,1270529
2980,MASTER-SM,"MASTER COMPONENTS",330.09,357.25,10.04,0.00,1.52,425.00,250.00,53.02,168,4866817
2981,HDFCNIFTY,"HDFCAMC - HDFCNIFTY",268.88,282.75,5.65,0.43,1.52,292.09,240.55,19.17,250,2967297
2982,HDFCBANK,"HDFC BANK",922.39,981.45,3.86,0.60,1.51,1018.80,812.20,22.40,250,341249
2983,960IIFL30-Y2,"960IIFL30-Y2",1000.59,1129.00,10.15,0.00,1.51,1133.00,830.00,30.28,16,193575169
2984,NIFTYSML250MQ 100,"NIFTY SMALLCAP250 MOMENTUM QUALITY 100",46102.84,45649.80,7.68,0.00,1.51,53848.25,36503.50,37.62,250,410121
2985,FOCE-SM,"FOCE INDIA",1659.68,1943.00,9.49,0.00,1.51,1980.00,1226.00,45.43,103,1890561
2986,UTISENSETF,"UTIAMC - UTISENSETF",869.67,907.84,4.98,0.32,1.50,939.70,779.95,18.37,250,2691841
2987,SOTAC-SM,"SOTAC PHARMACEUTICALS",119.92,125.00,10.14,0.00,1.50,152.35,88.05,53.62,126,3838209
2988,1060ECL29-NS,"1060ECL29-NS",1028.22,1056.50,24.19,0.00,1.50,1340.00,890.30,43.74,175,2044417
2989,NIFTY MIDSML HLTH,"NIFTY MIDSML HLTH",42209.44,44419.00,5.54,0.42,1.49,46103.35,36549.55,22.63,250,295689
2990,NIFTY HIGHBETA 50,"NIFTY HIGHBETA 50",3574.80,3851.40,5.45,0.00,1.49,3973.04,2927.85,29.24,250,405769
2991,NIFTY IND TOURISM,"NIFTY INDIA TOURISM",8817.35,8908.15,5.40,0.00,1.49,9497.20,7696.15,20.43,250,414217
2992,DRSDILIP-SM,"DRS DILIP ROADLINES",104.95,93.10,10.52,0.00,1.49,136.55,78.40,55.41,36,1711617
2993,VERITAAS-SM,"VERITAAS ADVERTISING",94.42,62.00,10.41,0.00,1.49,141.50,59.15,87.21,132,6086401
2994,BANKNIFTY1,"KOTAKMAMC-KOTAKBKETF",545.99,586.33,12.00,0.35,1.49,651.60,490.15,29.57,250,1497857
2995,SCLZC25D-NJ,"SCLZC25D-NJ",1108.99,1190.00,9.24,0.00,1.49,1190.00,1010.10,16.22,15,5129985
2996,948SCL26A-NN,"948SCL26A-NN",730.16,759.00,19.98,0.00,1.48,1170.00,603.00,77.65,125,5139201
2997,SCL271224A-N1,"SCL271224A-N1",992.23,1032.50,7.50,0.00,1.48,1040.00,905.00,13.61,16,7400449
2998,NIFTY IND DIGITAL,"NIFTY IND DIGITAL",8965.08,9212.90,4.63,0.47,1.47,10152.15,7334.40,31.43,250,291337
2999,NIFTY PHARMA,"NIFTY PHARMA",21881.41,22235.85,6.53,0.51,1.47,23885.95,19121.10,21.78,250,262409
3000,NIFTY MIDCAP 50,"NIFTY MIDCAP 50",15658.69,16613.20,4.01,0.34,1.47,16941.10,13269.65,23.45,250,260873
3001,QFIL-SM,"QUALITY FOILS (INDIA)",83.37,70.00,9.29,0.00,1.47,114.00,60.55,64.11,125,3740929
3002,KRT-RR,"KNOWLEDGE REALTY TRUST",110.97,117.00,5.59,0.31,1.47,120.00,103.00,15.32,38,194158337
3003,NIFTY MIDCAP 100,"NIFTY MIDCAP 100",55762.73,58677.60,4.32,0.33,1.46,59967.90,46865.70,23.50,250,256777
3004,916SCL25-ZW,"916SCL25-ZW",495.69,425.00,22.00,0.00,1.45,850.00,416.50,87.45,38,3451393
3005,MONEXT50,"MOTILALAMC - MONEXT50",67.15,68.38,4.88,0.31,1.44,71.15,63.54,11.33,105,193834753
3006,NIFTY200MOMENTM30,"NIFTY200MOMENTM30",30956.06,31099.95,4.10,0.39,1.44,37701.20,25133.95,40.60,250,290057
3007,MPTODAY-SM,"M P TODAY MEDIA",37.46,49.15,10.17,0.00,1.44,56.80,25.20,84.35,96,5578753
3008,940CAGL27-NB,"940CAGL27-NB",997.50,1000.00,11.48,0.00,1.43,1000.00,885.20,11.51,8,4730881
3009,NIFTY500MOMENTM50,"NIFTY500 MOMENTUM 50",52963.92,52876.30,5.99,0.00,1.43,64418.43,41694.70,42.90,250,409609
3010,SETFNIFBK,"SBI-ETF NIFTY BANK",540.63,580.02,11.25,0.35,1.43,596.30,485.00,20.59,250,1884417
3011,NIFTY HEALTHCARE,"NIFTY HEALTHCARE",14170.97,14755.30,5.38,0.43,1.43,15108.80,12561.70,17.97,250,288521
3012,NIFTY MS FIN SERV,"NIFTY MIDSMALL FINANCIAL SERVICES",16564.35,18990.00,4.60,0.00,1.43,19281.05,13363.10,35.73,250,411401
3013,NIFTY NEXT 50,"NIFTY NEXT 50",66596.09,68671.15,4.31,0.35,1.43,76093.30,56192.45,29.88,250,270857
3014,MOINFRA,"MOTILALAMC - MOINFRA",59.67,61.06,6.22,0.24,1.42,63.04,56.28,11.33,100,193799937
3015,LIQUIDCASE,"ZERODHA NIFTY 1D RATE LIQUID ETF",107.91,110.87,7.67,0.02,1.42,113.08,101.70,10.55,250,5568001
3016,SABTNL-BE,"SRI ADHIKARI BRO TELE N L",964.81,873.00,10.52,0.00,1.42,2219.95,352.60,193.55,250,5981953
3017,1025SFIL26-NT,"1025SFIL26-NT",724.79,439.90,12.40,0.00,1.42,950.00,439.90,70.38,18,3899137
3018,990SCL28-N1,"990SCL28-N1",981.09,1001.00,10.36,0.00,1.41,1050.00,900.30,15.26,27,7736833
3019,HEUBACHIND,"HEUBACH COLORANTS IND",572.03,528.50,15.51,0.16,1.41,733.90,508.00,39.49,250,183041
3020,NIFTYMS400 MQ 100,"NIFTY MIDSMALLCAP400 MOMENTUM QUALITY 100",48372.52,48391.55,5.63,0.00,1.40,54936.43,38797.30,33.36,250,409865
3021,NIFTY MIDSML 400,"NIFTY MIDSML 400",19220.14,20070.55,5.36,0.30,1.40,20900.90,15832.85,26.37,250,266505
3022,LICNETFN50,"LICNAMC - LICNFENGP",267.42,280.45,9.16,0.29,1.40,289.99,239.65,18.82,250,2897665
3023,SENSEXETF,"MIRAEAMC - SENSEXETF",80.97,84.29,4.82,0.36,1.39,86.16,72.01,17.48,250,4921345
3024,990SCFL26-AJ,"990SCFL26-AJ",1169.47,1261.00,9.50,0.00,1.39,1261.00,1000.00,22.32,35,3762177
3025,NIFTY COMMODITIES,"NIFTY COMMODITIES",8549.49,9123.05,3.88,0.33,1.39,9444.25,7502.95,22.71,250,257289
3026,NIFTY MIDCAP 150,"NIFTY MIDCAP 150",20625.33,21736.85,4.61,0.32,1.38,22151.05,17269.50,23.67,250,266249
3027,EBANKNIFTY,"EDELAMC - EBANKNIFTY",53.14,56.89,9.22,0.19,1.37,57.84,47.00,20.40,250,6466049
3028,SENSEXIETF,"ICICI PRUD SENSEX ETF",902.29,938.33,6.38,0.42,1.37,974.78,812.04,18.04,250,1120769
3029,MOMGF,"MOTILALAMC - MOMGF",144.88,149.77,21.22,0.00,1.37,182.16,139.07,29.74,93,193817345
3030,515GS2025-GS,"GOI LOAN  5.15% 2025",99.15,102.20,10.51,0.00,1.37,105.01,86.80,18.37,81,269825
3031,965SCL26F-N1,"965SCL26F-N1",1008.63,975.00,14.91,0.00,1.36,1099.00,901.00,19.63,71,6536705
3032,POLYSIL-ST,"POLYSIL IRRIGATION SYST L",72.47,278.00,22.61,0.00,1.36,285.95,14.25,374.91,225,5814785
3033,PGINVIT-IV,"POWERGRID INFRA. INVITS",86.30,95.23,5.14,0.12,1.36,97.40,74.96,26.00,250,894465
3034,NIFTYBEES,"NIP IND ETF NIFTY BEES",271.66,285.37,13.47,0.36,1.35,295.30,231.30,23.56,250,2707457
3035,965SCL25C-N0,"965SCL25C-N0",683.41,606.00,16.36,0.00,1.34,993.00,570.40,61.84,115,3455233
3036,HEALTHADD,"DSPAMC - HEALTHADD",142.41,148.27,18.73,0.00,1.33,152.04,120.00,22.50,250,5783553
3037,NIFTY IPO,"NIFTY IPO",2048.94,2165.15,6.10,0.00,1.32,2301.88,1617.15,33.42,250,411145
3038,NIFTY SML250 Q50,"NIFTY SMALLCAP250 QUALITY 50",26909.57,26416.50,6.93,0.00,1.32,31578.03,21263.85,38.33,250,407305
3039,UTINIFTETF,"UTIAMC - UTINIFTETF",264.36,277.70,5.89,0.29,1.32,281.48,235.00,17.58,250,2690817
3040,AGUL-SM,"A G UNIVERSAL",53.71,68.00,9.53,0.00,1.32,70.50,37.30,61.81,143,3877633
3041,MON50EQUAL,"MOTILALAMC - MON50EQUAL",31.60,32.58,7.58,0.22,1.31,33.80,29.78,12.72,109,193766401
3042,INDIGRID-IV,"INDIGRID INFRASTRUCT TRST",149.77,168.50,5.86,0.19,1.31,173.79,137.00,24.56,250,5372929
3043,1050IIFL29-ND,"1050IIFL29-ND",1003.57,1000.00,14.77,0.00,1.30,1048.00,852.30,19.50,43,6180609
3044,SILVERBEES,"NIPPONAMC - NETFSILVER",99.26,154.50,11.26,0.40,1.30,165.00,77.55,88.10,250,2068481
3045,SIDDHIKA-SM,"SIDDHIKA COATINGS",177.63,198.90,8.57,0.00,1.30,219.20,125.00,53.03,163,805889
3046,NIFTY M150 QLTY50,"NIFTY M150 QLTY50",23751.91,24360.30,3.77,0.38,1.30,26059.80,19848.35,26.15,250,290825
3047,925IHFL29-N1,"925IHFL29-N1",951.38,957.53,7.78,0.00,1.29,985.50,900.00,8.99,10,7391233
3048,NIFTY MULTI INFRA,"NIFTY MULTI INFRA",13589.99,14128.05,3.67,0.37,1.29,14667.50,11537.35,23.03,250,295433
3049,BANKBEES,"NIP IND ETF BANK BEES",545.14,585.11,5.20,0.42,1.29,596.00,490.00,19.44,250,2928385
3050,LTGILTCASE,"ZERODHAAMC - LTGILTCASE",29.38,29.56,3.87,0.10,1.28,30.45,28.91,5.24,36,194228481
3051,NIFTY INDIA MFG,"NIFTY INDIA MFG",13939.61,15050.50,4.02,0.31,1.27,15427.65,11676.20,26.91,250,291081
3052,1003SCL31P-N1,"1003SCL31P-N1",962.01,944.02,2.54,0.00,1.27,980.00,920.00,6.24,2,7405825
3053,NIFTY FINSEREXBNK,"NIFTY FINANCIAL SERVICES",27400.02,30354.40,4.52,0.00,1.27,31050.50,23850.75,26.28,250,410633
3054,NIFTY FMCG,"NIFTY FMCG",55874.42,54925.85,5.57,0.43,1.27,62683.20,50199.35,22.34,250,261897
3055,NIFTY200 VALUE 30,"NIFTY200 VALUE 30",12652.88,13536.90,4.36,0.00,1.27,13897.05,10874.70,23.89,250,408841
3056,NIFTY MULTI MFG,"NIFTY MULTI MFG",14664.77,15686.85,4.32,0.32,1.26,15962.20,12294.45,25.01,250,295177
3057,SCL01825-N6,"SCL01825-N6",945.80,934.10,3.61,0.00,1.26,975.00,928.00,4.97,26,193910273
3058,1018GS2026-GS,"GOI LOAN 10.18% 2026",108.91,105.50,7.32,0.00,1.26,116.00,101.89,12.96,231,1749249
3059,MOXSH-SM,"MOXSH OVERSEAS EDUCON",37.23,38.10,9.28,0.00,1.25,57.15,25.50,85.01,95,3456513
3060,GOLDETF,"MIRAEAMC - MAGOLDETF",89.16,118.16,11.15,0.43,1.25,119.89,72.60,53.04,250,3657217
3061,888SCL25E-N4,"888SCL25E-N4",898.86,780.00,10.60,0.00,1.25,1000.00,731.00,29.93,45,4839937
3062,74GS2062-GS,"GOI LOAN  7.4% 2062",106.34,102.98,7.62,0.00,1.24,114.98,97.99,15.98,207,2811137
3063,1030SFIL26-NJ,"1030SFIL26-NJ",1180.87,1270.00,10.94,0.00,1.24,1270.00,1100.00,14.40,32,3591169
3064,NIFTYBETF,"BFAM - NIFTYBETF",245.48,257.60,7.92,0.31,1.24,265.30,220.50,18.25,250,5621505
3065,NIFTY MULTI MQ 50,"NIFTY500 MULTICAP MOMENTUM QUALITY 50",41919.06,41984.15,4.85,0.00,1.24,49317.80,33420.00,37.92,250,406537
3066,NIFTY INFRA,"NIFTY INFRA",8741.40,9178.00,3.23,0.29,1.23,9494.55,7589.95,21.79,250,261385
3067,764GA38-SG,"SDL GA 7.64% 2038",97.92,100.00,4.65,0.00,1.23,100.00,95.00,5.11,5,3486465
3068,ACCORD-SM,"ACCORD SYNERGY",25.79,22.00,9.90,0.00,1.22,35.05,17.50,68.05,82,5431553
3069,10IIFLSF27-NB,"10IIFLSF27-NB",1012.83,1001.00,26.84,0.00,1.22,1225.00,930.00,29.13,29,6179585
3070,980SCL33-NX,"980SCL33-NX",950.87,916.00,9.44,0.00,1.21,1174.99,820.60,37.27,18,5150721
3071,NIFTY500 VALUE 50,"NIFTY500 VALUE 50",13752.29,14660.85,4.48,0.00,1.21,15015.66,11829.30,23.17,250,409353
3072,PATTECH-ST,"PATTECH FITWELL TUB COM L",112.68,109.00,10.53,0.00,1.21,160.00,60.10,88.66,145,3876609
3073,96SFIL24A-NB,"96SFIL24A-NB",954.80,1044.00,18.61,0.00,1.21,1122.84,821.00,31.61,184,1262081
3074,NIFTY100 LIQ 15,"NIFTY100 LIQ 15",6662.35,7312.00,3.13,0.37,1.20,7328.55,5985.30,20.16,250,267785
3075,CAGL27-NC,"CAGL27-NC",1082.67,1190.00,3.59,0.00,1.20,1190.00,1000.00,17.55,3,4732161
3076,92SFIL28-ND,"92SFIL28-ND",976.31,926.07,16.72,0.00,1.20,1047.45,786.00,26.78,101,1265153
3077,NIFTY FINSRV25 50,"NIFTY FINSRV25 50",26957.24,28972.45,3.34,0.37,1.19,29569.40,23941.55,20.88,250,288265
3078,SUBAHOTELS-ST,"SUBA HOTELS",174.39,187.30,4.76,0.00,1.19,187.30,154.20,18.98,4,194589441
3079,BANKETF,"MIRAEAMC - BANKETF",535.94,574.58,6.18,0.26,1.18,582.81,481.38,18.93,250,4459265
3080,NIFTY100 EQL WGT,"NIFTY100 EQL WGT",31699.85,33412.85,3.57,0.25,1.18,34617.75,27699.35,21.82,250,271881
3081,INTEGRITY-SM,"INTEGRITY INFRABUILD DE L",101.31,102.95,22.12,0.00,1.18,110.10,81.70,28.03,81,194022913
3082,NIFTY TRANS LOGIS,"NIFTY TRANSPORTATION & LOGISTICS",22635.68,25814.80,3.90,0.00,1.18,26459.70,18482.85,35.24,250,412937
3083,NIFTY DIV OPPS 50,"NIFTY DIV OPPS 50",6070.24,6045.40,4.13,0.34,1.18,6837.30,5288.60,25.51,250,257033
3084,NIFTY GROWSECT 15,"NIFTY GROWSECT 15",11540.92,11975.90,3.92,0.35,1.18,12662.50,9722.65,25.47,250,270345
3085,NIFTY MS IND CONS,"NIFTY MIDSMALL INDIA CONSUMPTION",19254.65,19757.75,4.26,0.00,1.18,21008.10,16870.20,21.49,250,411657
3086,764KA39-SG,"SDL KA 7.64% 2039",100.70,101.25,5.15,0.00,1.18,105.42,95.00,10.35,11,5310465
3087,NIFTY MNC,"NIFTY MNC",28202.70,29975.65,4.55,0.33,1.17,31906.05,23981.05,28.10,250,262153
3088,NIFTY CONSUMPTION,"NIFTY CONSUMPTION",11470.63,12284.60,4.21,0.36,1.17,12582.10,10090.65,21.72,250,257545
3089,1075SCL34T-N1,"1075SCL34T-N1",985.50,1030.00,6.00,0.00,1.17,1030.00,926.25,10.53,9,7406337
3090,IIFLHFZC27-NB,"IIFLHFZC27-NB",1200.76,1273.30,25.38,0.00,1.17,1330.00,985.00,28.73,28,1962497
3091,915SCL26-NE,"915SCL26-NE",1005.17,999.99,20.45,0.00,1.16,1229.00,874.00,35.32,170,4770817
3092,RICHA-SM,"RICHA INFO SYSTEMS",74.42,55.00,10.11,0.00,1.16,102.05,50.00,69.94,132,2101249
3093,894SCL27-ZY,"894SCL27-ZY",883.87,890.00,23.77,0.00,1.16,1060.00,799.00,29.53,30,3452673
3094,NIFTY200 QUALTY30,"NIFTY200 QUALTY30",20450.52,20815.40,4.41,0.34,1.16,23067.95,17440.65,27.52,250,265737
3095,NIFTY PVT BANK,"NIFTY PVT BANK",26111.11,27771.45,2.80,0.37,1.15,28577.65,23508.05,19.42,250,271113
3096,NIFTY EV,"NIFTY EV & NEW AGE AUTOMOTIVE",2930.85,3093.50,4.07,0.00,1.15,3457.58,2356.45,37.57,250,405513
3097,NIFTY NEW CONSUMP,"NIFTY INDIA NEW AGE CONSUMPTION",11384.54,12164.85,4.37,0.00,1.14,12450.05,9627.40,24.79,250,406793
3098,NIFTY500 MULTICAP,"NIFTY500 MULTICAP",15583.88,16241.05,4.12,0.30,1.14,16690.00,13318.60,21.63,250,289289
3099,NIFTY COREHOUSING,"NIFTY CORE HOUSING",15796.73,16041.45,3.69,0.00,1.14,17444.48,13680.90,23.83,250,410377
3100,957NIDO26-N5,"957NIDO26-N5",982.97,1000.00,11.34,0.00,1.14,1021.00,890.00,13.33,152,4573185
3101,NIFTY BANK,"NIFTY BANK",53044.63,56620.95,2.89,0.38,1.13,57628.40,47702.90,18.71,250,260105
3102,BLUECOAST-BE,"BLUE COAST HOTELS",37.29,51.38,10.25,0.00,1.13,86.31,9.52,205.91,210,2189313
3103,NIFTY FIN SERVICE,"NIFTY FIN SERVICE",25059.86,26850.30,3.13,0.35,1.13,27369.80,22320.85,20.15,250,257801
3104,NIFTY LARGEMID250,"NIFTY LARGEMID250",15648.75,16407.25,3.57,0.29,1.13,16657.65,13526.30,20.01,250,289545
3105,NIFTY MOBILITY,"NIFTY MOBILITY",20168.18,22716.60,3.92,0.00,1.13,23210.25,16712.45,32.22,250,406281
3106,NIFTY500 EW,"NIFTY500 EQUAL WEIGHT",13799.81,14415.90,5.37,0.00,1.13,15071.18,11381.50,26.74,250,409097
3107,LICNETFGSC,"LICNAMC - LICNMFET",27.60,28.59,5.52,0.32,1.12,30.00,26.00,14.49,250,1551873
3108,1040UCL27B-N1,"1040UCL27B-N1",999.57,981.00,17.87,0.00,1.12,1050.00,850.00,20.01,71,6634497
3109,IVZINNIFTY,"INVESCO INDIA NIFTY ETF",2735.85,2859.12,5.63,0.00,1.12,2979.63,2480.00,18.26,232,6199553
3110,QNIFTY,"QUANTUM NIFTY 50 ETF",2628.07,2760.00,5.61,0.15,1.12,2848.48,2364.00,18.43,250,4305665
3111,965SCL26A-ZB,"965SCL26A-ZB",976.28,1000.00,9.20,0.00,1.11,1023.46,864.00,16.33,33,6125569
3112,NIF10GETF,"UTIAMC - NIF10GETF",25.27,26.10,12.45,0.00,1.11,27.25,23.85,13.45,249,5766145
3113,AXISBNKETF,"AXISAMC - AXISBNKETF",543.11,582.00,6.06,0.34,1.11,589.90,485.00,19.31,250,267265
3114,SCL310524A-ZK,"SCL310524A-ZK",1000.87,1095.00,7.44,0.00,1.10,1095.00,903.00,19.18,22,6131201
3115,GSEC10YEAR,"MIRAEAMC - MAGS813ETF",28.43,29.30,9.82,0.04,1.10,31.00,27.00,14.07,250,3824129
3116,DRL-SM,"DHANUKA REALTY",23.80,25.00,10.31,0.00,1.09,34.00,12.50,90.35,79,4804865
3117,747MH36-SG,"SDL MH 7.47% 2036",98.95,101.05,3.06,0.00,1.09,101.05,95.00,6.11,3,5824513
3118,SCLZC26E-NP,"SCLZC26E-NP",1100.28,1173.04,10.97,0.00,1.08,1173.04,1005.20,15.25,18,5142529
3119,BIRDYS-ST,"GRILL SPLENDOUR SER",104.80,125.00,7.41,0.00,1.08,154.00,77.00,73.47,189,6031873
3120,NIFTY100 ALPHA 30,"NIFTY100 ALPHA 30",17882.67,18558.50,3.62,0.00,1.08,20906.83,15108.10,32.43,250,408329
3121,97SFL28-YS,"97SFL28-YS",1074.78,1115.90,17.83,0.00,1.07,1169.00,945.00,20.84,90,1579009
3122,NIFTY TOTAL MKT,"NIFTY TOTAL MKT",12597.85,13122.50,3.42,0.27,1.07,13426.80,10954.70,19.62,250,290313
3123,NIFTY50 EQL WGT,"NIFTY50 EQL WGT",30404.39,32353.60,2.98,0.29,1.07,32551.45,26907.05,18.56,250,271625
3124,NIFTY CORP MAATR,"NIFTY INDIA SELECT 5 CORPORATE GROUPS",35508.24,37092.40,3.52,0.00,1.07,39182.69,30192.20,25.32,249,405257
3125,NIFTY100 ESG,"NIFTY100 ESG",4774.42,5008.90,2.81,0.31,1.06,5091.10,4211.60,18.42,250,291593
3126,NIFTY 500,"NIFTY 500",22373.98,23331.00,3.33,0.27,1.06,23814.95,19519.85,19.20,250,268041
3127,NIFTY100 QUALTY30,"NIFTY100 QUALTY30",5535.36,5682.90,4.11,0.35,1.05,6162.90,4785.60,24.88,250,272393
3128,667GS2035-GS,"GOI LOAN  6.67% 2035",104.00,102.00,9.25,0.00,1.05,130.00,96.87,31.86,128,1427713
3129,945SCL32-NL,"945SCL32-NL",940.48,953.03,3.10,0.00,1.05,953.03,900.00,5.64,3,193914113
3130,NIFTY50 VALUE 20,"NIFTY50 VALUE 20",12951.19,12849.15,3.20,0.32,1.05,14293.35,11375.50,22.53,250,267529
3131,MANAV-SM,"MANAV INFRA PROJECTS",15.95,27.60,10.65,0.00,1.04,27.60,10.50,107.19,89,5554433
3132,772GS2055-GS,"GOI LOAN 7.72% 2055",110.49,117.58,5.24,0.00,1.04,119.40,102.81,15.01,78,1826817
3133,NIFTY 200,"NIFTY 200",13518.43,14111.05,2.86,0.28,1.04,14320.05,11941.45,17.60,250,264457
3134,NIFTY ALPHALOWVOL,"NIFTY ALPHALOWVOL",26566.61,26617.85,3.30,0.31,1.04,30471.35,23354.15,26.79,250,273673
3135,GSEC5IETF,"ICICIPRAMC - ICICI5GSEC",60.90,63.60,5.89,0.00,1.03,66.70,57.32,15.40,248,2135553
3136,745AP38-SG,"SDL AP 7.45% 2038",99.29,100.13,6.09,0.00,1.02,102.00,94.00,8.06,10,5811201
3137,1025SCL34A-ZT,"1025SCL34A-ZT",965.87,951.00,7.95,0.00,1.02,1025.00,827.00,20.50,50,6137345
3138,LOWVOL,"MIRAEAMC - MANV30F",198.96,208.90,34.09,0.00,1.02,227.00,159.00,34.18,250,3785217
3139,NIFTY SERV SECTOR,"NIFTY SERV SECTOR",31888.55,32974.70,2.46,0.29,1.02,33916.45,29070.85,15.20,250,263177
3140,925SCFL27-YA,"925SCFL27-YA",1004.36,1023.65,6.15,0.00,1.02,1046.56,920.65,12.54,22,1988865
3141,NIFTY100ESGSECLDR,"NIFTY100ESGSECLDR",4040.45,4222.00,2.51,0.32,1.01,4295.00,3610.90,16.93,250,289801
3142,889SCL27-YT,"889SCL27-YT",944.86,910.50,7.30,0.00,1.00,969.90,900.30,7.37,29,2374913
3143,NIFTY500 LMS EQL,"NIFTY500 LARGEMIDSMALL EQUAL CAP WEIGHTED",17186.88,17906.05,4.63,0.00,1.00,18495.74,14479.00,23.37,250,413449
3144,SIDDHICOTS-ST,"SIDDHI COTSPIN",65.92,51.85,5.24,0.00,1.00,86.40,51.85,52.41,10,194318337
3145,736GS2052-GS,"GOI LOAN  7.36% 2052",105.78,103.00,9.52,0.00,1.00,114.93,100.33,13.80,166,2798337
3146,NIFTY 100,"NIFTY 100",24873.07,25918.05,2.60,0.27,1.00,26291.55,22177.35,16.54,250,260617
3147,707IRFC25-NF,"707IRFC25-NF",1058.90,1075.00,9.01,0.00,0.99,1199.90,1001.30,18.76,15,3000833
3148,695GS2061-GS,"GOI LOAN  6.95% 2061",101.11,99.00,7.49,0.00,0.99,107.65,96.00,11.52,169,1745153
3149,829PFL29-N6,"829PFL29-N6",1081.31,1101.00,10.62,0.00,0.99,1299.99,940.20,33.27,39,2553601
3150,1119NFL27-ND,"1119NFL27-ND",1043.52,1033.45,18.70,0.00,0.99,1244.00,915.00,31.53,68,5920001
3151,1075SCL34-ZR,"1075SCL34-ZR",997.41,961.54,9.91,0.00,0.98,1055.60,900.00,15.60,25,6136321
3152,NIFTY HOUSING,"NIFTY HOUSING",11125.65,11709.55,3.18,0.00,0.98,11868.94,9839.70,18.24,250,410889
3153,87LTF27-NH,"87LTF27-NH",1031.06,1026.50,14.93,0.00,0.98,1210.00,1002.01,20.17,130,5296897
3154,980SCL33D-YG,"980SCL33D-YG",953.77,974.00,11.74,0.00,0.98,1020.00,900.00,12.58,26,5382145
3155,1050ISFL28-N5,"1050ISFL28-N5",1002.35,1041.85,6.18,0.00,0.97,1090.00,932.00,15.76,149,5320705
3156,1015UCL26-N1,"1015UCL26-N1",993.82,981.00,15.76,0.00,0.97,1029.00,855.00,17.51,112,6633473
3157,CIFCZC28-NH,"CIFCZC28-NH",1071.72,1121.05,7.73,0.00,0.97,1124.50,1015.00,10.22,23,5233921
3158,971SCL29A-ZN,"971SCL29A-ZN",957.24,991.00,8.42,0.00,0.97,999.00,870.00,13.48,22,6133249
3159,NIFTY 50,"NIFTY 50",24216.18,25278.20,2.50,0.28,0.97,25669.35,21743.65,16.21,250,256265
3160,NIDOZC26-N7,"NIDOZC26-N7",2242.37,2349.00,14.77,0.00,0.96,2499.00,1999.20,22.29,30,4574209
3161,901HUDCO34-NE,"901HUDCO34-NE",1293.70,1330.00,4.59,0.00,0.96,1397.90,1211.00,14.45,235,5112321
3162,NIFTY100 LOWVOL30,"NIFTY100 LOWVOL30",19552.69,20407.70,2.98,0.33,0.96,20829.45,17504.05,17.01,250,272137
3163,NIFTY NONCYC CONS,"NIFTY NON-CYCLICAL CONSUMER",15837.17,16306.05,4.94,0.00,0.96,17455.45,13980.90,21.94,250,412169
3164,NIFTY50 TR 1X INV,"NIFTY50 TR 1X INV",172.69,167.60,2.61,0.29,0.96,192.05,163.10,16.76,250,259593
3165,NIFTY50 PR 1X INV,"NIFTY50 PR 1X INV",209.27,204.60,2.62,0.29,0.96,232.40,196.55,17.13,250,259081
3166,KKVAPOW-SM,"KKV AGRO POWERS",612.07,539.10,10.53,0.00,0.96,975.20,440.45,87.37,73,4551937
3167,IIFLZC28-NG,"IIFLZC28-NG",1360.81,1476.00,19.06,0.00,0.95,1476.80,1112.10,26.80,139,738049
3168,VIVO-SM,"VIVO COLLAB SOLUTIONS",74.30,74.00,9.59,0.00,0.95,100.65,62.00,52.02,72,1948161
3169,965SCL26Y-N1,"965SCL26Y-N1",991.29,1020.00,13.72,0.00,0.95,1040.00,830.00,21.18,44,7397889
3170,925SCL29A-ZM,"925SCL29A-ZM",931.57,946.50,7.94,0.00,0.95,970.00,870.00,10.73,15,6132481
3171,GSEC10IETF,"ICICIPRAMC - ICICI10GS",250.90,258.40,3.16,0.00,0.94,265.36,237.50,11.10,241,3364609
3172,IMC1-N0,"IMC1-N0",252.45,251.00,13.93,0.00,0.94,261.00,220.00,16.24,148,3638785
3173,863IRFC29-NC,"863IRFC29-NC",1162.42,1127.10,13.85,0.00,0.94,1300.00,1099.35,17.26,59,509697
3174,NIFTY500 SHARIAH,"NIFTY500 SHARIAH",7106.83,7095.40,4.65,0.00,0.93,8077.62,6004.55,29.17,250,413705
3175,NIF5GETF,"UTIAMC - NIF5GETF",61.20,63.13,6.48,0.00,0.93,65.00,58.11,11.26,236,5765377
3176,935IIFL28-NZ,"935IIFL28-NZ",1000.06,985.00,17.50,0.00,0.93,1260.00,953.00,30.70,26,193572609
3177,1025UCL26A-N1,"1025UCL26A-N1",995.07,995.79,19.60,0.00,0.93,1196.00,963.00,23.42,86,6633985
3178,1015UCL27-NF,"1015UCL27-NF",989.07,1001.00,9.84,0.00,0.92,1049.00,950.00,10.01,47,193536001
3179,NIFTY50 SHARIAH,"NIFTY50 SHARIAH",4812.71,4648.85,3.77,0.00,0.92,5494.95,4235.90,26.16,250,413193
3180,IMC1-N2,"IMC1-N2",252.41,251.00,25.60,0.00,0.92,260.90,207.00,21.35,123,3641345
3181,1003ISFL28-N4,"1003ISFL28-N4",985.91,1013.99,16.98,0.00,0.91,1199.00,900.00,30.33,219,5319425
3182,NIFTY SHARIAH 25,"NIFTY SHARIAH 25",8251.92,8259.20,4.41,0.00,0.91,9167.40,7121.55,24.79,250,412681
3183,79NHIT35-N1,"79NHIT35-N1",309.90,318.01,9.84,0.00,0.91,342.10,296.68,14.66,228,2984449
3184,SMVD-SM,"SMVD POLY PACK",13.84,5.90,9.43,0.00,0.91,21.70,5.65,115.97,143,216833
3185,1039UCL26-NE,"1039UCL26-NE",1010.95,1018.23,3.95,0.00,0.90,1040.00,956.00,8.31,43,193535489
3186,925SCL30-NF,"925SCL30-NF",933.52,935.00,2.17,0.00,0.90,935.00,914.74,2.17,4,193912577
3187,10IIFL29-N6,"10IIFL29-N6",996.99,1004.99,18.47,0.00,0.90,1161.00,950.00,21.16,188,4875521
3188,SCLZC26G-YA,"SCLZC26G-YA",1106.07,1140.00,12.03,0.00,0.90,1239.00,1011.00,20.61,18,5378049
3189,NIFTY TOP 10 EW,"NIFTY TOP 10 EQUAL WEIGHT",9414.31,9554.80,2.74,0.00,0.90,10034.05,8600.25,15.23,250,407561
3190,835SCL23B-YM,"835SCL23B-YM",961.33,901.20,12.66,0.00,0.89,1000.00,816.50,19.09,68,5390337
3191,890NHB34-N7,"890NHB34-N7",6299.38,6350.00,17.49,0.00,0.89,7499.00,5961.00,24.42,54,452353
3192,79NHIT40-N2,"79NHIT40-N2",310.03,313.00,5.50,0.00,0.88,333.71,295.89,12.20,202,2986241
3193,92GS2030-GS,"GOI LOAN 9.20% 2030",115.14,115.55,5.83,0.00,0.88,123.00,111.01,10.41,235,1801985
3194,765AS32-SG,"SDL AS 7.65% 2032",96.32,99.00,5.26,0.00,0.88,100.00,94.01,6.22,6,2755841
3195,99SCL27-ZH,"99SCL27-ZH",990.22,1010.00,5.52,0.00,0.87,1050.00,940.30,11.08,17,6129665
3196,NIFTY AQL 30,"NIFTY ALPHA QUALITY LOW-VOLATILITY 30",22185.36,22684.80,4.10,0.00,0.87,25146.72,19197.65,26.82,250,404745
3197,NIFTY RURAL,"NIFTY RURAL",14524.86,15605.10,2.97,0.00,0.87,15840.10,12891.50,20.30,250,412425
3198,734GS2064-GS,"GOI LOAN  7.34% 2064",105.81,105.84,6.60,0.00,0.86,113.42,102.20,10.60,248,6030849
3199,RADIOCITY-P1,"MUSIC BROADCAST",109.88,115.25,12.15,0.00,0.86,119.00,104.30,13.38,249,3860993
3200,905SC24B-Z9,"905SC24B-Z9",952.62,941.60,6.71,0.00,0.86,1000.00,900.30,10.47,65,2910209
3201,NIFTY100 ENH ESG,"NIFTY100 ENHANCED ESG",4810.80,5048.75,2.81,0.00,0.85,5108.90,4242.15,18.02,250,408585
3202,NIFTY AQLV 30,"NIFTY ALPHA QUALITY VALUE LOW VOLATILITY 30",20247.00,20945.50,3.76,0.00,0.85,22315.96,17517.50,23.70,250,405001
3203,772GS2049-GS,"GOI LOAN 7.72% 2049",109.93,107.00,3.93,0.00,0.85,115.25,103.85,10.37,65,2458625
3204,712MZ34-SG,"SDL MZ 7.12% 2034",94.50,94.00,1.17,0.53,0.85,95.50,94.00,1.59,2,1280769
3205,79NHIT47-N3,"79NHIT47-N3",414.08,422.00,15.17,0.00,0.85,483.86,398.08,20.72,220,2987265
3206,GROWWLIQID,"GROWWAMC - GROWWLIQID",103.38,106.13,6.50,0.01,0.85,107.55,98.46,8.79,250,6514433
3207,1102NFL26-N8,"1102NFL26-N8",1033.70,1014.90,19.75,0.00,0.84,1220.00,981.20,23.10,62,4442113
3208,IIFLZC28A-NU,"IIFLZC28A-NU",1120.64,1215.00,10.15,0.00,0.84,1259.95,903.00,31.85,118,3547649
3209,MOPSE,"MOTILALAMC - MOPSE",98.14,100.10,8.97,0.00,0.84,108.00,92.55,15.74,86,193902337
3210,898LTF29-N7,"898LTF29-N7",1056.75,1090.00,8.64,0.00,0.84,1146.00,1030.00,10.98,187,5287681
3211,1050NFL26-N7,"1050NFL26-N7",998.04,1000.00,20.00,0.00,0.84,1200.00,897.99,30.26,168,4441345
3212,89IHFL29-N1,"89IHFL29-N1",970.35,970.00,10.47,0.00,0.84,1000.00,890.00,11.34,48,7390465
3213,1050UCL28-NH,"1050UCL28-NH",1001.47,990.17,7.33,0.00,0.83,1055.00,951.10,10.37,69,193537025
3214,676GS2061-GS,"GOI LOAN  6.76% 2061",99.07,95.50,5.03,0.00,0.83,105.00,93.00,12.11,206,593153
3215,768UP34A-SG,"SDL UP 7.68% 2034",98.11,98.55,4.15,0.00,0.83,100.00,95.45,4.64,5,5176321
3216,91MOFSL27-N2,"91MOFSL27-N2",1030.10,1030.10,14.74,0.00,0.82,1087.99,878.80,20.31,103,6067713
3217,79IGT28-NF,"79IGT28-NF",1006.83,1001.00,11.45,0.00,0.82,1059.45,920.22,13.83,37,878849
3218,935TSI30-N0,"935TSI30-N0",103614.87,102143.18,8.25,0.00,0.82,112000.00,101156.00,10.47,17,7026689
3219,675GS2029-GS,"GOI LOAN   6.75% 2029",103.53,111.30,7.10,0.00,0.82,113.00,98.45,14.05,102,7303681
3220,105UCL2026-NB,"105UCL2026-NB",996.61,1024.99,12.15,0.00,0.81,1030.00,882.00,14.85,43,5847297
3221,739NHAI31A-ND,"739NHAI31A-ND",1157.26,1178.00,19.21,0.00,0.81,1380.00,1087.00,25.32,66,3717633
3222,CAGL27A-N6,"CAGL27A-N6",1228.96,1300.00,16.51,0.00,0.81,1300.00,918.40,31.05,34,3192577
3223,10IIFL28-N4,"10IIFL28-N4",992.61,990.97,3.58,0.00,0.81,1079.50,915.00,16.57,228,1334273
3224,M&MFIN-N3,"M&MFIN-N3",2144.22,2235.00,16.63,0.00,0.81,2279.99,1775.50,23.53,126,5132801
3225,IMC1-N3,"IMC1-N3",253.62,251.00,16.44,0.00,0.80,269.00,211.00,22.87,126,3642369
3226,GILT5YBEES,"RELCAPAMC - NETFGILT5Y",60.76,63.14,19.17,0.08,0.80,71.00,57.60,22.05,250,812033
3227,699GS2051-GS,"GOI LOAN  6.99% 2051",101.61,100.00,5.04,0.00,0.80,107.00,96.47,10.36,204,1714177
3228,TVSINVIT-IV,"TVS INFRASTRUCTURE TRUST",102.98,104.40,3.65,0.00,0.80,104.40,100.20,4.08,24,194201089
3229,NIFTY QLTY LV 30,"NIFTY QUALITY LOW VOLATILITY 30",16970.46,17329.65,3.70,0.00,0.80,18756.76,15063.65,21.76,250,407049
3230,91D251225-TB,"GOI TBILL 91D-25/12/25",98.34,98.40,1.57,0.02,0.79,99.78,98.24,1.57,2,194314241
3231,901NHB34-N6,"901NHB34-N6",6449.57,6550.00,12.19,0.00,0.79,7495.00,6170.00,20.54,235,8184321
3232,SCLZC26C-NB,"SCLZC26C-NB",1115.88,1146.00,6.38,0.00,0.79,1152.00,1010.00,12.73,18,5061633
3233,10IIFL28A-NE,"10IIFL28A-NE",998.23,1027.00,13.24,0.00,0.78,1111.00,934.00,17.73,216,734977
3234,SCL25924A-N1,"SCL25924A-N1",1005.17,1061.00,7.57,0.00,0.78,1075.25,901.20,17.32,67,6539265
3235,NIFTY TATA 25 CAP,"NIFTY TATA 25 CAP",14763.30,14763.30,0.78,0.78,0.78,14857.70,14742.75,0.78,1,294921
3236,746GS2073-GS,"GOI LOAN  7.46% 2073",107.70,106.11,4.46,0.00,0.78,115.00,102.03,12.04,238,5070849
3237,NIFTY TOP 20 EW,"NIFTY TOP 20 EQUAL WEIGHT",8946.41,9355.85,2.74,0.00,0.78,9385.75,8028.50,15.17,250,408073
3238,68GS2060-GS,"GOI LOAN  6.8% 2060",98.99,96.50,6.87,0.00,0.78,105.47,92.67,12.93,136,5744129
3239,NIFTY TOP 15 EW,"NIFTY TOP 15 EQUAL WEIGHT",9954.66,10608.75,2.47,0.00,0.77,10627.90,9048.35,15.87,250,407817
3240,1025IIFL30-Y3,"1025IIFL30-Y3",1016.49,1020.00,9.80,0.00,0.77,1120.00,1000.00,11.81,21,193575425
3241,885TCAPS29-NC,"885TCAPS29-NC",1065.27,1053.98,8.88,0.00,0.77,1167.00,1005.00,15.21,90,5434625
3242,1040NFL26-NA,"1040NFL26-NA",996.06,990.00,15.02,0.00,0.77,1040.00,850.20,19.06,103,5918465
3243,NIFTY LOW VOL 50,"NIFTY LOW VOLATILITY 50",24304.83,25137.35,2.98,0.00,0.77,25634.49,21994.70,14.98,250,406025
3244,749KL45-SG,"SDL KL 7.49% 2045",95.31,94.40,3.06,0.00,0.77,98.00,94.20,3.99,4,4909569
3245,725GS2063-GS,"GOI LOAN  7.25% 2063",104.57,103.20,5.27,0.00,0.76,109.85,100.40,9.04,247,4283649
3246,773KA35-SG,"SDL KA 7.73% 2035",98.95,100.00,3.81,0.00,0.76,100.00,95.00,5.05,5,5048577
3247,948SCL27A-ZJ,"948SCL27A-ZJ",973.94,989.95,4.87,0.00,0.76,1000.00,930.40,7.15,28,6130689
3248,97MOFSL34-N7,"97MOFSL34-N7",1085.54,1098.50,11.10,0.00,0.76,1180.40,1000.00,16.62,88,6070273
3249,709GS2054-GS,"GOI LOAN  7.09% 2054",102.96,100.56,6.45,0.00,0.76,108.00,98.00,9.71,235,6386945
3250,AEL120924-N2,"AEL120924-N2",1007.90,1075.77,12.69,0.00,0.76,1093.52,851.00,24.06,24,6471681
3251,667GS2050-GS,"GOI LOAN  6.67% 2050",98.43,95.80,4.51,0.00,0.75,103.75,94.60,9.30,168,244737
3252,GURUNANAK-ST,"GURUNANAK AGRICULTUR IN L",49.15,41.95,5.26,0.00,0.75,60.00,41.95,36.72,7,194371585
3253,96IIFL28A-NF,"96IIFL28A-NF",959.92,987.20,9.58,0.00,0.75,999.00,890.00,11.36,249,736513
3254,97SFL29-YZ,"97SFL29-YZ",1082.82,1097.65,9.96,0.00,0.75,1140.00,1010.10,12.00,96,2212353
3255,948SCL27D-N1,"948SCL27D-N1",962.57,965.00,8.87,0.00,0.75,1000.00,901.20,10.26,29,6541313
3256,888IRFC29-NE,"888IRFC29-NE",1160.62,1151.00,18.56,0.00,0.74,1354.90,1105.00,21.53,225,511745
3257,957IIFLS27-NA,"957IIFLS27-NA",977.46,965.00,6.78,0.00,0.74,1021.00,930.00,9.31,35,6179073
3258,865IRFC29-NA,"865IRFC29-NA",1144.35,1125.69,18.79,0.00,0.74,1389.90,1090.00,26.21,250,154369
3259,LTGILTBEES,"NIP IND ETF LONGTERM GILT",28.06,28.97,6.02,0.10,0.74,29.76,26.60,11.26,250,4531201
3260,710GS2029-GS,"GOI LOAN 7.10% 2029",103.98,106.01,6.54,0.00,0.73,108.54,100.00,8.21,244,2316033
3261,875NHAI29-N6,"875NHAI29-N6",1164.99,1155.02,7.49,0.00,0.73,1298.00,1113.50,15.84,245,49153
3262,925SCL25B-Y3,"925SCL25B-Y3",969.99,997.00,4.63,0.00,0.73,999.00,842.40,16.14,38,5370113
3263,943ECL28-NJ,"943ECL28-NJ",961.26,994.00,18.76,0.00,0.72,999.90,821.00,18.61,219,1097729
3264,948SCL26I-AX,"948SCL26I-AX",1014.55,445.00,13.77,0.00,0.72,2080.00,309.25,174.54,24,4487169
3265,867PFCL33-N7,"867PFCL33-N7",1241.66,1277.15,2.90,0.00,0.71,1277.15,1203.00,5.97,10,5126657
3266,709GS2074-GS,"GOI LOAN   7.09% 2074",102.11,101.25,5.11,0.00,0.71,108.15,98.00,9.94,195,6955521
3267,96IIFL28-N5,"96IIFL28-N5",962.14,987.30,2.57,0.00,0.71,989.80,916.00,7.67,249,1334785
3268,935LTF29-N5,"935LTF29-N5",1092.28,1090.40,9.48,0.00,0.71,1185.10,1030.00,14.20,154,5284609
3269,98SCL27-ZX,"98SCL27-ZX",1209.83,1283.00,14.50,0.00,0.71,1283.00,1060.20,18.42,33,3451905
3270,77MH33A-SG,"SDL MH 7.7% 2033",99.71,100.00,4.94,0.00,0.71,101.00,95.06,5.96,7,5164033
3271,VERTIS-IV,"VERTIS INFRASTRUCTURE TST",102.18,103.50,4.41,0.00,0.70,105.00,98.20,6.65,28,2753793
3272,574GS2026-GS,"GOI LOAN  5.74% 2026",100.02,102.35,6.94,0.00,0.70,103.95,95.31,8.64,180,1713921
3273,960CAGL25-N3,"960CAGL25-N3",993.76,976.00,9.66,0.00,0.70,1030.00,890.21,14.07,77,3185665
3274,IIFLZC26B-NY,"IIFLZC26B-NY",1129.76,1174.00,12.20,0.00,0.69,1234.00,1016.55,19.25,52,4360705
3275,0MOFSL27-N3,"0MOFSL27-N3",1058.62,1107.00,18.06,0.00,0.69,1140.00,911.00,21.63,53,6068225
3276,UWCSL-SM,"ULTRA WIRING CONN SYS",137.09,106.50,10.52,0.00,0.69,200.30,83.50,85.20,84,1521921
3277,SHREMINVIT-IV,"SHREM INVIT",108.74,102.56,6.55,0.00,0.69,118.00,101.50,15.17,74,1463809
3278,SETF10GILT,"SBIAMC - SETF10GILT",250.78,259.51,3.40,0.12,0.69,265.21,237.00,11.25,250,4453121
3279,719PN37-SG,"SDL PN 7.19% 2037",95.97,93.10,2.06,0.00,0.69,99.00,93.10,6.15,3,1974785
3280,8ABCL26-N2,"8ABCL26-N2",1010.57,995.00,9.43,0.00,0.68,1100.00,910.00,18.80,49,193520897
3281,727GS2026-GS,"GOI LOAN 7.27% 2026",103.00,105.00,6.18,0.00,0.68,109.00,97.90,10.78,90,2441473
3282,971SCL29-Z0,"971SCL29-Z0",941.53,970.00,7.09,0.00,0.68,1000.00,900.00,10.62,27,5966593
3283,892PFCL33-N8,"892PFCL33-N8",1275.69,1325.00,5.99,0.00,0.68,1470.00,1232.11,18.65,225,5127169
3284,865IIFL28-NS,"865IIFL28-NS",953.26,978.00,9.37,0.00,0.68,990.00,861.00,13.53,233,3546113
3285,364D170926-TB,"GOI TBILL 364D-17/09/26",94.28,94.72,2.01,0.00,0.67,94.72,92.18,2.69,3,194354945
3286,73GS2053-GS,"GOI LOAN  7.3% 2053",105.09,103.85,4.30,0.00,0.67,110.04,100.26,9.31,221,4317441
3287,891NTPC33-N6,"891NTPC33-N6",1283.04,1328.00,4.37,0.00,0.67,1397.00,1231.51,12.90,193,8132609
3288,702GS2027-GS,"GOI LOAN  7.02% 2027",102.55,104.45,5.47,0.00,0.66,106.26,96.84,9.19,212,6106625
3289,805ABCL28-N5,"805ABCL28-N5",1008.84,910.00,9.00,0.00,0.66,1079.00,895.00,18.24,35,193521665
3290,956AEL29-N6,"956AEL29-N6",1029.14,1022.00,7.91,0.00,0.66,1133.10,990.00,13.90,132,6475265
3291,735NHAI31-N9,"735NHAI31-N9",1121.90,1118.10,12.27,0.00,0.66,1225.00,1075.10,13.36,46,3060225
3292,865IFL28-NZ,"865IFL28-NZ",947.47,972.00,3.09,0.00,0.65,999.90,900.00,10.54,184,4361985
3293,SFLZC26A-ZC,"SFLZC26A-ZC",1697.54,1750.00,15.83,0.00,0.65,1985.00,1390.00,35.05,71,3312897
3294,716GS2050-GS,"GOI LOAN 7.16% 2050",103.45,101.00,5.31,0.00,0.65,109.99,99.50,10.14,126,4751617
3295,957ICCL25-YW,"957ICCL25-YW",1054.28,1055.00,5.22,0.00,0.65,1100.00,1020.00,7.59,106,2208001
3296,865SCL27-N4,"865SCL27-N4",963.11,950.00,4.94,0.00,0.64,990.00,905.20,8.80,30,193909761
3297,842IIFL26-NL,"842IIFL26-NL",972.21,988.84,2.98,0.00,0.64,999.89,940.20,6.14,236,1586433
3298,741GS2036-GS,"GOI LOAN  7.41% 2036",107.30,106.76,4.57,0.00,0.63,112.50,103.10,8.76,239,3377665
3299,690GS2065-GS,"GOI LOAN  6.90% 2065",99.85,99.23,3.99,0.00,0.63,102.55,95.35,7.21,106,193539585
3300,1025SCL34B-N1,"1025SCL34B-N1",979.16,1000.00,11.07,0.00,0.63,1020.00,781.00,24.41,77,6547201
3301,762RJ43-SG,"SDL RJ 7.62% 2043",100.00,100.00,0.63,0.63,0.63,100.63,100.00,0.63,1,4996609
3302,IIFLZC28B-Y1,"IIFLZC28B-Y1",1058.45,1131.20,6.02,0.00,0.63,1170.00,980.00,17.95,110,4363009
3303,EQUAL50,"MIRAEAMC - EQUAL50",316.08,325.74,3.27,0.00,0.63,331.65,303.44,8.92,101,193828353
3304,955SCL35-NO,"955SCL35-NO",980.01,985.00,7.08,0.00,0.62,1003.00,900.00,10.51,13,193919745
3305,IMC1-N1,"IMC1-N1",252.86,251.00,5.88,0.00,0.62,260.55,240.00,8.13,143,3640065
3306,880IREDA34-N6,"880IREDA34-N6",1273.21,1298.79,11.24,0.00,0.62,1485.00,1185.50,23.52,110,356609
3307,ANZEN-IV,"ANZEN IND ENE YLD PLU TRU",112.91,118.50,5.87,0.00,0.62,119.00,105.06,12.35,72,3057921
3308,SCLZC26-NB,"SCLZC26-NB",2029.69,2097.60,5.19,0.00,0.61,2121.55,1700.00,20.77,71,4769281
3309,985ECL28-NK,"985ECL28-NK",991.06,998.00,5.35,0.00,0.61,1098.00,893.00,20.69,199,1098753
3310,697GR2034-GS,"GOI LOAN   6.97% 2034",99.39,98.00,10.50,0.00,0.61,110.25,91.96,18.40,78,6324481
3311,931SFL26-Z5,"931SFL26-Z5",1027.71,1040.00,5.54,0.00,0.61,1055.00,985.01,6.81,75,3307265
3312,0MOFSL26-N1,"0MOFSL26-N1",1069.38,1123.90,3.95,0.00,0.60,1125.00,1003.01,11.41,53,6067201
3313,9IIFL28A-NT,"9IIFL28A-NT",986.64,1030.00,5.60,0.00,0.60,1078.00,922.60,15.75,132,3546625
3314,773KA35A-SG,"SDL KA 7.73% 2035",100.20,105.00,3.00,0.00,0.60,105.00,97.00,7.98,5,5417729
3315,SCLZC25F-Y5,"SCLZC25F-Y5",1092.24,1162.00,8.93,0.00,0.60,1165.40,1000.80,15.07,71,5371905
3316,99AEL29-N7,"99AEL29-N7",1053.04,1034.99,8.74,0.00,0.59,1165.00,975.00,18.04,194,6475777
3317,833GS2036-GS,"GOI LOAN 8.33% 2036",114.79,114.15,3.37,0.00,0.59,115.00,110.30,4.09,12,1762049
3318,903SFL28-YI,"903SFL28-YI",1036.02,1044.00,9.11,0.00,0.59,1100.00,1000.00,9.65,138,127489
3319,CAGL28-NE,"CAGL28-NE",1130.61,1160.00,5.15,0.00,0.59,1197.20,1050.00,13.02,25,4735489
3320,925SCL25A-NH,"925SCL25A-NH",981.85,995.00,5.83,0.00,0.59,999.00,930.40,6.99,20,5118209
3321,MINDPOOL-SM,"MINDPOOL TECHNOLOGIES",63.05,71.10,10.47,0.00,0.59,83.90,49.00,55.36,24,2278401
3322,10NIDO26-N6,"10NIDO26-N6",1020.81,1016.00,3.39,0.00,0.59,1083.00,971.40,10.93,202,4573697
3323,ABGSEC,"BIRLASLAMC - ABGSEC",107.42,110.63,2.94,0.00,0.59,113.03,102.76,9.56,239,6247425
3324,762NTPC35F-ND,"762NTPC35F-ND",1197.96,1165.00,6.67,0.00,0.58,1293.00,1152.00,11.77,162,2752257
3325,965SCL25B-Y1,"965SCL25B-Y1",1022.63,1065.66,15.85,0.00,0.58,1074.00,853.20,21.59,71,5368321
3326,865SCL26-N8,"865SCL26-N8",960.70,975.05,5.18,0.00,0.58,1015.00,925.00,9.37,64,4767745
3327,726GS2032-GS,"GOI LOAN  7.26% 2032",105.56,104.40,4.63,0.00,0.58,112.00,101.89,9.58,222,2744833
3328,970CAGL28-ND,"970CAGL28-ND",1013.80,1022.00,10.42,0.00,0.57,1123.00,992.08,12.91,203,4732673
3329,915SCL27-Z7,"915SCL27-Z7",982.24,960.00,3.99,0.00,0.57,1042.00,880.50,16.44,18,2908417
3330,1015ECL29-NR,"1015ECL29-NR",993.72,1010.00,19.63,0.00,0.57,1170.00,965.00,20.63,236,2041601
3331,895AEL27-N9,"895AEL27-N9",1011.71,1002.01,5.10,0.00,0.57,1050.00,994.02,5.53,44,194014465
3332,610GS2031-GS,"GOI LOAN  6.10% 2031",98.14,97.85,9.27,0.00,0.56,101.50,88.06,13.69,100,1283073
3333,IIFLZC26A-NR,"IIFLZC26A-NR",1176.89,1228.00,15.73,0.00,0.56,1329.00,1067.20,22.25,78,3545601
3334,971SCL29B-N1,"971SCL29B-N1",952.07,960.00,4.59,0.00,0.56,965.00,900.30,6.80,9,6543873
3335,905LTF27-NF,"905LTF27-NF",1059.49,1054.00,9.89,0.00,0.56,1145.00,1015.30,12.24,126,5295873
3336,692GS2039-GS,"GOI LOAN   6.92% 2039",103.03,102.15,3.31,0.00,0.56,108.89,98.95,9.65,108,6944513
3337,9IIFL28-Y0,"9IIFL28-Y0",979.02,980.00,17.14,0.00,0.56,1099.99,920.00,18.38,111,4362497
3338,CIFC28-NB,"CIFC28-NB",1114.38,1187.00,5.62,0.00,0.56,1189.00,1000.20,16.94,21,4598785
3339,91D020126-TB,"GOI TBILL 91D-02/01/26",98.06,98.25,2.16,0.00,0.56,99.10,97.00,2.14,4,194390785
3340,81TCHF28-N8,"81TCHF28-N8",1020.88,1020.00,9.95,0.00,0.55,1107.50,1004.00,10.14,179,4318721
3341,601GS2028-GS,"GOI LOAN 6.01% 2028",98.77,103.95,2.51,0.00,0.55,103.95,96.01,8.04,16,1757697
3342,ABCL26-N3,"ABCL26-N3",1105.05,1165.00,10.22,0.00,0.55,1165.00,1001.00,14.84,27,193521153
3343,932AEL27-N3,"932AEL27-N3",1016.97,1017.00,15.56,0.00,0.55,1055.00,861.25,19.05,96,6472449
3344,984SFIL26A-NK,"984SFIL26A-NK",740.48,460.80,3.55,0.00,0.55,990.00,460.80,71.47,8,3591681
3345,718GS2037-GS,"GOI LOAN  7.18% 2037",105.34,104.77,3.30,0.00,0.55,109.70,101.90,7.40,240,4453889
3346,830NHAI27-N2,"830NHAI27-N2",1084.19,1035.00,9.13,0.00,0.54,1198.79,1025.00,16.03,248,7946241
3347,773UP35-SG,"SDL UP 7.73% 2035",98.88,98.95,3.81,0.00,0.54,100.00,95.95,4.10,7,5166081
3348,891IIFCL34-N4,"891IIFCL34-N4",1275.87,1319.00,3.67,0.00,0.54,1344.90,1216.00,10.10,170,5134849
3349,910TCAP28-NA,"910TCAP28-NA",1081.16,1041.00,3.67,0.00,0.54,1157.00,1035.00,11.28,196,5433601
3350,717GS2030-GS,"GOI LOAN  7.17% 2030",104.24,107.45,3.81,0.00,0.54,111.60,101.10,10.07,218,3852801
3351,925SCL27-YR,"925SCL27-YR",989.38,955.60,5.00,0.00,0.54,1029.30,932.55,9.78,26,2371073
3352,1065NFL27-NC,"1065NFL27-NC",1000.67,999.00,7.71,0.00,0.53,1031.00,922.00,10.89,213,5919489
3353,828GS2027-GS,"GOI LOAN 8.28% 2027",106.38,104.00,8.20,0.00,0.53,122.68,102.51,18.96,58,1771777
3354,925AEL26-N1,"925AEL26-N1",1024.65,1000.12,9.40,0.00,0.53,1090.00,985.22,10.23,97,6470913
3355,619GS2034-GS,"GOI LOAN 6.19% 2034",98.06,99.00,6.39,0.00,0.53,102.45,89.31,13.40,42,4857089
3356,CIFCZC26-NF,"CIFCZC26-NF",1101.83,1147.00,3.59,0.00,0.53,1147.00,1050.00,8.80,10,5231873
3357,754GS2036-GS,"GOI LOAN  7.54% 2036",108.50,109.30,3.29,0.08,0.53,113.53,104.66,8.18,250,2453761
3358,82HUDCO27-N2,"82HUDCO27-N2",1085.55,1094.90,3.47,0.00,0.53,1151.01,1040.00,10.23,210,7997441
3359,10UCL26-ND,"10UCL26-ND",981.54,992.05,3.09,0.00,0.53,1002.00,952.10,5.08,46,193534977
3360,CIFC26-NK,"CIFC26-NK",1079.66,1121.00,8.46,0.00,0.52,1138.50,1000.00,12.83,23,5771521
3361,750IRFC35-NK,"750IRFC35-NK",1192.99,1169.95,7.56,0.00,0.52,1269.99,1100.00,14.25,142,3009793
3362,843IHFL29-NC,"843IHFL29-NC",941.78,972.26,4.01,0.00,0.52,994.00,900.00,9.98,163,1963009
3363,702GS2031-GS,"GOI LOAN  7.02% 2031",103.51,103.00,5.00,0.00,0.52,109.00,100.00,8.69,190,6162433
3364,832GS2032-GS,"GOI LOAN 8.32% 2032",111.09,110.50,3.89,0.00,0.51,119.90,103.64,14.64,50,1766145
3365,893NHB29-N6,"893NHB29-N6",5727.07,5685.49,9.95,0.00,0.51,6500.00,5445.01,18.42,137,451841
3366,925SCL28C-BS,"925SCL28C-BS",847.39,715.00,5.13,0.00,0.51,945.00,715.00,27.14,59,4827905
3367,182D260326-TB,"GOI TBILL 182D-26/03/26",96.74,96.93,1.46,0.00,0.50,96.93,95.00,1.99,3,194315777
3368,TCHF30-NB,"TCHF30-NB",1060.26,1089.99,10.65,0.00,0.50,1144.99,1000.00,13.68,114,4324865
3369,LIQUIDBETF,"BFAM - LIQUIDBETF",1024.71,1051.81,39.00,0.00,0.50,1207.50,810.00,38.79,249,6122241
3370,724GS2055-GS,"GOI LOAN  7.24% 2055",101.12,102.00,2.38,0.00,0.50,103.25,98.50,4.70,31,194220545
3371,12VCCL29A-N0,"12VCCL29A-N0",97438.46,99300.00,3.68,0.00,0.50,99300.00,95000.00,4.41,13,7494145
3372,77BR38-SG,"SDL BR 7.7% 2038",99.97,100.89,2.00,0.00,0.50,101.00,98.00,3.00,4,5177857
3373,AONELIQUID,"AONEAMC - AONELIQUID",1015.56,1029.41,10.02,0.00,0.50,1060.00,908.58,14.91,133,7800833
3374,97SFL26-Z9,"97SFL26-Z9",1041.83,1020.00,5.69,0.00,0.50,1099.01,976.01,11.81,47,3310849
3375,563GS2026-GS,"GOI LOAN  5.63% 2026",100.78,99.43,5.01,0.00,0.50,105.57,97.60,7.91,144,819713
3376,777MN38-SG,"SDL MN 7.77% 2038",101.30,100.30,1.98,0.00,0.50,102.31,100.28,2.00,4,5212417
3377,CUBEINVIT-IV,"CUBE HIGHWAYS TRUST",129.90,136.00,2.42,0.00,0.49,136.00,119.46,12.73,55,3859969
3378,81ABCL33-N4,"81ABCL33-N4",1023.02,1012.80,9.60,0.00,0.49,1130.00,984.76,14.20,47,193521409
3379,NDRINVIT-IV,"NDR INVIT TRUST",112.92,120.65,2.69,0.00,0.49,122.00,105.00,15.05,27,5806081
3380,889SCFL27-YC,"889SCFL27-YC",952.68,956.47,2.93,0.00,0.49,1000.00,900.30,10.47,22,1990913
3381,AVSL-ST,"AVSL INDUSTRIES",140.13,120.00,9.21,0.00,0.48,175.75,120.00,39.79,19,4785409
3382,925SCL26B-YQ,"925SCL26B-YQ",960.77,987.99,3.35,0.00,0.48,999.00,920.30,8.19,11,5961473
3383,930SFL28-YP,"930SFL28-YP",1045.61,1078.00,3.81,0.00,0.48,1080.00,1010.00,6.69,106,1574145
3384,948SCL26B-Y8,"948SCL26B-Y8",965.29,988.00,4.19,0.00,0.48,988.00,910.20,8.06,22,5376001
3385,9SCL26BA-NA,"9SCL26BA-NA",1003.76,984.00,8.74,0.00,0.48,1064.75,940.00,12.43,189,4768769
3386,866NTPC33-N3,"866NTPC33-N3",1283.67,1285.00,5.00,0.00,0.48,1470.00,1210.00,20.25,26,8131073
3387,824GS2027-GS,"GOI LOAN 8.24%2027",105.48,107.90,4.66,0.00,0.48,108.50,102.15,6.02,172,1762305
3388,738GS2027-GS,"GOI LOAN 7.38% 2027",104.06,104.99,4.15,0.05,0.48,108.50,100.41,7.77,250,2537729
3389,850CIFCL26-NE,"850CIFCL26-NE",1031.98,1069.00,3.19,0.00,0.48,1069.00,975.81,9.03,25,5231361
3390,925SCL26F-N1,"925SCL26F-N1",961.58,966.10,4.55,0.00,0.48,980.00,910.20,7.26,49,6537473
3391,IHFL261224-N1,"IHFL261224-N1",968.56,1020.20,4.73,0.00,0.48,1031.00,925.00,10.94,46,7386625
3392,971SCL28I-BC,"971SCL28I-BC",822.86,710.50,3.97,0.00,0.47,990.00,710.40,33.98,30,4496385
3393,719GS2060-GS,"GOI LOAN 7.19% 2060",103.30,98.00,3.60,0.00,0.47,107.16,98.00,8.87,103,4729345
3394,880IREDA29-N5,"880IREDA29-N5",1141.30,1158.00,8.32,0.00,0.47,1204.00,1052.00,13.32,119,356097
3395,920IIFLS26-N8,"920IIFLS26-N8",971.48,985.09,8.70,0.00,0.47,1020.00,903.00,12.04,37,6178049
3396,875IIFL26-NM,"875IIFL26-NM",1009.56,1020.00,4.02,0.00,0.47,1063.50,930.00,13.22,120,1587201
3397,860CIFCL28-NG,"860CIFCL28-NG",1031.57,1047.50,2.92,0.00,0.46,1061.00,982.82,7.58,19,5233409
3398,668GS2040-GS,"GOI LOAN  6.68% 2040",99.53,99.60,2.78,0.00,0.46,102.00,96.82,5.20,46,194008833
3399,85LTF26-NM,"85LTF26-NM",1033.06,1072.00,13.02,0.00,0.46,1198.00,1002.00,18.97,35,5302529
3400,SCLZC26B-AY,"SCLZC26B-AY",1113.30,1205.00,5.78,0.00,0.45,1206.00,966.00,21.56,27,4488961
3401,737GS2028-GS,"GOI LOAN  7.37% 2028",104.29,106.61,3.81,0.00,0.45,107.82,99.27,8.20,234,5008897
3402,BBETF0432,"EDELAMC - BBETF0432",1249.32,1299.53,6.00,0.04,0.45,1323.24,1196.65,10.13,250,1842177
3403,78ABCL33-N1,"78ABCL33-N1",1012.04,1005.00,8.82,0.00,0.45,1075.00,899.00,17.39,76,193520641
3404,1075SCL33-YK,"1075SCL33-YK",1021.16,1016.20,4.09,0.00,0.45,1188.00,926.25,25.63,23,5386753
3405,93MOFSL34-N6,"93MOFSL34-N6",1036.23,1070.25,4.76,0.00,0.44,1070.25,1000.15,6.76,170,6069761
3406,876HUDCO28-ND,"876HUDCO28-ND",1135.11,1083.50,9.31,0.00,0.44,1270.00,1079.90,16.75,211,5111809
3407,9PCHFL31A-NA,"9PCHFL31A-NA",1026.59,1020.00,3.90,0.00,0.43,1089.80,985.00,10.21,129,1320961
3408,768KA31-SG,"SDL KA 7.68% 2031",100.83,100.50,1.30,0.00,0.43,103.33,100.00,3.30,3,3066369
3409,797IGT31-NL,"797IGT31-NL",1008.43,1007.54,8.31,0.00,0.43,1104.80,980.00,12.38,131,889857
3410,DRSCARGO-ST,"DRS CARGO MOVERS",37.94,52.80,4.70,0.00,0.43,52.80,22.00,81.18,11,6012929
3411,925SCL28B-YC,"925SCL28B-YC",992.50,951.00,1.60,0.00,0.43,1035.00,950.00,8.56,4,5380097
3412,CIFCZC28A-N5,"CIFCZC28A-N5",1105.11,1187.00,2.09,0.00,0.43,1189.90,1000.60,17.13,13,3936257
3413,957ISFL26-N2,"957ISFL26-N2",979.14,1000.00,3.11,0.00,0.43,1025.00,950.00,7.66,101,5316865
3414,743REC35-NH,"743REC35-NH",1174.79,1215.00,3.80,0.00,0.42,1249.90,1131.01,10.12,99,5101057
3415,925SCL27B-N1,"925SCL27B-N1",982.95,920.50,5.79,0.00,0.42,1020.00,901.00,12.11,38,7736321
3416,SHIVAUM-SM,"SHIV AUM STEELS",270.24,300.00,5.00,0.00,0.42,310.00,237.50,26.83,34,3442177
3417,925CAGL26-N9,"925CAGL26-N9",996.27,999.80,13.14,0.00,0.42,1010.00,875.20,13.53,49,4728577
3418,810IRFC27-N2,"810IRFC27-N2",1081.26,1037.00,3.48,0.00,0.42,1120.70,1028.60,8.52,216,7968769
3419,865LTF26-NN,"865LTF26-NN",1043.92,1074.90,9.67,0.00,0.42,1156.40,990.11,15.93,192,5303041
3420,892NHPC33-N6,"892NHPC33-N6",1269.32,1274.00,4.37,0.00,0.42,1360.00,1210.00,11.82,138,8060673
3421,772KA35A-SG,"SDL KA 7.72% 2035",99.91,100.00,5.00,0.00,0.42,104.00,95.00,9.01,12,5242113
3422,764NABAR31-N2,"764NABAR31-N2",1129.85,1131.99,5.14,0.00,0.41,1174.00,1085.30,7.85,226,5128705
3423,JAKHARIA-ST,"JAKHARIA FABRIC",29.18,57.85,7.51,0.00,0.41,57.85,12.15,156.63,42,1011201
3424,9AEL30-NE,"9AEL30-NE",1012.95,1022.10,2.48,0.00,0.41,1028.00,995.00,3.26,48,194015745
3425,930AEL30-NF,"930AEL30-NF",1008.43,1019.02,2.20,0.00,0.41,1025.20,990.10,3.48,57,194016001
3426,EBBETF0433,"EDELAMC - EBBETF0433",1215.73,1263.64,3.43,0.06,0.41,1288.86,1147.84,11.60,250,3363585
3427,12VCCL29-N0,"12VCCL29-N0",90525.00,90000.00,1.64,0.00,0.41,96500.00,85600.00,12.04,4,6519297
3428,764JK50-SG,"SDL JK 7.64% 2050",93.61,97.04,1.23,0.00,0.41,97.44,91.00,6.88,3,5222913
3429,GSEC10ABSL,"BIRLASLAMC - GSEC10ABSL",107.23,110.09,5.28,0.00,0.41,110.43,101.35,8.47,161,6360833
3430,921ISFL25-N0,"921ISFL25-N0",986.05,1000.08,3.89,0.00,0.41,1010.00,946.72,6.42,89,5315073
3431,760PFCL35-N3,"760PFCL35-N3",1190.29,1165.00,3.65,0.00,0.40,1264.00,1137.20,10.65,111,5113857
3432,888REC29-NF,"888REC29-NF",1151.17,1181.99,2.89,0.00,0.40,1215.00,1111.14,9.02,157,754433
3433,1090NFL26-NB,"1090NFL26-NB",1026.25,1048.20,1.80,0.00,0.40,1061.73,950.00,10.89,29,5918977
3434,75AP28-SG,"SDL AP 7.5% 2028",99.75,99.50,2.01,0.00,0.40,100.10,98.00,2.11,5,3240961
3435,846REC28-N6,"846REC28-N6",1127.64,1200.00,7.12,0.00,0.40,1200.00,1089.10,9.83,58,7931905
3436,77GA33A-SG,"SDL GA 7.7% 2033",99.57,100.00,2.00,0.00,0.40,100.75,98.00,2.76,5,5096961
3437,774TS35-SG,"SDL TS 7.74% 2035",99.86,99.95,2.00,0.00,0.40,100.85,98.00,2.85,5,5210113
3438,885MOFSL26-N0,"885MOFSL26-N0",1028.93,1032.27,5.55,0.00,0.40,1065.00,940.00,12.15,94,6066689
3439,871REC28-N9,"871REC28-N9",1130.93,1162.31,6.72,0.00,0.40,1199.00,1091.30,9.52,241,7933441
3440,965SCL25A-NF,"965SCL25A-NF",1038.90,1083.80,7.35,0.00,0.40,1083.80,927.00,15.09,46,5107457
3441,628GS2032-GS,"GOI LOAN  6.28% 2032",99.31,99.77,3.69,0.00,0.39,101.75,98.00,3.78,31,194046465
3442,613GS2028-GS,"GOI LOAN 6.13% 2028",99.76,102.15,2.83,0.00,0.39,102.15,97.25,4.91,17,1758209
3443,76NHAI31-NA,"76NHAI31-NA",1132.49,1131.00,5.18,0.00,0.39,1180.00,1086.00,8.30,250,3072769
3444,706GS2028-GS,"GOI LOAN  7.06% 2028",103.24,102.05,3.46,0.00,0.39,106.10,100.47,5.45,208,3832321
3445,850NHAI29-N5,"850NHAI29-N5",1143.27,1139.00,6.99,0.00,0.39,1205.00,1083.85,10.60,71,47617
3446,93SCL24A-ZN,"93SCL24A-ZN",944.46,965.00,3.79,0.00,0.39,988.00,835.00,16.20,20,3036417
3447,633GS2035-GS,"GOI LOAN  6.33% 2035",100.57,101.00,2.49,0.00,0.38,101.85,98.75,3.08,65,193763841
3448,812REC27-NI,"812REC27-NI",1080.44,1057.00,18.34,0.00,0.38,1280.00,1035.11,22.67,157,5100545
3449,AHIMSA-ST,"AHIMSA INDUSTRIES",48.60,24.50,7.10,0.00,0.38,74.60,22.10,108.03,60,2757121
3450,679GS2031-GS,"GOI LOAN   6.79% 2031",103.04,104.20,2.73,0.00,0.38,107.56,98.00,9.28,92,7396865
3451,698GR2054-GS,"GOI LOAN   6.98% 2054",97.95,95.08,6.33,0.00,0.38,104.58,92.50,12.33,87,7121665
3452,648GS2035-GS,"GOI LOAN  6.48% 2035",99.50,99.50,0.75,0.00,0.38,100.00,99.25,0.75,2,194405377
3453,654GS2032-GS,"GOI LOAN  6.54% 2032",101.30,101.30,4.95,0.00,0.38,105.89,98.16,7.63,171,2007809
3454,960ISFL25-N1,"960ISFL25-N1",1021.48,1060.00,5.76,0.00,0.37,1092.81,970.10,12.01,99,5316353
3455,769HUDCO31-N9,"769HUDCO31-N9",1128.41,1149.60,7.37,0.00,0.37,1183.10,1091.20,8.14,195,5102081
3456,960IIFLS26-N9,"960IIFLS26-N9",1012.33,1008.27,3.01,0.00,0.37,1060.20,950.00,10.89,49,6178561
3457,965SCL27-N1,"965SCL27-N1",977.62,1000.20,3.39,0.00,0.36,1002.64,935.00,6.92,26,7734785
3458,764IRFC31-NO,"764IRFC31-NO",1129.27,1096.00,2.07,0.00,0.36,1170.00,1085.20,7.51,202,3883009
3459,873NTPC28-N5,"873NTPC28-N5",1131.44,1148.25,9.37,0.00,0.36,1297.00,1094.01,17.94,50,8132097
3460,CIFCZC26A-N3,"CIFCZC26A-N3",1141.42,1210.38,3.79,0.00,0.36,1210.38,1090.00,10.55,14,3935233
3461,965SCL26-YO,"965SCL26-YO",1005.93,1069.99,5.82,0.00,0.36,1070.01,920.50,14.86,54,5960449
3462,885AEL28-NB,"885AEL28-NB",1005.59,1005.00,2.49,0.00,0.36,1035.00,999.00,3.58,31,194014977
3463,759GS2026-GS,"GOI LOAN 7.59% 2026",102.24,102.00,3.84,0.00,0.36,106.50,98.03,8.28,59,1827585
3464,EBBETF0431,"EDELAMC - EBBETF0431",1328.19,1384.25,3.26,0.06,0.36,1410.12,1272.40,10.37,250,5693185
3465,1025SCL34-Z8,"1025SCL34-Z8",974.72,1014.99,8.48,0.00,0.36,1020.00,901.50,12.16,89,5970689
3466,ITTL-ST,"INNOVATIVE TYRE & TUBE LT",80.38,92.75,4.62,0.00,0.36,152.40,18.60,166.47,132,6980097
3467,CIFC26A-N9,"CIFC26A-N9",1119.97,1173.00,1.75,0.00,0.35,1173.00,1029.00,12.86,12,4595713
3468,865TCAPS27-N8,"865TCAPS27-N8",1051.36,1020.00,6.97,0.00,0.35,1120.00,1012.00,10.27,197,5426433
3469,875SFL27-ZF,"875SFL27-ZF",1021.51,1037.00,3.90,0.00,0.35,1189.00,976.05,20.85,95,4392705
3470,965AEL27-N4,"965AEL27-N4",1044.78,1012.60,9.87,0.00,0.35,1110.40,960.00,14.40,206,6473473
3471,817GS2044-GS,"GOI LOAN 8.17% 2044",114.49,111.03,5.21,0.00,0.35,120.00,109.31,9.34,24,1821441
3472,732GS2030-GS,"GOI LOAN  7.32% 2030",104.79,105.65,5.89,0.00,0.35,109.10,101.50,7.25,204,5154817
3473,CIFCZC25-ND,"CIFCZC25-ND",1115.49,1154.00,3.67,0.00,0.35,1154.00,1035.01,10.67,33,5230849
3474,729IRFC26-NN,"729IRFC26-NN",1041.53,1004.00,2.53,0.00,0.34,1079.90,1001.21,7.56,127,3874305
3475,875IHFL29-ND,"875IHFL29-ND",967.46,1000.00,2.68,0.00,0.33,1009.00,880.00,13.33,51,1963777
3476,85PFL26A-N7,"85PFL26A-N7",1105.43,1070.00,2.65,0.00,0.33,1200.00,970.20,20.79,25,2555393
3477,886REC34-NG,"886REC34-NG",1273.23,1324.00,3.67,0.00,0.33,1325.00,1215.06,8.63,51,755969
3478,885SCL26-N9,"885SCL26-N9",1008.00,990.00,3.22,0.00,0.32,1076.25,925.21,14.98,87,4768257
3479,769NHAI31-NE,"769NHAI31-NE",1134.94,1099.80,2.98,0.00,0.32,1210.00,1089.11,10.65,250,3719425
3480,83GS2042-GS,"GOI LOAN 8.30% 2042",113.73,115.00,4.12,0.00,0.32,116.45,111.05,4.75,24,1800705
3481,723GS2039-GS,"GOI LOAN  7.23% 2039",105.44,106.00,2.88,0.00,0.32,108.50,102.00,6.16,91,6020609
3482,872MMFSL26-N1,"872MMFSL26-N1",1017.72,1010.00,3.39,0.00,0.32,1045.00,990.25,5.38,122,5131777
3483,734IRFC28-N4,"734IRFC28-N4",1074.35,1049.90,2.64,0.00,0.32,1105.00,1039.90,6.06,91,7506689
3484,585GS2030-GS,"GOI LOAN  5.85% 2030",97.11,99.25,4.11,0.00,0.32,100.70,93.60,7.31,46,343297
3485,753IRFC30-NJ,"753IRFC30-NJ",1122.52,1082.00,4.75,0.00,0.32,1210.00,1076.00,11.94,250,3009025
3486,726GS2029-GS,"GOI LOAN 7.26% 2029",103.26,103.75,3.36,0.00,0.32,107.05,98.67,8.12,27,2054913
3487,739NHAI26-N8,"739NHAI26-N8",1040.95,1038.00,6.90,0.00,0.32,1080.00,1000.00,7.69,219,3059713
3488,601GS2030-GS,"GOI LOAN  6.01% 2030",99.07,99.50,2.12,0.00,0.32,100.50,97.00,3.53,31,194043649
3489,AEL170725A-NG,"AEL170725A-NG",1005.45,1024.00,1.98,0.00,0.32,1037.00,979.70,5.70,15,194016257
3490,718GS2033-GS,"GOI LOAN  7.18% 2033",105.03,104.16,1.88,0.00,0.32,108.66,102.00,6.34,159,4614401
3491,704GS2029-GS,"GOI LOAN  7.04% 2029",103.48,104.40,3.39,0.00,0.31,106.52,100.51,5.81,183,6123265
3492,975SCL28-NT,"975SCL28-NT",969.83,976.00,2.60,0.00,0.31,994.60,918.65,7.83,36,1499393
3493,774IREDA31-N7,"774IREDA31-N7",1126.57,1145.00,2.34,0.00,0.31,1184.90,1085.00,8.87,147,5127681
3494,NIFTY GS 15YRPLUS,"NIFTY GS 15YRPLUS",3442.63,3516.03,1.73,0.01,0.31,3585.33,3336.80,7.22,250,269833
3495,897GS2030-GS,"GOI LOAN 8.97% 2030",113.14,111.01,3.35,0.00,0.31,117.07,109.30,6.87,87,1794817
3496,82IGT31-NJ,"82IGT31-NJ",1042.95,1040.11,5.88,0.00,0.31,1089.00,1003.75,8.17,208,886785
3497,765RJ33-SG,"SDL RJ 7.65% 2033",99.33,100.00,2.48,0.00,0.31,102.70,96.50,6.24,8,3553537
3498,10ISFL26-N3,"10ISFL26-N3",1019.78,1075.00,2.95,0.00,0.31,1076.50,950.40,12.37,74,5317377
3499,726GS2033-GS,"GOI LOAN  7.26% 2033",105.00,104.55,5.68,0.00,0.31,109.45,101.59,7.49,163,3597057
3500,897MOFSL29-N4,"897MOFSL29-N4",1010.84,1018.99,8.34,0.00,0.31,1022.00,912.00,10.88,125,6068737
3501,CAGL26-NA,"CAGL26-NA",1106.20,1200.00,1.69,0.00,0.30,1200.00,895.20,27.55,11,4729089
3502,10CAGL27-N5,"10CAGL27-N5",1015.48,1015.00,6.84,0.00,0.30,1089.99,990.00,9.85,137,3191041
3503,733GS2026-GS,"GOI LOAN  7.33% 2026",102.74,103.75,3.13,0.00,0.30,105.50,100.35,5.01,213,5039361
3504,71GS2034-GS,"GOI LOAN  7.1% 2034",103.99,102.50,2.00,0.00,0.30,106.89,100.50,6.14,140,6006529
3505,84TCHF28-NA,"84TCHF28-NA",1046.09,1063.00,4.08,0.00,0.30,1094.94,1009.55,8.16,155,4319745
3506,774RJ49-SG,"SDL RJ 7.74% 2049",98.78,100.00,1.49,0.00,0.30,100.50,96.60,3.95,5,3753729
3507,85IFL26-NX,"85IFL26-NX",1001.70,1000.50,2.31,0.00,0.30,1055.00,945.30,10.95,44,4358145
3508,840CIFCL28-N4,"840CIFCL28-N4",1026.64,1030.00,2.49,0.00,0.30,1085.00,925.00,15.58,78,3935745
3509,883GS2041-GS,"GOI LOAN 8.83% 2041",118.64,117.89,5.40,0.00,0.30,126.21,111.15,12.69,29,1795329
3510,717GS2028-GS,"GOI LOAN 7.17% 2028",103.05,103.01,2.93,0.00,0.30,106.00,100.50,5.34,23,1845249
3511,364D240426-TB,"GOI TBILL 364D-24/04/26",95.24,98.00,1.50,0.00,0.30,98.00,94.00,4.20,16,193553409
3512,840IRFC29-N8,"840IRFC29-N8",1128.28,1128.00,7.33,0.00,0.29,1299.00,1089.01,18.61,48,151297
3513,1015SCL29B-N1,"1015SCL29B-N1",1004.18,1025.26,2.02,0.00,0.29,1034.00,970.00,6.37,7,6542849
3514,875IIFL26A-NQ,"875IIFL26A-NQ",1019.36,1054.80,4.27,0.00,0.29,1069.95,964.20,10.37,79,3544321
3515,764HUDCO31-N8,"764HUDCO31-N8",1129.48,1147.00,1.97,0.00,0.29,1179.99,1081.20,8.75,250,5101569
3516,925SCL2028-N8,"925SCL2028-N8",974.45,980.00,3.16,0.00,0.29,1000.00,920.00,8.21,11,193910785
3517,824GS2033-GS,"GOI LOAN 8.24% 2033",111.74,113.01,1.59,0.00,0.29,113.75,107.75,5.37,14,1819137
3518,MILTON-SM,"MILTON INDUSTRIES",33.47,27.50,6.65,0.00,0.28,42.85,26.50,48.85,48,40705
3519,855IREDA34-N3,"855IREDA34-N3",1241.49,1237.26,0.57,0.00,0.28,1245.72,1233.00,1.02,2,354049
3520,885IHL26-N1,"885IHL26-N1",993.68,1049.99,3.80,0.00,0.28,1049.99,941.00,10.97,72,7386113
3521,1015SCL29T-N1,"1015SCL29T-N1",990.59,940.30,1.42,0.00,0.28,1019.00,940.30,7.94,21,7404801
3522,679GS2034-GS,"GOI LOAN  6.79% 2034",101.95,100.50,2.58,0.00,0.28,105.20,99.00,6.08,143,6588417
3523,888SCL28-NA,"888SCL28-NA",939.60,938.00,1.38,0.00,0.28,955.00,938.00,1.81,5,193911297
3524,875PCHFL26-N8,"875PCHFL26-N8",1027.86,1069.00,7.65,0.00,0.27,1097.00,991.00,10.31,101,1318657
3525,579GS2030-GS,"GOI LOAN 5.79% 2030",98.12,98.95,4.31,0.00,0.27,100.25,93.29,7.09,36,4827393
3526,AEL170725-ND,"AEL170725-ND",1009.95,1015.00,1.28,0.00,0.27,1019.00,995.00,2.38,15,194015489
3527,813GS2045-GS,"GOI LOAN 8.13% 2045",116.06,115.00,2.95,0.00,0.27,120.45,108.45,10.34,23,1823745
3528,364D041225-TB,"GOI TBILL 364D-04/12/25",97.26,98.78,5.11,0.00,0.27,99.00,94.10,5.04,28,6996737
3529,820IIFL27-N9,"820IIFL27-N9",961.25,983.00,3.67,0.00,0.27,990.00,905.50,8.79,133,1957889
3530,ASCOM-ST,"ASCOM LEASIN & INVEST",101.29,106.05,4.51,0.00,0.26,134.25,76.55,56.96,34,3847681
3531,695TN31A-SG,"SDL TN 6.95% 2031",95.80,96.59,0.53,0.00,0.26,96.59,95.00,1.66,2,1278465
3532,863NHB34-N3,"863NHB34-N3",6434.27,6600.00,1.92,0.00,0.26,6630.00,6177.10,7.04,11,8183553
3533,729NHAI26-NC,"729NHAI26-NC",1041.74,1003.00,2.05,0.00,0.26,1085.00,1003.00,7.87,114,3711745
3534,950ISF27A-N0,"950ISF27A-N0",97747.53,96325.00,2.63,0.00,0.26,99746.30,95000.00,4.86,12,193553665
3535,699GS2026-GS,"GOI LOAN  6.99% 2026",102.08,103.50,2.60,0.00,0.26,104.50,99.79,4.61,183,3851777
3536,86GS2028-GS,"GOI LOAN 8.6% 2028",108.88,108.40,4.10,0.00,0.26,111.19,106.45,4.35,16,1814529
3537,773UP34-SG,"SDL UP 7.73% 2034",98.88,100.45,1.54,0.00,0.26,100.45,97.90,2.58,7,5165825
3538,732IRFC25-NI,"732IRFC25-NI",1038.47,990.25,2.50,0.00,0.25,1079.90,990.25,8.63,166,3008257
3539,833GS2026-GS,"GOI LOAN 8.33% 2026",103.69,102.55,2.59,0.00,0.25,107.00,100.14,6.62,55,1796865
3540,728IRFC30-NG,"728IRFC30-NG",1111.87,1080.00,4.55,0.00,0.25,1330.90,1050.00,25.26,29,3002881
3541,826GS2027-GS,"GOI LOAN 8.26% 2027",104.74,104.60,4.69,0.00,0.25,108.91,98.00,10.42,32,1765889
3542,888IHFL25F-NC,"888IHFL25F-NC",1023.38,1065.00,3.15,0.00,0.25,1068.45,875.20,18.88,85,5229313
3543,83GS2040-GS,"GOI LOAN 8.30% 2040",115.13,112.45,5.00,0.00,0.24,121.59,109.01,10.93,27,1787137
3544,830PFCL27-N5,"830PFCL27-N5",1081.27,1034.00,6.53,0.00,0.24,1119.90,1029.21,8.39,174,5125633
3545,915AEL28-NC,"915AEL28-NC",1006.94,1014.50,0.89,0.00,0.24,1019.00,990.60,2.82,51,194015233
3546,662GS2051-GS,"GOI LOAN 6.62% 2051",97.57,98.00,1.60,0.00,0.24,102.35,92.60,9.99,9,1841409
3547,828GS2032-GS,"GOI LOAN 8.28%2032",110.63,108.70,3.06,0.00,0.24,114.40,106.70,6.96,61,1762561
3548,795GS2032-GS,"GOI LOAN 7.95% 2032",108.85,109.00,3.37,0.00,0.24,112.99,104.50,7.80,29,1749761
3549,622GS2035-GS,"GOI LOAN  6.22% 2035",97.02,98.24,3.87,0.00,0.24,101.48,93.80,7.92,39,243969
3550,AEL17725-NA,"AEL17725-NA",1012.11,1003.11,1.50,0.00,0.24,1050.00,1000.00,4.94,13,194014721
3551,863NHB29-N2,"863NHB29-N2",5863.09,5653.30,1.36,0.00,0.23,6670.00,5500.00,19.96,14,8183297
3552,706GS2046-GS,"GOI LOAN 7.06% 2046",102.93,100.01,1.00,0.00,0.23,106.25,100.00,6.07,14,1839105
3553,735NABAR31-N1,"735NABAR31-N1",1126.31,1135.00,2.08,0.00,0.23,1199.50,1089.00,9.81,23,5128193
3554,LIQUIDADD,"DSPAMC - LIQUIDADD",1065.99,1094.92,4.95,0.00,0.23,1121.66,1026.94,8.89,250,5992193
3555,830CIFC26-N2,"830CIFC26-N2",1031.17,1014.00,2.39,0.00,0.22,1070.00,950.20,11.62,31,3934721
3556,12VCCL29B-N0,"12VCCL29B-N0",97771.85,99000.00,7.11,0.00,0.22,103900.00,96900.00,7.16,88,193770497
3557,925SCL26D-ZD,"925SCL26D-ZD",959.81,972.01,1.93,0.00,0.22,985.00,930.20,5.71,24,6126593
3558,NHIT-IV,"NATIONAL HIGHW INFRA TRUS",134.49,141.50,3.56,0.00,0.22,143.00,128.85,10.52,113,1671937
3559,772TS36-SG,"SDL TS 7.72% 2036",98.70,100.00,1.10,0.00,0.22,100.00,95.60,4.46,5,5094913
3560,679GS2034A-GS,"GOI LOAN   6.79% 2034",98.14,98.00,4.21,0.00,0.22,101.00,94.35,6.78,70,6981889
3561,9MMFSML-N2,"9MMFSML-N2",1046.42,1035.77,2.29,0.00,0.22,1099.00,996.66,9.78,196,5132289
3562,850IIFL27-NA,"850IIFL27-NA",993.22,1033.00,2.44,0.00,0.22,1036.80,935.00,10.25,55,1961473
3563,91D281125-TB,"GOI TBILL 91D-28/11/25",98.77,99.00,2.02,0.00,0.22,99.00,97.00,2.02,12,194234625
3564,SCL190325A-N1,"SCL190325A-N1",950.43,999.90,0.81,0.00,0.21,1008.00,900.30,11.33,4,7737857
3565,862REC33-NA,"862REC33-NA",1241.92,1299.71,5.54,0.00,0.21,1299.71,1200.00,8.03,52,7933953
3566,91D041225-TB,"GOI TBILL 91D-04/12/25",98.74,99.01,1.02,0.00,0.21,99.15,97.00,2.18,25,194288129
3567,NIFTY GS 10YR CLN,"NIFTY GS 10YR CLN",901.94,901.69,0.92,0.00,0.21,928.93,883.20,5.07,250,269321
3568,930APMD34-N0,"930APMD34-N0",102609.31,103575.24,4.64,0.00,0.21,106868.00,100663.00,6.05,41,193836545
3569,NIFTY GS 11 15YR,"NIFTY GS 11 15YR",3151.18,3240.91,1.13,0.00,0.21,3291.36,3018.89,8.65,250,269577
3570,NIFTY GS 10YR,"NIFTY GS 10YR",2524.15,2604.06,0.92,0.02,0.21,2624.58,2405.74,8.67,250,269065
3571,751HUDCO28-N5,"751HUDCO28-N5",1077.36,1088.23,1.90,0.00,0.21,1125.00,1036.00,8.26,151,7503873
3572,855IREDA29-N2,"855IREDA29-N2",1160.06,1132.00,2.44,0.00,0.21,1332.50,1083.10,21.50,28,353281
3573,1050SCL31-ZP,"1050SCL31-ZP",965.08,900.00,1.56,0.00,0.20,1010.00,900.00,11.40,12,6134785
3574,364D271125-TB,"GOI TBILL 364D-27/11/25",95.03,97.22,1.06,0.00,0.20,97.22,92.50,4.97,14,6965761
3575,757GS2033-GS,"GOI LOAN 7.57% 2033",107.21,107.00,2.30,0.00,0.20,111.40,103.04,7.80,54,2571777
3576,935MOFSL29-N5,"935MOFSL29-N5",1044.28,1079.00,2.80,0.00,0.20,1090.00,1000.00,8.62,81,6069249
3577,879NHPC28-N5,"879NHPC28-N5",1136.30,1135.00,1.81,0.00,0.20,1198.50,1080.11,10.42,82,8060417
3578,591GS2028-GS,"GOI LOAN  5.91% 2028",99.83,101.39,1.24,0.00,0.20,101.39,99.00,2.39,30,193984769
3579,87SCL27A-ZK,"87SCL27A-ZK",983.02,1001.85,2.03,0.00,0.20,1003.85,945.00,5.99,20,3032577
3580,735IRFC31-NM,"735IRFC31-NM",1126.59,1152.50,1.03,0.00,0.19,1250.00,1090.00,14.20,19,3868673
3581,762GS2039-GS,"GOI LOAN 7.62% 2039",107.58,106.40,1.30,0.00,0.19,113.00,105.00,7.44,24,2441729
3582,86CIFC29-NN,"86CIFC29-NN",1025.34,1048.03,0.57,0.00,0.19,1050.00,1014.00,3.51,3,5774337
3583,NIFTY GS 8 13YR,"NIFTY GS 8 13YR",2852.75,2947.21,0.97,0.02,0.19,2966.10,2719.98,8.63,250,268809
3584,769IGT28-NH,"769IGT28-NH",984.05,1000.00,2.11,0.00,0.19,1004.48,890.00,11.63,35,883457
3585,930APMD35-N0,"930APMD35-N0",102877.89,103476.00,2.90,0.00,0.19,104500.00,100000.00,4.37,60,193837057
3586,NIFTY GS COMPSITE,"NIFTY GS COMPSITE",2946.33,3042.09,1.03,0.01,0.19,3065.47,2818.39,8.39,250,270089
3587,91D111225-TB,"GOI TBILL 91D-11/12/25",98.55,98.90,0.52,0.00,0.19,99.00,97.15,1.88,16,194274817
3588,794TN32-SG,"SDL TN 7.94% 2032",101.67,101.54,2.01,0.00,0.19,105.00,100.00,4.92,24,2526465
3589,738REC27TF-N2,"738REC27TF-N2",1071.34,1097.01,2.36,0.00,0.19,1117.00,1024.30,8.65,127,7452417
3590,664GS2027-GS,"GOI LOAN   6.64% 2027",101.60,102.40,2.30,0.00,0.18,104.50,99.00,5.41,107,7015681
3591,763GS2059-GS,"GOI LOAN 7.63% 2059",109.13,109.00,1.70,0.00,0.18,113.79,105.45,7.64,18,2536193
3592,SBILIQETF,"SBIAMC - SBILIQETF",1005.36,1009.50,2.46,0.00,0.18,1027.15,984.99,4.19,39,194174977
3593,76IGT26-ND,"76IGT26-ND",1022.82,1029.00,1.90,0.00,0.17,1065.00,966.00,9.68,74,876801
3594,364D080126-TB,"GOI TBILL 364D-08/01/26",95.63,98.17,1.08,0.00,0.17,98.17,92.94,5.47,20,7435777
3595,868NHB29-N3,"868NHB29-N3",5767.94,5682.60,1.44,0.00,0.17,5963.00,5501.00,8.01,17,450049
3596,AEL120924A-N5,"AEL120924A-N5",1027.90,1181.99,3.41,0.00,0.17,1235.00,839.20,38.51,33,6474753
3597,769GS2043-GS,"GOI LOAN 7.69% 2043",109.26,106.31,1.29,0.00,0.17,113.00,105.70,6.68,15,2531329
3598,866IIFC34B-N3,"866IIFC34B-N3",1286.06,1261.00,1.75,0.00,0.17,1679.90,1183.10,38.63,41,5134337
3599,LIQUID1,"KOTAKMAMC - KOTAKLIQ",1043.79,1072.75,6.00,0.00,0.17,1094.00,1006.15,8.42,250,3571201
3600,94SFL28-YL,"94SFL28-YL",1062.55,1052.00,2.11,0.00,0.17,1125.00,1023.00,9.60,151,256257
3601,867NHPC33-N3,"867NHPC33-N3",1271.14,1235.00,1.54,0.00,0.17,1410.00,1180.10,18.09,22,8059905
3602,LIQUIDPLUS,"MIRAEAMC - LIQUIDPLUS",1029.01,1054.50,20.48,0.00,0.16,1240.88,994.83,23.91,226,6931201
3603,679GS2029-GS,"GOI LOAN 6.79% 2029",103.28,103.65,0.49,0.00,0.16,103.70,102.50,1.16,3,1841921
3604,990SCL27B-N1,"990SCL27B-N1",953.30,1000.00,0.96,0.00,0.16,1000.00,880.20,12.57,6,6540289
3605,714NHAI26-N7,"714NHAI26-N7",1034.96,1025.01,1.87,0.00,0.16,1229.90,1002.21,22.00,34,3058945
3606,84CIFCL28-NA,"84CIFCL28-NA",1024.66,1005.00,2.34,0.00,0.16,1090.00,992.00,9.56,51,4597249
3607,888NHB29-N5,"888NHB29-N5",5772.87,5785.01,2.13,0.00,0.16,6680.00,5496.01,20.51,49,8184065
3608,364D190326-TB,"GOI TBILL 364D-19/03/26",95.36,96.61,1.05,0.00,0.15,96.61,94.00,2.74,8,7728129
3609,889SCL26-NS,"889SCL26-NS",1003.89,1020.55,1.88,0.00,0.14,1096.65,890.35,20.55,30,1498881
3610,955SCL27A-ZJ,"955SCL27A-ZJ",1207.60,1285.36,4.02,0.00,0.14,1479.00,1117.68,29.92,35,3031809
3611,733TN52-SG,"SDL TN 7.33% 2052",96.27,99.75,0.57,0.00,0.14,99.75,93.35,6.65,4,2049793
3612,0SCL26-YR,"0SCL26-YR",1054.97,1123.80,2.83,0.00,0.14,1130.00,900.00,21.80,33,5961985
3613,990SCL27-YT,"990SCL27-YT",999.65,1026.60,6.03,0.00,0.14,1055.00,925.00,13.00,65,5963009
3614,12VCCL27-N0,"12VCCL27-N0",97572.00,96930.00,1.02,0.00,0.14,99000.00,95000.00,4.10,15,6518785
3615,91D181225-TB,"GOI TBILL 91D-18/12/25",98.35,98.60,1.46,0.00,0.13,98.77,97.06,1.74,12,194354433
3616,111ESFB31-N0,"111ESFB31-N0",99323.34,97665.33,1.16,0.00,0.13,100700.00,97500.00,3.22,17,194020353
3617,CURAA-BE,"CURA TECHNOLOGIES",167.36,188.44,9.48,0.00,0.13,337.00,24.43,186.77,134,7728897
3618,364D261225-TB,"GOI TBILL 364D-26/12/25",95.31,97.24,1.88,0.00,0.13,97.24,93.88,3.53,16,7375873
3619,364D010526-TB,"GOI TBILL 364D-01/05/26",95.36,96.50,1.05,0.00,0.13,96.60,93.50,3.25,15,193718529
3620,364D180626-TB,"GOI TBILL 364D-18/06/26",94.88,95.65,0.66,0.00,0.13,95.65,93.45,2.32,7,193741057
3621,91SFL27-ZI,"91SFL27-ZI",1046.65,1069.99,1.57,0.00,0.12,1081.00,1009.00,6.88,39,4396033
3622,364D260326-TB,"GOI TBILL 364D-26/03/26",95.47,97.06,1.20,0.00,0.12,97.06,93.15,4.10,10,7785217
3623,753NTPC30E-NC,"753NTPC30E-NC",1109.84,1085.00,1.36,0.00,0.12,1198.00,1071.54,11.39,58,2751745
3624,577GS2030-GS,"GOI LOAN 5.77% 2030",98.46,97.85,1.96,0.00,0.12,104.80,94.00,10.97,30,5706753
3625,CAGL25A-N4,"CAGL25A-N4",1268.11,1306.00,1.97,0.00,0.12,1308.00,1200.00,8.52,52,3188737
3626,IIFL210425-NW,"IIFL210425-NW",1003.42,1033.02,1.84,0.00,0.12,1045.00,977.00,6.78,24,193571841
3627,NIFTY GS 4 8YR,"NIFTY GS 4 8YR",3080.88,3202.38,0.59,0.00,0.12,3205.02,2943.21,8.50,250,268553
3628,CASHIETF,"ICICIPRAMC - CASHIETF",1017.29,1031.97,3.05,0.00,0.11,1045.35,1001.47,4.31,139,7715585
3629,91D201125-TB,"GOI TBILL 91D-20/11/25",98.68,99.00,0.39,0.00,0.11,99.00,98.44,0.57,13,194198273
3630,SCL25924D-N1,"SCL25924D-N1",996.07,1075.30,0.96,0.00,0.11,1090.00,820.80,27.03,23,6542337
3631,LIQUIDBEES,"NIP IND ETF LIQUID BEES",1000.00,1000.01,3.00,0.00,0.11,1030.00,970.00,6.00,250,2817537
3632,364D280526-TB,"GOI TBILL 364D-28/05/26",95.24,96.27,0.70,0.00,0.11,96.27,94.40,1.96,9,193803265
3633,75GS2034-GS,"GOI LOAN 7.50% 2034",106.99,106.65,0.96,0.00,0.11,110.35,103.70,6.22,22,1759489
3634,364D231025-TB,"GOI TBILL 364D-23/10/25",95.80,99.69,1.05,0.00,0.11,99.72,92.10,7.95,33,6627585
3635,854NHPC28-N2,"854NHPC28-N2",1203.66,1118.40,1.48,0.00,0.10,1439.90,1095.10,28.65,18,8059649
3636,10IFSL26-N7,"10IFSL26-N7",1014.52,1022.80,0.96,0.00,0.10,1058.80,960.30,9.71,18,3596545
3637,758GJ32-SG,"SDL GJ 7.58% 2032",100.38,100.49,2.00,0.00,0.10,104.40,98.00,6.38,30,5357313
3638,91D131125-TB,"GOI TBILL 91D-13/11/25",98.96,99.22,1.01,0.00,0.10,99.22,97.01,2.23,16,194153473
3639,LIQGRWBEES,"NIPPONAMC - LIQGRWBEES",1006.19,1011.49,2.49,0.00,0.10,1033.98,1001.14,3.26,53,193977601
3640,364D100426-TB,"GOI TBILL 364D-10/04/26",95.68,97.18,0.63,0.00,0.10,97.18,94.10,3.22,18,193500161
3641,935TSI31-N0,"935TSI31-N0",103434.84,102782.33,2.56,0.00,0.10,105129.05,101157.00,3.84,44,7053569
3642,182D271125-TB,"GOI TBILL 182D-27/11/25",97.66,98.84,1.04,0.00,0.09,98.84,95.86,3.05,11,193803009
3643,364D110626-TB,"GOI TBILL 364D-11/06/26",94.92,95.55,0.47,0.00,0.09,95.55,94.50,1.11,5,193906689
3644,93SCL25-ZH,"93SCL25-ZH",1065.44,1088.00,0.66,0.00,0.09,1088.00,1035.00,4.97,7,3029761
3645,ABCL28-N6,"ABCL28-N6",1065.41,1101.00,1.40,0.00,0.09,1121.00,1021.00,9.39,15,193521921
3646,851HUDCO28-NB,"851HUDCO28-NB",1128.44,1073.01,1.08,0.00,0.09,1338.90,1073.01,23.56,31,5110785
3647,364D070526-TB,"GOI TBILL 364D-07/05/26",95.61,97.00,1.08,0.00,0.09,97.00,94.18,2.95,12,193758721
3648,773BR38-SG,"SDL BR 7.73% 2038",97.73,100.00,0.54,0.00,0.09,100.00,95.21,4.90,6,5095425
3649,74GS2035-GS,"GOI LOAN 7.40% 2035",106.03,105.10,2.32,0.00,0.09,109.85,103.00,6.46,40,1759745
3650,935TSI29-N0,"935TSI29-N0",102158.99,101800.00,1.43,0.00,0.09,103482.20,101193.63,2.24,18,7016449
3651,182D120326-TB,"GOI TBILL 182D-12/03/26",96.93,97.13,0.36,0.00,0.09,97.30,96.76,0.56,7,194275073
3652,736PFCL28-N2,"736PFCL28-N2",1076.08,1087.65,0.66,0.00,0.08,1125.15,1043.00,7.63,61,5113345
3653,364D120226-TB,"GOI TBILL 364D-12/02/26",95.78,97.83,1.70,0.00,0.08,98.00,93.38,4.82,25,7572993
3654,704IRFC26-NL,"704IRFC26-NL",1082.71,1100.00,0.96,0.00,0.08,1224.00,1020.00,18.84,12,3868161
3655,815GS2026-GS,"GOI LOAN 8.15% 2026",104.80,107.06,0.48,0.00,0.08,107.09,102.95,3.95,11,1821185
3656,719HUDCO28-N7,"719HUDCO28-N7",1073.56,1081.99,1.21,0.00,0.08,1139.99,1032.50,10.01,44,7590401
3657,91D301025-TB,"GOI TBILL 91D-30/10/25",98.96,99.32,0.34,0.00,0.08,99.55,98.01,1.56,15,194041601
3658,88SCL25-ZG,"88SCL25-ZG",1019.64,1038.80,0.38,0.00,0.08,1038.80,995.00,4.30,5,3029249
3659,182D231025-TB,"GOI TBILL 182D-23/10/25",98.68,99.62,0.65,0.00,0.07,99.70,97.00,2.74,22,193553153
3660,364D131125-TB,"GOI TBILL 364D-13/11/25",95.70,99.00,0.94,0.00,0.07,99.00,93.90,5.33,22,6942721
3661,364D211125-TB,"GOI TBILL 364D-21/11/25",96.23,98.54,1.16,0.00,0.07,98.54,93.63,5.10,17,6952193
3662,364D040626-TB,"GOI TBILL 364D-04/06/26",95.10,95.70,0.36,0.00,0.07,95.70,94.70,1.05,5,193895169
3663,930APMD31-N0,"930APMD31-N0",101961.23,103342.25,1.30,0.00,0.07,103342.25,100100.00,3.18,39,193839617
3664,704IRFC28-N6,"704IRFC28-N6",1067.63,1036.99,0.87,0.00,0.07,1174.00,1033.10,13.20,24,7579393
3665,91D061125-TB,"GOI TBILL 91D-06/11/25",99.09,99.34,0.36,0.00,0.07,99.45,97.51,1.96,26,194100481
3666,875CIFC23B-NJ,"875CIFC23B-NJ",981.63,1090.19,0.47,0.00,0.07,1090.20,864.10,23.03,7,5770753
3667,364D120326-TB,"GOI TBILL 364D-12/03/26",95.58,97.15,0.48,0.00,0.07,97.15,93.25,4.08,15,7706625
3668,743PN48-SG,"SDL PN 7.43% 2048",97.09,98.21,0.24,0.00,0.07,98.45,96.00,2.52,4,4381185
3669,HDFCLIQUID,"HDFCAMC - HDFCLIQUID",1009.91,1031.46,3.00,0.00,0.06,1045.47,975.00,6.98,249,4679425
3670,113ESFB31-N0,"113ESFB31-N0",100265.87,100881.53,0.61,0.00,0.06,101000.00,99504.02,1.49,16,194379777
3671,182D190326-TB,"GOI TBILL 182D-19/03/26",97.24,97.48,0.25,0.00,0.06,97.48,96.76,0.74,4,194354689
3672,848NTPC28-N2,"848NTPC28-N2",1174.31,1157.00,0.44,0.00,0.06,1300.00,1099.10,17.11,10,8130561
3673,182D251225-TB,"GOI TBILL 182D-25/12/25",97.82,98.53,0.43,0.00,0.06,98.80,97.00,1.84,9,193936129
3674,930APMD29-N0,"930APMD29-N0",101774.22,103283.47,1.28,0.00,0.06,103283.47,100501.00,2.73,55,193838593
3675,364D200826-TB,"GOI TBILL 364D-20/08/26",94.45,94.29,0.22,0.00,0.06,94.50,94.29,0.22,4,194198785
3676,182D120226-TB,"GOI TBILL 182D-12/02/26",96.88,97.50,0.38,0.00,0.05,97.50,94.86,2.73,7,194153729
3677,664GS2035-GS,"GOI LOAN  6.64% 2035",100.53,99.81,0.99,0.00,0.05,104.75,96.70,8.01,45,820225
3678,364D050326-TB,"GOI TBILL 364D-05/03/26",95.78,97.42,0.73,0.00,0.05,97.42,93.94,3.63,14,7676929
3679,364D111225-TB,"GOI TBILL 364D-11/12/25",96.01,98.81,0.43,0.00,0.05,98.90,94.23,4.86,25,7092225
3680,935TSI34-N0,"935TSI34-N0",104600.39,105412.88,1.44,0.00,0.05,105977.86,102067.20,3.74,43,7024897
3681,182D311025-TB,"GOI TBILL 182D-31/10/25",98.28,99.00,0.72,0.00,0.05,100.22,96.50,3.79,25,193718273
3682,767AP38-SG,"SDL AP 7.67% 2038",99.44,99.41,0.24,0.00,0.05,100.85,97.30,3.57,5,4988673
3683,364D181225-TB,"GOI TBILL 364D-18/12/25",96.04,98.52,0.38,0.00,0.05,98.73,93.80,5.13,14,7247617
3684,364D061125-TB,"GOI TBILL 364D-06/11/25",96.06,99.55,0.52,0.00,0.05,99.55,93.79,6.00,27,6915841
3685,765UP34-SG,"SDL UP 7.65% 2034",100.88,104.50,0.41,0.00,0.05,104.50,100.00,4.46,9,5361409
3686,91D231025-TB,"GOI TBILL 91D-23/10/25",99.11,99.50,0.21,0.00,0.04,99.50,98.69,0.82,14,193975297
3687,1003SCL31A-N1,"1003SCL31A-N1",900.70,900.70,0.04,0.04,0.04,900.70,900.30,0.04,1,6544897
3688,930APMD32-N0,"930APMD32-N0",102338.61,101556.13,1.53,0.00,0.04,103390.84,100000.00,3.31,43,193835521
3689,930APMD33-N0,"930APMD33-N0",102773.03,103455.21,0.26,0.00,0.04,103504.25,101561.74,1.89,16,193836033
3690,930APMD30-N0,"930APMD30-N0",101781.34,101588.74,0.70,0.00,0.04,102948.10,100605.21,2.30,18,193839105
3691,735PFCL35-N1,"735PFCL35-N1",1171.34,1170.00,0.17,0.00,0.04,1187.00,1165.00,1.88,6,5112833
3692,364D010126-TB,"GOI TBILL 364D-01/01/26",96.44,98.35,0.26,0.00,0.04,98.47,93.88,4.76,22,7421697
3693,364D140526-TB,"GOI TBILL 364D-14/05/26",95.11,96.25,0.21,0.00,0.04,96.25,93.71,2.67,14,193823233
3694,12VCCL29C-N0,"12VCCL29C-N0",98407.69,98600.00,0.51,0.00,0.04,98600.00,97700.00,0.91,13,193976577
3695,182D041225-TB,"GOI TBILL 182D-04/12/25",98.24,98.80,0.29,0.00,0.04,101.00,96.85,4.22,11,193894913
3696,LIQUIDIETF,"ICICIPRAMC - ICICILIQ",999.99,999.99,3.10,0.00,0.04,1029.99,969.99,6.00,250,1238529
3697,364D160726-TB,"GOI TBILL 364D-16/07/26",94.77,95.40,0.19,0.00,0.04,95.40,94.19,1.28,5,194024705
3698,182D050326-TB,"GOI TBILL 182D-05/03/26",97.29,97.70,0.21,0.00,0.04,97.70,97.00,0.72,6,194288385
3699,182D050226-TB,"GOI TBILL 182D-05/02/26",97.30,98.00,0.18,0.00,0.04,98.00,96.75,1.28,5,194100737
3700,930APMD28-N0,"930APMD28-N0",101538.95,102299.00,0.72,0.00,0.03,105000.00,99999.00,4.93,50,193838081
3701,364D050226-TB,"GOI TBILL 364D-05/02/26",95.63,97.74,0.41,0.00,0.03,98.55,93.50,5.28,21,7547137
3702,LIQUIDSHRI,"SHRIRAM - LIQUIDSHRI",1046.67,1074.48,4.49,0.00,0.03,1095.15,1016.65,7.50,250,6239745
3703,LIQUIDETF,"DSP LIQUID ETF",999.99,1000.00,2.00,0.00,0.03,1020.00,980.55,3.95,250,493313
3704,935TSI27-N0,"935TSI27-N0",101822.06,101268.00,0.39,0.00,0.03,103022.00,100487.02,2.49,13,7049473
3705,971SCL29T-N1,"971SCL29T-N1",949.16,979.90,0.21,0.00,0.03,979.90,901.20,8.29,7,7405313
3706,ABSLLIQUID,"BIRLASLAMC - ABSLLIQUID",1000.00,999.99,3.00,0.00,0.03,1030.00,990.00,4.00,250,3716609
3707,AEL120924B-N8,"AEL120924B-N8",1033.87,1075.00,0.96,0.00,0.03,1150.00,1000.00,14.51,39,6476289
3708,LIQUIDSBI,"SBIAMC - LIQUIDSBI",1000.00,1000.01,3.00,0.00,0.03,1029.99,990.15,3.98,250,5044481
3709,364D301025-TB,"GOI TBILL 364D-30/10/25",96.88,99.20,0.30,0.00,0.03,99.40,93.83,5.75,18,6648833
3710,364D161025-TB,"GOI TBILL 364D-16/10/25",96.18,99.49,0.35,0.00,0.03,99.50,91.00,8.84,49,6610945
3711,9IIFL26-NV,"9IIFL26-NV",1008.14,1025.00,0.20,0.00,0.03,1034.03,990.00,4.37,16,193571585
3712,182D131125-TB,"GOI TBILL 182D-13/11/25",98.43,99.31,0.37,0.00,0.02,99.31,96.88,2.47,24,193822977
3713,182D061125-TB,"GOI TBILL 182D-06/11/25",98.05,99.12,0.43,0.00,0.02,99.12,97.01,2.15,18,193758465
3714,LIQUID,"MIRAEAMC - LIQUID",999.99,1000.00,3.00,0.00,0.02,1030.00,990.00,4.00,250,4498433
3715,9IHFL27-N1,"9IHFL27-N1",986.39,1018.00,0.31,0.00,0.02,1028.04,930.45,9.89,14,7387649
3716,364D150126-TB,"GOI TBILL 364D-15/01/26",94.98,98.29,0.23,0.00,0.02,98.29,93.82,4.71,22,7458817
3717,364D220126-TB,"GOI TBILL 364D-22/01/26",95.31,97.90,0.32,0.00,0.02,97.90,93.25,4.88,15,7478529
3718,772JK43-SG,"SDL JK 7.72% 2043",99.31,100.00,0.16,0.00,0.02,100.15,95.00,5.19,10,5362433
3719,930APMD27-N0,"930APMD27-N0",101221.46,100554.26,0.41,0.00,0.02,102497.54,100170.00,2.30,31,193837569
3720,759RJ46-SG,"SDL RJ 7.59% 2046",98.74,98.05,0.10,0.00,0.01,100.00,94.55,5.52,7,5095937
3721,91D161025-TB,"GOI TBILL 91D-16/10/25",99.10,99.57,0.06,0.00,0.01,99.75,98.44,1.32,12,194024193
3722,0SCL27-YW,"0SCL27-YW",1072.01,1103.00,0.17,0.00,0.01,1107.00,1022.70,7.86,14,5964545
3723,CIF29-NO,"CIF29-NO",1111.05,1111.00,0.01,0.01,0.01,1111.11,1111.00,0.01,2,5774849
3724,85CIFC27-NL,"85CIFC27-NL",1023.23,1051.00,0.10,0.00,0.01,1051.00,1000.00,4.98,14,5773057
3725,364D030926-TB,"GOI TBILL 364D-03/09/26",94.22,95.00,0.04,0.00,0.01,95.00,94.00,1.06,5,194288641
3726,364D290126-TB,"GOI TBILL 364D-29/01/26",95.40,97.26,0.10,0.00,0.01,97.26,93.80,3.63,14,7501825
3727,364D210526-TB,"GOI TBILL 364D-21/05/26",95.57,96.51,0.04,0.00,0.01,96.51,94.67,1.93,9,193745921
3728,182D201125-TB,"GOI TBILL 182D-20/11/25",98.37,99.00,0.04,0.00,0.01,99.22,97.40,1.85,11,193745665
3729,364D090726-TB,"GOI TBILL 364D-09/07/26",95.69,95.52,0.01,0.00,0.01,95.86,95.51,0.37,2,193964289
3730,935TSI32-N0,"935TSI32-N0",103753.91,101760.72,0.05,0.00,0.00,105709.00,101760.72,3.81,11,7022337
3731,725IRFC35-NH,"725IRFC35-NH",1191.05,1198.10,0.01,0.00,0.00,1198.10,1184.00,1.18,2,3007489
3732,935TSIIC28-N0,"935TSIIC28-N0",101882.72,100000.00,0.07,0.00,0.00,103026.00,100000.00,2.97,19,7019777
3733,364D020726-TB,"GOI TBILL 364D-02/07/26",96.01,95.32,0.02,0.00,0.00,99.40,94.50,5.10,8,193983233
3734,704REC28-N4,"704REC28-N4",1072.06,1078.20,0.04,0.00,0.00,1098.40,1037.01,5.73,11,7581185
3735,1003SCL31-ZQ,"1003SCL31-ZQ",918.74,900.30,0.02,0.00,0.00,965.00,830.00,14.69,8,6135553
3736,182D220126-TB,"GOI TBILL 182D-22/01/26",97.93,97.93,0.01,0.00,0.00,98.34,97.32,1.04,4,193975553
3737,182D080126-TB,"GOI TBILL 182D-08/01/26",97.51,98.18,0.01,0.00,0.00,98.18,97.25,0.95,4,193964033
3738,858HUDCO29-NC,"858HUDCO29-NC",1236.58,1142.12,0.01,0.00,0.00,1333.12,1138.10,15.77,4,5111297
3739,364D060826-TB,"GOI TBILL 364D-06/08/26",94.70,94.64,0.01,0.00,0.00,94.90,94.11,0.83,6,194100993
3740,12AFIL27-N0,"12AFIL27-N0",9728.45,9551.00,0.01,0.00,0.00,10000.00,9500.00,5.14,9,194418177
3741,364D270226-TB,"GOI TBILL 364D-27/02/26",94.74,97.00,0.01,0.00,0.00,97.00,94.00,3.17,10,7657217
3742,182D111225-TB,"GOI TBILL 182D-11/12/25",98.05,98.86,0.01,0.00,0.00,98.95,97.30,1.68,10,193906433
3743,ELIQUID,"EDELAMC - ELIQUID",1001.44,1001.44,0.00,0.00,0.00,1001.44,1001.43,0.00,1,194423297
3744,182D010126-TB,"GOI TBILL 182D-01/01/26",97.83,98.31,0.01,0.00,0.00,98.31,97.40,0.93,11,193982977
3745,HANGSENG BEES-NAV,"HANGSENG BEES-NAV",2297.11,2297.11,0.00,0.00,0.00,2297.11,2297.11,0.00,1,264713
3746,NIFTY50 DIV POINT,"NIFTY50 DIV POINT",175.56,210.91,0.00,0.00,0.00,210.91,0.00,120.14,250,265225
3747,675KA33A-SG,"SDL KA 6.75% 2033",101.10,101.10,0.00,0.00,0.00,101.10,101.10,0.00,2,158209
3748,663TN35-SG,"SDL TN 6.63% 2035",92.36,91.00,0.00,0.00,0.00,93.09,91.00,2.26,3,422913
3749,865NHB34-N4,"865NHB34-N4",6557.96,6999.89,0.00,0.00,0.00,6999.89,6099.00,13.74,3,450817
3750,653TN31-SG,"SDL TN 6.53% 2031",100.54,100.54,0.00,0.00,0.00,100.54,100.54,0.00,1,470785
3751,695RJ31-SG,"SDL RJ 6.95% 2031",100.95,100.95,0.00,0.00,0.00,100.95,100.95,0.00,1,547073
3752,703RJ36-SG,"SDL RJ 7.03% 2036",97.86,97.86,0.00,0.00,0.00,97.86,97.86,0.00,1,575489
3753,695TN31-SG,"SDL TN 6.95% 2031",96.70,96.70,0.00,0.00,0.00,96.70,96.70,0.00,1,578561
3754,729KA36-SG,"SDL KA 7.29% 2036",103.45,102.00,0.00,0.00,0.00,104.90,102.00,2.80,2,656897
3755,711GJ31-SG,"SDL GJ 7.11% 2031",101.47,101.47,0.00,0.00,0.00,101.47,101.47,0.00,1,696577
3756,INTERISE-IV,"INTERISE TRUST",111.82,109.75,0.00,0.00,0.00,112.85,109.75,2.77,3,740353
3757,861REC34-ND,"861REC34-ND",1687.50,1800.00,0.00,0.00,0.00,1800.00,1500.00,17.78,8,751361
3758,699TN41-SG,"SDL TN 6.99% 2041",104.95,104.95,0.00,0.00,0.00,104.95,104.95,0.00,1,933121
3759,689GA31-SG,"SDL GA 6.89% 2031",95.11,94.25,0.00,0.00,0.00,95.97,94.25,1.81,2,1216001
3760,706WB36-SG,"SDL WB 7.06% 2036",97.58,98.16,0.00,0.00,0.00,98.16,97.00,1.19,2,1224193
3761,689MH31-SG,"SDL MH 6.89% 2031",94.42,93.85,0.00,0.00,0.00,95.00,93.85,1.22,2,1249537
3762,694MH31-SG,"SDL MH 6.94% 2031",86.10,88.20,0.00,0.00,0.00,88.20,84.00,4.88,2,1278209
3763,697RJ31-SG,"SDL RJ 6.97% 2031",95.88,96.75,0.00,0.00,0.00,96.75,95.00,1.83,2,1279233
3764,695MH31-SG,"SDL MH 6.95% 2031",95.00,95.00,0.00,0.00,0.00,95.00,95.00,0.00,1,1288961
3765,714AP37-SG,"SDL AP 7.14% 2037",93.71,92.60,0.00,0.00,0.00,95.52,92.60,3.12,3,1339905
3766,788GS2030-GS,"GOI LOAN 7.88% 2030",107.35,104.55,0.00,0.00,0.00,110.00,104.55,5.08,8,1823233
3767,759GS2029-GS,"GOI LOAN 7.59% 2029",103.97,103.97,0.00,0.00,0.00,103.97,103.97,0.00,1,1825281
3768,761GS2030-GS,"GOI LOAN 7.61% 2030",106.65,106.65,0.00,0.00,0.00,106.65,106.65,0.00,1,1828353
3769,683TN31A-SG,"SDL TN 6.83% 2031",95.24,95.24,0.00,0.00,0.00,95.24,95.24,0.00,1,1831937
3770,697GS2026-GS,"GOI LOAN 6.97% 2026",103.69,103.69,0.00,0.00,0.00,103.69,103.69,0.00,1,1832449
3771,657GS2033-GS,"GOI LOAN 6.57% 2033",98.90,98.90,0.00,0.00,0.00,98.90,98.90,0.00,1,1841665
3772,679GS2027-GS,"GOI LOAN 6.79% 2027",103.80,105.00,0.00,0.00,0.00,105.00,102.35,2.55,5,1843713
3773,699PY29-SG,"SDL PY 6.99% 2029",90.25,90.25,0.00,0.00,0.00,90.25,90.25,0.00,2,2120705
3774,725HR32-SG,"SDL HR 7.25% 2032",96.30,96.51,0.00,0.00,0.00,97.40,95.00,2.49,3,2138881
3775,718MH30-SG,"SDL MH 7.18% 2030",97.07,97.07,0.00,0.00,0.00,97.07,97.07,0.00,1,2287105
3776,752AP42-SG,"SDL AP 7.52% 2042",99.97,99.95,0.00,0.00,0.00,100.00,99.95,0.05,2,2298113
3777,761MH29-SG,"SDL MH 7.61% 2029",99.90,100.80,0.00,0.00,0.00,100.80,99.00,1.80,2,2415361
3778,762MH30-SG,"SDL MH 7.62% 2030",98.43,98.75,0.00,0.00,0.00,98.75,98.11,0.65,2,2481921
3779,772MH34-SG,"SDL MH 7.72% 2034",99.16,99.16,0.00,0.00,0.00,99.16,99.16,0.00,1,2489345
3780,789MH32-SG,"SDL MH 7.89% 2032",100.00,100.00,0.00,0.00,0.00,100.00,100.00,0.00,1,2514433
3781,803AP35-SG,"SDL AP 8.03% 2035",99.39,99.39,0.00,0.00,0.00,99.39,99.39,0.00,1,2515457
3782,769HR27-SG,"SDL HR 7.69% 2027",99.44,101.87,0.00,0.00,0.00,101.87,97.02,4.88,2,2527489
3783,785AP37-SG,"SDL AP 7.85% 2037",105.00,105.00,0.00,0.00,0.00,105.00,105.00,0.00,1,2541569
3784,784TN52-SG,"SDL TN 7.84% 2052",106.09,107.17,0.00,0.00,0.00,107.17,105.00,2.05,2,2547969
3785,765GJ29-SG,"SDL GJ 7.65% 2029",102.68,100.45,0.00,0.00,0.00,104.90,100.45,4.33,2,2619649
3786,787TN33-SG,"SDL TN 7.87% 2033",103.60,103.60,0.00,0.00,0.00,103.60,103.60,0.00,1,2646529
3787,802AP38-SG,"SDL AP 8.02% 2038",97.00,97.00,0.00,0.00,0.00,97.00,97.00,0.00,1,2658049
3788,802WB37-SG,"SDL WB 8.02% 2037",100.24,103.95,0.00,0.00,0.00,103.95,99.00,4.94,4,2658305
3789,764TN29-SG,"SDL TN 7.64% 2029",104.90,104.90,0.00,0.00,0.00,104.90,104.90,0.00,1,2675713
3790,774MZ33-SG,"SDL MZ 7.74% 2033",99.81,98.05,0.00,0.00,0.00,101.71,98.05,3.67,6,2698241
3791,782PN42-SG,"SDL PN 7.82% 2042",99.50,99.00,0.00,0.00,0.00,100.00,99.00,1.01,4,2702849
3792,774AP38-SG,"SDL AP 7.74% 2038",99.93,102.00,0.00,0.00,0.00,102.00,98.90,3.10,3,2744065
3793,728NTPC30B-N9,"728NTPC30B-N9",1103.34,1100.00,0.00,0.00,0.00,1133.10,1083.60,4.49,5,2749697
3794,776KL38-SG,"SDL KL 7.76% 2038",102.27,102.27,0.00,0.00,0.00,102.27,102.27,0.00,1,2757889
3795,775PN42-SG,"SDL PN 7.75% 2042",98.61,99.25,0.00,0.00,0.00,100.00,97.14,2.90,4,2760193
3796,757JK34-SG,"SDL JK 7.57% 2034",100.37,100.05,0.00,0.00,0.00,100.69,100.05,0.64,2,2840577
3797,758GA37A-SG,"SDL GA 7.58% 2037",97.44,95.00,0.00,0.00,0.00,100.00,95.00,5.13,4,2840833
3798,762MH30A-SG,"SDL MH 7.62% 2030",100.90,100.90,0.00,0.00,0.00,100.90,100.90,0.00,1,2886913
3799,769GA32-SG,"SDL GA 7.69% 2032",98.71,100.08,0.00,0.00,0.00,100.08,94.76,5.39,5,2888449
3800,87SCL27-Z6,"87SCL27-Z6",830.00,830.00,0.00,0.00,0.00,830.00,830.00,0.00,1,2907137
3801,865SCL24B-Z8,"865SCL24B-Z8",938.67,996.00,0.00,0.00,0.00,996.00,830.00,17.68,3,2909441
3802,779TN32-SG,"SDL TN 7.79% 2032",100.21,99.41,0.00,0.00,0.00,101.00,99.41,1.59,8,2919681
3803,781UP32-SG,"SDL UP 7.81% 2032",100.97,102.18,0.00,0.00,0.00,102.18,99.75,2.41,2,2920449
3804,774GA32-SG,"SDL GA 7.74% 2032",101.80,101.80,0.00,0.00,0.00,101.80,101.80,0.00,1,2968833
3805,763ML25-SG,"SDL ML 7.63% 2025",100.00,100.00,0.00,0.00,0.00,100.00,100.00,0.00,1,2988801
3806,785BR32A-SG,"SDL BR 7.85% 2032",100.40,101.80,0.00,0.00,0.00,101.80,99.00,2.79,2,2990593
3807,757GJ26-SG,"SDL GJ 7.57% 2026",100.20,100.40,0.00,0.00,0.00,100.40,100.00,0.40,2,3037697
3808,767AS32-SG,"SDL AS 7.67% 2032",100.68,99.50,0.00,0.00,0.00,103.35,99.45,3.87,5,3066881
3809,739ML26-SG,"SDL ML 7.39% 2026",100.35,100.88,0.00,0.00,0.00,101.00,99.65,1.35,9,3145985
3810,774KA37-SG,"SDL KA 7.74% 2037",99.30,99.30,0.00,0.00,0.00,99.30,99.30,0.00,1,3151617
3811,766KA42-SG,"SDL KA 7.66% 2042",97.88,97.88,0.00,0.00,0.00,97.88,97.88,0.00,1,3152129
3812,763TS44-SG,"SDL TS 7.63% 2044",100.83,101.65,0.00,0.00,0.00,101.65,100.00,1.64,2,3155969
3813,76GJ32-SG,"SDL GJ 7.6% 2032",102.63,102.63,0.00,0.00,0.00,102.63,102.63,0.00,1,3242753
3814,762GA32-SG,"SDL GA 7.62% 2032",100.97,105.15,0.00,0.00,0.00,105.15,98.00,7.08,4,3245569
3815,763PN39-SG,"SDL PN 7.63% 2039",96.72,95.65,0.00,0.00,0.00,97.80,95.65,2.22,2,3252737
3816,763KA42-SG,"SDL KA 7.63% 2042",96.77,100.00,0.00,0.00,0.00,100.00,93.15,7.08,5,3253761
3817,763KL43-SG,"SDL KL 7.63% 2043",100.10,99.85,0.00,0.00,0.00,101.55,99.50,2.05,4,3257857
3818,767WB37-SG,"SDL WB 7.67% 2037",99.95,99.90,0.00,0.00,0.00,100.00,99.90,0.10,2,3388673
3819,76KA32-SG,"SDL KA 7.6% 2032",102.19,102.19,0.00,0.00,0.00,102.19,102.19,0.00,1,3390721
3820,764WB32-SG,"SDL WB 7.64% 2032",102.43,102.43,0.00,0.00,0.00,102.43,102.43,0.00,1,3391489
3821,758JH31-SG,"SDL JH 7.58% 2031",100.10,98.85,0.00,0.00,0.00,101.90,98.70,3.20,5,3422209
3822,762GA32A-SG,"SDL GA 7.62% 2032",99.69,98.25,0.00,0.00,0.00,102.16,98.25,3.92,7,3423489
3823,765KA34-SG,"SDL KA 7.65% 2034",102.45,102.45,0.00,0.00,0.00,102.45,102.45,0.00,1,3426305
3824,762KL53-SG,"SDL KL 7.62% 2053",99.00,99.00,0.00,0.00,0.00,99.00,99.00,0.00,1,3487745
3825,757TN33-SG,"SDL TN 7.57% 2033",101.59,101.59,0.00,0.00,0.00,101.59,101.59,0.00,1,3511041
3826,759TS37-SG,"SDL TS 7.59% 2037",98.95,97.50,0.00,0.00,0.00,101.00,97.50,3.54,3,3512065
3827,755TS30-SG,"SDL TS 7.55% 2030",97.65,97.55,0.00,0.00,0.00,97.75,97.55,0.20,2,3525121
3828,764HR31-SG,"SDL HR 7.64% 2031",100.89,103.30,0.00,0.00,0.00,103.30,99.51,3.76,3,3562241
3829,767MP33-SG,"SDL MP 7.67% 2033",103.00,103.00,0.00,0.00,0.00,103.00,103.00,0.00,1,3575041
3830,965IFSL26-N6,"965IFSL26-N6",978.19,999.00,0.00,0.00,0.00,1160.00,848.50,31.84,20,3595521
3831,768GJ30-SG,"SDL GJ 7.68% 2030",95.00,95.00,0.00,0.00,0.00,95.00,95.00,0.00,1,3623937
3832,774RJ40-SG,"SDL RJ 7.74% 2040",105.00,105.00,0.00,0.00,0.00,105.00,105.00,0.00,1,3751425
3833,749GJ28-SG,"SDL GJ 7.49% 2028",99.30,99.30,0.00,0.00,0.00,99.30,99.30,0.00,1,3791873
3834,773MH32-SG,"SDL MH 7.73% 2032",102.67,102.67,0.00,0.00,0.00,102.67,102.67,0.00,1,3793665
3835,783RJ50-SG,"SDL RJ 7.83% 2050",105.50,106.01,0.00,0.00,0.00,106.01,105.00,0.96,2,3802625
3836,771AP33A-SG,"SDL AP 7.71% 2033",99.43,99.43,0.00,0.00,0.00,99.43,99.43,0.00,1,3829505
3837,749MH30-SG,"SDL MH 7.49% 2030",100.05,101.15,0.00,0.00,0.00,101.15,99.00,2.15,3,3843841
3838,758AS33-SG,"SDL AS 7.58% 2033",99.45,98.25,0.00,0.00,0.00,100.66,98.25,2.42,2,3844097
3839,75HR30-SG,"SDL HR 7.5% 2030",100.37,101.25,0.00,0.00,0.00,101.25,100.00,1.25,5,3865089
3840,762PN38-SG,"SDL PN 7.62% 2038",100.51,102.05,0.00,0.00,0.00,102.05,99.00,3.03,6,3865601
3841,761RJ43-SG,"SDL RJ 7.61% 2043",100.78,102.05,0.00,0.00,0.00,102.05,99.50,2.53,2,3866881
3842,761TS44-SG,"SDL TS 7.61% 2044",97.75,99.50,0.00,0.00,0.00,99.50,96.00,3.58,2,3867137
3843,741AP30-SG,"SDL AP 7.41% 2030",100.18,100.20,0.00,0.00,0.00,100.65,99.50,1.15,6,3907073
3844,743AP31-SG,"SDL AP 7.43% 2031",99.85,100.15,0.00,0.00,0.00,100.15,99.40,0.75,3,3907585
3845,743TS33-SG,"SDL TS 7.43% 2033",98.50,98.28,0.00,0.00,0.00,99.70,97.00,2.74,4,3907841
3846,747PN43-SG,"SDL PN 7.47% 2043",97.83,97.83,0.00,0.00,0.00,97.83,97.83,0.00,2,3921665
3847,733TN33-SG,"SDL TN 7.33% 2033",99.40,99.40,0.00,0.00,0.00,99.40,99.40,0.00,1,4031745
3848,734RJ33A-SG,"SDL RJ 7.34% 2033",98.80,97.60,0.00,0.00,0.00,100.00,97.60,2.43,2,4261377
3849,733AP33-SG,"SDL AP 7.33% 2033",100.47,100.93,0.00,0.00,0.00,100.93,100.00,0.93,2,4261633
3850,718GJ28-SG,"SDL GJ 7.18% 2028",99.03,99.03,0.00,0.00,0.00,99.03,99.03,0.00,1,4262657
3851,735TN43-SG,"SDL TN 7.35% 2043",101.00,101.00,0.00,0.00,0.00,101.00,101.00,0.00,1,4304385
3852,74CG30-SG,"SDL CG 7.4% 2030",99.33,98.95,0.00,0.00,0.00,100.18,98.85,1.34,3,4345345
3853,747HR35-SG,"SDL HR 7.47% 2035",94.93,98.00,0.00,0.00,0.00,98.00,91.93,6.39,3,4408833
3854,743AP41-SG,"SDL AP 7.43% 2041",94.66,96.25,0.00,0.00,0.00,96.25,92.65,3.80,3,4416001
3855,743TN53-SG,"SDL TN 7.43% 2053",98.58,99.90,0.00,0.00,0.00,101.75,94.00,7.86,6,4523777
3856,744JK53-SG,"SDL JK 7.44% 2053",98.86,98.86,0.00,0.00,0.00,98.86,98.86,0.00,1,4524033
3857,747AP32-SG,"SDL AP 7.47% 2032",98.17,99.75,0.00,0.00,0.00,99.75,95.00,4.84,3,4570113
3858,747AS28-SG,"SDL AS 7.47% 2028",99.65,97.81,0.00,0.00,0.00,102.34,97.81,4.55,7,4659969
3859,745AP34-SG,"SDL AP 7.45% 2034",97.68,97.75,0.00,0.00,0.00,97.75,97.61,0.14,2,4692993
3860,744AP33-SG,"SDL AP 7.44% 2033",100.09,99.19,0.00,0.00,0.00,100.75,99.19,1.56,5,4710401
3861,747AS33-SG,"SDL AS 7.47% 2033",99.21,98.20,0.00,0.00,0.00,100.22,98.20,2.04,2,4710657
3862,742HP38-SG,"SDL HP 7.42% 2038",99.90,99.90,0.00,0.00,0.00,99.90,99.90,0.00,1,4712705
3863,744TS39A-SG,"SDL TS 7.44% 2039",96.61,97.77,0.00,0.00,0.00,97.77,95.95,1.88,3,4712961
3864,74AP43-SG,"SDL AP 7.4% 2043",99.99,99.99,0.00,0.00,0.00,99.99,99.99,0.00,1,4713729
3865,746MH33-SG,"SDL MH 7.46% 2033",99.00,99.00,0.00,0.00,0.00,99.00,99.00,0.00,1,4743937
3866,744TS45-SG,"SDL TS 7.44% 2045",94.40,92.61,0.00,0.00,0.00,95.00,92.61,2.53,9,4745729
3867,744AP36-SG,"SDL AP 7.44% 2036",97.65,97.65,0.00,0.00,0.00,97.65,97.65,0.00,1,4782337
3868,74GJ27-SG,"SDL GJ 7.4% 2027",101.16,102.15,0.00,0.00,0.00,102.15,99.22,2.90,7,4784129
3869,JETKNIT-ST,"JET KNITWEARS",110.78,109.00,0.00,0.00,0.00,115.00,109.00,5.42,5,4787201
3870,957SCL30-BX,"957SCL30-BX",829.22,913.87,0.00,0.00,0.00,913.87,801.00,13.61,4,4833025
3871,1075SCL33A-N2,"1075SCL33A-N2",938.29,900.00,0.00,0.00,0.00,980.00,900.00,8.53,20,4838913
3872,752TN33-SG,"SDL TN 7.52% 2033",99.83,101.15,0.00,0.00,0.00,101.15,98.00,3.16,5,4905473
3873,76AP34-SG,"SDL AP 7.6% 2034",99.20,98.83,0.00,0.00,0.00,100.77,98.00,2.79,3,4905985
3874,754CG31-SG,"SDL CG 7.54% 2031",97.02,99.36,0.00,0.00,0.00,99.36,95.00,4.49,4,4910081
3875,762BR31-SG,"SDL BR 7.62% 2031",97.63,99.25,0.00,0.00,0.00,99.25,96.01,3.32,2,4910337
3876,755TS32-SG,"SDL TS 7.55% 2032",99.75,99.75,0.00,0.00,0.00,99.75,99.75,0.00,1,4911361
3877,754RJ33-SG,"SDL RJ 7.54% 2033",96.80,100.00,0.00,0.00,0.00,100.00,95.00,5.17,3,4912897
3878,762GJ28-SG,"SDL GJ 7.62% 2028",100.55,101.63,0.00,0.00,0.00,101.65,99.00,2.64,11,4986881
3879,775PN36-SG,"SDL PN 7.75% 2036",100.50,100.50,0.00,0.00,0.00,100.50,100.50,0.00,1,4988417
3880,762TN53-SG,"SDL TN 7.62% 2053",99.35,98.70,0.00,0.00,0.00,100.00,98.70,1.31,2,4988929
3881,768UP34-SG,"SDL UP 7.68% 2034",98.66,100.00,0.00,0.00,0.00,100.08,95.90,4.24,3,5000193
3882,765TS39-SG,"SDL TS 7.65% 2039",98.41,100.00,0.00,0.00,0.00,100.00,96.75,3.30,3,5004801
3883,77UP33-SG,"SDL UP 7.7% 2033",101.58,102.15,0.00,0.00,0.00,102.15,101.00,1.13,2,5021697
3884,771RJ33-SG,"SDL RJ 7.71% 2033",102.20,102.20,0.00,0.00,0.00,102.20,102.20,0.00,1,5021953
3885,773GA33-SG,"SDL GA 7.73% 2033",96.88,100.00,0.00,0.00,0.00,100.00,93.00,7.23,3,5047553
3886,777PN33-SG,"SDL PN 7.77% 2033",101.13,100.25,0.00,0.00,0.00,102.00,100.00,1.98,7,5048321
3887,775HR35-SG,"SDL HR 7.75% 2035",90.00,90.00,0.00,0.00,0.00,90.00,90.00,0.00,1,5048833
3888,773KA36-SG,"SDL KA 7.73% 2036",96.90,100.00,0.00,0.00,0.00,100.00,95.00,5.16,3,5049089
3889,775TS37-SG,"SDL TS 7.75% 2037",96.87,100.00,0.00,0.00,0.00,100.00,95.00,5.16,3,5049601
3890,776MP37-SG,"SDL MP 7.76% 2037",96.23,100.00,0.00,0.00,0.00,100.00,93.00,7.27,3,5050113
3891,766KL46-SG,"SDL KL 7.66% 2046",98.03,99.90,0.00,0.00,0.00,99.90,95.20,4.79,3,5052673
3892,768TN30A-SG,"SDL TN 7.68% 2030",92.33,94.00,0.00,0.00,0.00,94.00,90.00,4.33,3,5054721
3893,778BR31-SG,"SDL BR 7.78% 2031",99.20,99.40,0.00,0.00,0.00,100.05,98.00,2.07,5,5055233
3894,980SCL33C-ND,"980SCL33C-ND",900.00,900.00,0.00,0.00,0.00,900.00,900.00,0.00,2,5062657
3895,773UP33A-SG,"SDL UP 7.73% 2033",99.28,98.30,0.00,0.00,0.00,100.00,98.30,1.71,3,5092097
3896,774AS33-SG,"SDL AS 7.74% 2033",95.58,95.58,0.00,0.00,0.00,95.58,95.58,0.00,1,5092353
3897,772UP34-SG,"SDL UP 7.72% 2034",100.49,99.45,0.00,0.00,0.00,101.18,99.45,1.72,3,5094401
3898,775RJ36-SG,"SDL RJ 7.75% 2036",99.00,99.00,0.00,0.00,0.00,99.00,99.00,0.00,1,5095169
3899,758JK50-SG,"SDL JK 7.58% 2050",99.22,99.65,0.00,0.00,0.00,99.65,99.00,0.66,3,5096193
3900,765TN30-SG,"SDL TN 7.65% 2030",98.93,98.23,0.00,0.00,0.00,99.56,98.23,1.34,3,5096449
3901,77KA33-SG,"SDL KA 7.7% 2033",100.39,100.45,0.00,0.00,0.00,100.45,100.33,0.12,2,5096705
3902,772RJ33-SG,"SDL RJ 7.72% 2033",98.05,98.05,0.00,0.00,0.00,98.05,98.05,0.00,1,5097473
3903,1050SCL30-NU,"1050SCL30-NU",850.10,899.80,0.00,0.00,0.00,899.80,800.40,11.69,2,5148417
3904,725GR2028-GS,"GOI LOAN   7.25% 2028",100.00,100.00,0.00,0.00,0.00,100.00,100.00,0.00,1,5158657
3905,767KA36-SG,"SDL KA 7.67% 2036",100.05,101.70,0.00,0.00,0.00,101.70,99.50,2.20,4,5176833
3906,756JK48-SG,"SDL JK 7.56% 2048",99.67,100.35,0.00,0.00,0.00,101.48,97.00,4.49,6,5178881
3907,766ML32-SG,"SDL ML 7.66% 2032",99.00,98.00,0.00,0.00,0.00,100.00,98.00,2.02,2,5179137
3908,775GA33-SG,"SDL GA 7.75% 2033",99.13,100.00,0.00,0.00,0.00,100.00,96.60,3.43,8,5209089
3909,775UP33-SG,"SDL UP 7.75% 2033",98.93,99.90,0.00,0.00,0.00,99.90,96.68,3.25,7,5209345
3910,773KA34-SG,"SDL KA 7.73% 2034",99.23,100.00,0.00,0.00,0.00,100.80,96.84,3.99,6,5209601
3911,775UP34-SG,"SDL UP 7.75% 2034",99.64,99.00,0.00,0.00,0.00,100.10,97.70,2.41,9,5209857
3912,775RJ35-SG,"SDL RJ 7.75% 2035",99.14,99.14,0.00,0.00,0.00,99.14,99.14,0.00,1,5210625
3913,779PN36-SG,"SDL PN 7.79% 2036",101.33,102.25,0.00,0.00,0.00,102.25,101.02,1.21,4,5211137
3914,776MP37A-SG,"SDL MP 7.76% 2037",101.17,102.35,0.00,0.00,0.00,102.35,100.00,2.32,2,5211393
3915,704GJ30-SG,"SDL GJ 7.04% 2030",101.00,101.00,0.00,0.00,0.00,101.00,101.00,0.00,2,5211905
3916,779PN37-SG,"SDL PN 7.79% 2037",99.17,100.00,0.00,0.00,0.00,100.15,97.30,2.87,6,5212161
3917,771WB43-SG,"SDL WB 7.71% 2043",98.00,100.00,0.00,0.00,0.00,100.00,95.70,4.39,3,5212929
3918,771KL43-SG,"SDL KL 7.71% 2043",98.10,98.10,0.00,0.00,0.00,98.10,98.10,0.00,1,5213185
3919,764RJ49-SG,"SDL RJ 7.64% 2049",97.33,99.00,0.00,0.00,0.00,99.00,94.30,4.83,3,5213697
3920,758GJ26-SG,"SDL GJ 7.58% 2026",102.08,102.29,0.00,0.00,0.00,102.36,101.83,0.52,4,5213953
3921,765GJ29A-SG,"SDL GJ 7.65% 2029",100.00,100.00,0.00,0.00,0.00,100.00,100.00,0.00,1,5214209
3922,77AP29A-SG,"SDL AP 7.7% 2029",100.11,100.60,0.00,0.00,0.00,102.00,97.35,4.65,7,5219841
3923,773AP32A-SG,"SDL AP 7.73% 2032",99.82,100.00,0.00,0.00,0.00,100.00,99.64,0.36,2,5220097
3924,769KA33A-SG,"SDL KA 7.69% 2033",101.01,100.16,0.00,0.00,0.00,101.86,100.16,1.68,2,5220353
3925,772HR33-SG,"SDL HR 7.72% 2033",100.13,99.00,0.00,0.00,0.00,105.60,97.00,8.59,8,5220609
3926,772KA35-SG,"SDL KA 7.72% 2035",100.33,101.65,0.00,0.00,0.00,101.65,99.00,2.64,2,5221377
3927,777PN36-SG,"SDL PN 7.77% 2036",102.40,104.89,0.00,0.00,0.00,104.89,99.90,4.87,2,5221633
3928,774BR38-SG,"SDL BR 7.74% 2038",98.35,100.00,0.00,0.00,0.00,101.00,96.00,5.08,4,5222657
3929,771AP31-SG,"SDL AP 7.71% 2031",101.24,104.45,0.00,0.00,0.00,104.45,99.50,4.89,4,5240833
3930,771KA36-SG,"SDL KA 7.71% 2036",99.67,99.50,0.00,0.00,0.00,100.00,99.50,0.50,3,5242369
3931,766GJ30A-SG,"SDL GJ 7.66% 2030",100.12,100.59,0.00,0.00,0.00,100.59,100.00,0.59,5,5242625
3932,77TS38-SG,"SDL TS 7.7% 2038",98.95,100.00,0.00,0.00,0.00,100.30,96.10,4.24,10,5242881
3933,77AP38-SG,"SDL AP 7.7% 2038",101.69,100.17,0.00,0.00,0.00,105.45,100.17,5.19,6,5243393
3934,755GJ31-SG,"SDL GJ 7.55% 2031",98.46,99.62,0.00,0.00,0.00,99.62,97.00,2.66,3,5305345
3935,762UP34-SG,"SDL UP 7.62% 2034",97.90,96.45,0.00,0.00,0.00,99.35,96.45,2.96,2,5308161
3936,762KL38-SG,"SDL KL 7.62% 2038",100.42,104.80,0.00,0.00,0.00,104.80,99.00,5.78,6,5309185
3937,76KA38-SG,"SDL KA 7.6% 2038",97.27,99.00,0.00,0.00,0.00,99.00,95.20,3.91,3,5309441
3938,771JK48-SG,"SDL JK 7.71% 2048",97.84,100.00,0.00,0.00,0.00,100.30,94.65,5.77,8,5310977
3939,74GJ26-SG,"SDL GJ 7.4% 2026",101.79,101.00,0.00,0.00,0.00,104.40,99.96,4.36,3,5357057
3940,767RJ33-SG,"SDL RJ 7.67% 2033",99.85,99.85,0.00,0.00,0.00,99.85,99.85,0.00,1,5361153
3941,767HR35-SG,"SDL HR 7.67% 2035",100.27,99.80,0.00,0.00,0.00,101.00,99.80,1.20,3,5361665
3942,768KA37-SG,"SDL KA 7.68% 2037",99.46,100.00,0.00,0.00,0.00,102.75,95.90,6.89,17,5361921
3943,762KL44-SG,"SDL KL 7.62% 2044",98.02,96.25,0.00,0.00,0.00,99.99,94.05,6.06,7,5362689
3944,774AP32A-SG,"SDL AP 7.74% 2032",100.13,100.10,0.00,0.00,0.00,100.15,100.10,0.05,2,5415169
3945,774KA34-SG,"SDL KA 7.74% 2034",99.98,99.63,0.00,0.00,0.00,103.15,97.12,6.03,5,5415681
3946,9TCAP28-N9,"9TCAP28-N9",1079.20,1205.00,0.00,0.00,0.00,1205.00,999.38,19.05,7,5432577
3947,764GJ31-SG,"SDL GJ 7.64% 2031",97.78,97.78,0.00,0.00,0.00,97.78,97.78,0.00,1,5443073
3948,766GJ32-SG,"SDL GJ 7.66% 2032",101.78,101.78,0.00,0.00,0.00,101.78,101.78,0.00,1,5443585
3949,772TN34-SG,"SDL TN 7.72% 2034",102.39,104.18,0.00,0.00,0.00,104.18,100.00,4.08,3,5444865
3950,778AS34-SG,"SDL AS 7.78% 2034",99.80,100.00,0.00,0.00,0.00,100.35,97.25,3.11,9,5445121
3951,776KL35-SG,"SDL KL 7.76% 2035",99.16,99.00,0.00,0.00,0.00,100.15,96.90,3.28,6,5445633
3952,777HR36-SG,"SDL HR 7.77% 2036",99.67,99.67,0.00,0.00,0.00,99.67,99.67,0.00,1,5446657
3953,SEITINVIT-IV,"SUSTAINABLE ENERGY INFRA",109.27,109.00,0.00,0.00,0.00,116.17,108.00,7.48,8,5458177
3954,768CG32-SG,"SDL CG 7.68% 2032",101.96,104.35,0.00,0.00,0.00,104.35,100.54,3.74,3,5503745
3955,764GJ34-SG,"SDL GJ 7.64% 2034",101.22,103.15,0.00,0.00,0.00,103.15,100.00,3.11,6,5504769
3956,767HP34-SG,"SDL HP 7.67% 2034",98.11,100.00,0.00,0.00,0.00,100.00,96.50,3.57,3,5506305
3957,767AP38A-SG,"SDL AP 7.67% 2038",96.78,95.40,0.00,0.00,0.00,98.17,95.40,2.86,2,5506561
3958,76TS43-SG,"SDL TS 7.6% 2043",98.50,97.00,0.00,0.00,0.00,100.00,97.00,3.05,2,5514753
3959,756TN54-SG,"SDL TN 7.56% 2054",99.56,95.80,0.00,0.00,0.00,100.85,95.80,5.07,4,5516289
3960,737GR2054-GS,"GOI LOAN   7.37% 2054",100.33,98.00,0.00,0.00,0.00,103.00,98.00,4.98,3,5564161
3961,698MH28-SG,"SDL MH 6.98% 2028",100.78,100.78,0.00,0.00,0.00,100.78,100.78,0.00,1,5616385
3962,727MH30-SG,"SDL MH 7.27% 2030",99.00,99.00,0.00,0.00,0.00,99.00,99.00,0.00,1,5617153
3963,708RJ30-SG,"SDL RJ 7.08% 2030",101.00,101.00,0.00,0.00,0.00,101.00,101.00,0.00,1,5640961
3964,666TN30-SG,"SDL TN 6.66% 2030",100.94,102.82,0.00,0.00,0.00,102.82,100.00,2.79,3,5737729
3965,76TN31-SG,"SDL TN 7.6% 2031",96.97,100.00,0.00,0.00,0.00,100.00,95.45,4.69,3,5757953
3966,CIF27-NM,"CIF27-NM",1042.70,1075.30,0.00,0.00,0.00,1075.30,1010.10,6.25,2,5773569
3967,725GJ26-SG,"SDL GJ 7.25% 2026",100.26,100.20,0.00,0.00,0.00,100.62,99.61,1.01,4,5786369
3968,742GJ31-SG,"SDL GJ 7.42% 2031",96.57,96.57,0.00,0.00,0.00,96.57,96.57,0.00,1,5787649
3969,748MH35-SG,"SDL MH 7.48% 2035",96.68,96.68,0.00,0.00,0.00,96.68,96.68,0.00,1,5788929
3970,749MH36-SG,"SDL MH 7.49% 2036",96.15,95.45,0.00,0.00,0.00,96.84,95.45,1.45,2,5789953
3971,743GJ31-SG,"SDL GJ 7.43% 2031",98.86,100.05,0.00,0.00,0.00,101.00,95.00,6.07,4,5809409
3972,743CG29-SG,"SDL CG 7.43% 2029",99.99,97.82,0.00,0.00,0.00,100.75,97.82,2.93,4,5809665
3973,742GJ33-SG,"SDL GJ 7.42% 2033",98.17,96.32,0.00,0.00,0.00,100.03,96.32,3.78,2,5810433
3974,743MH35-SG,"SDL MH 7.43% 2035",97.14,97.14,0.00,0.00,0.00,97.14,97.14,0.00,1,5856513
3975,738CG32-SG,"SDL CG 7.38% 2032",99.09,96.30,0.00,0.00,0.00,100.97,96.30,4.71,3,5907969
3976,739CG33-SG,"SDL CG 7.39% 2033",100.27,100.45,0.00,0.00,0.00,100.45,100.00,0.45,3,5908225
3977,729PY26-SG,"SDL PY 7.29% 2026",99.96,99.89,0.00,0.00,0.00,100.00,99.89,0.11,3,5910529
3978,737KA38A-SG,"SDL KA 7.37% 2038",97.51,97.51,0.00,0.00,0.00,97.51,97.51,0.00,1,5911553
3979,1015SCFL29-YY,"1015SCFL29-YY",1013.17,1045.00,0.00,0.00,0.00,1045.00,945.00,9.87,4,5965569
3980,1075SCFL34-Z6,"1075SCFL34-Z6",992.50,1010.00,0.00,0.00,0.00,1010.00,960.00,5.04,4,5969665
3981,744TS53-SG,"SDL TS 7.44% 2053",94.83,93.00,0.00,0.00,0.00,96.00,93.00,3.16,6,6015489
3982,739UK30-SG,"SDL UK 7.39% 2030",97.38,99.75,0.00,0.00,0.00,99.75,95.00,4.88,2,6157057
3983,738HR34-SG,"SDL HR 7.38% 2034",97.00,97.00,0.00,0.00,0.00,97.00,97.00,0.00,2,6158337
3984,792LIC27-N5,"792LIC27-N5",102500.00,102500.00,0.00,0.00,0.00,102500.00,102500.00,0.00,1,6162689
3985,723GJ27-SG,"SDL GJ 7.23% 2027",100.40,99.70,0.00,0.00,0.00,105.00,95.00,9.96,10,6168577
3986,733HR36-SG,"SDL HR 7.33% 2036",97.00,99.00,0.00,0.00,0.00,99.00,95.00,4.12,2,6190849
3987,NXT-INFRA-IV,"NXT-INFRA TRUST",104.59,100.20,0.00,0.00,0.00,110.00,100.00,9.56,7,6220289
3988,975SCL29-N0,"975SCL29-N0",95100.00,99500.00,0.00,0.00,0.00,99500.00,92000.00,7.89,5,6294273
3989,975SCL28A-N0,"975SCL28A-N0",99231.33,99590.54,0.00,0.00,0.00,100000.00,98103.46,1.91,3,6354177
3990,119VCCL26-N0,"119VCCL26-N0",97631.17,98900.00,0.00,0.00,0.00,99000.00,95000.00,4.10,13,6355969
3991,725AP37-SG,"SDL AP 7.25% 2037",95.00,95.00,0.00,0.00,0.00,95.00,95.00,0.00,1,6424321
3992,713HR36-SG,"SDL HR 7.13% 2036",90.25,90.25,0.00,0.00,0.00,90.25,90.25,0.00,1,6491905
3993,SCL25924C-N1,"SCL25924C-N1",914.30,820.00,0.00,0.00,0.00,1008.60,820.00,20.63,2,6541825
3994,1050SCL31A-N1,"1050SCL31A-N1",1016.84,1033.67,0.00,0.00,0.00,1033.67,1000.00,3.31,2,6544385
3995,1075SCL34C-N1,"1075SCL34C-N1",978.91,1040.00,0.00,0.00,0.00,1040.00,900.00,14.30,8,6545921
3996,0RL34-N0,"0RL34-N0",83300.00,86200.00,0.00,0.00,0.00,86200.00,80000.00,7.44,4,6580737
3997,12VCCL27A-N0,"12VCCL27A-N0",98566.67,98500.00,0.00,0.00,0.00,99700.00,97000.00,2.74,12,6607873
3998,1180VCCL26-N0,"1180VCCL26-N0",99219.60,98903.01,0.00,0.00,0.00,99570.25,98903.01,0.67,4,6608385
3999,925SCL26G-N0,"925SCL26G-N0",105992.27,107301.41,0.00,0.00,0.00,107301.41,104222.68,2.90,10,6621697
4000,1020CCSP27-N0,"1020CCSP27-N0",104272.04,104804.92,0.00,0.00,0.00,104804.92,103739.16,1.02,2,6946305
4001,935TSIIC33-N0,"935TSIIC33-N0",103947.22,102646.16,0.00,0.00,0.00,105778.60,101885.20,3.75,33,7046657
4002,IHF261224-N1,"IHF261224-N1",965.25,955.50,0.00,0.00,0.00,975.00,955.50,2.02,2,7388417
4003,99SCL27V-N1,"99SCL27V-N1",963.79,920.50,0.00,0.00,0.00,1000.00,920.50,8.25,13,7402241
4004,SCL271224B-N1,"SCL271224B-N1",1000.00,1000.00,0.00,0.00,0.00,1000.00,1000.00,0.00,2,7404289
4005,364D200226-TB,"GOI TBILL 364D-20/02/26",95.01,96.83,0.00,0.00,0.00,96.83,93.00,4.03,4,7600897
4006,12VCCL27B-N0,"12VCCL27B-N0",100823.33,102000.00,0.00,0.00,0.00,102000.00,100340.00,1.65,6,7615745
4007,990IIFL27A-N0,"990IIFL27A-N0",100787.52,100787.52,0.00,0.00,0.00,100787.52,100787.52,0.00,1,7695105
4008,971SCL30A-N1,"971SCL30A-N1",999.00,999.00,0.00,0.00,0.00,999.00,999.00,0.00,1,7737345
4009,1075SCL35-N1,"1075SCL35-N1",1000.33,1007.11,0.00,0.00,0.00,1007.11,980.00,2.71,4,7739393
4010,948SCL28-N1,"948SCL28-N1",910.20,910.20,0.00,0.00,0.00,910.20,910.20,0.00,2,7741441
4011,182D161025-TB,"GOI TBILL 182D-16/10/25",97.95,99.25,0.00,0.00,0.00,99.25,96.73,2.57,12,193517569
4012,364D160426-TB,"GOI TBILL 364D-16/04/26",94.76,95.08,0.00,0.00,0.00,95.08,94.35,0.77,5,193517825
4013,801ABCL28-NC,"801ABCL28-NC",100000.00,100000.00,0.00,0.00,0.00,100000.00,100000.00,0.00,1,193523457
4014,1025UCL27A-NG,"1025UCL27A-NG",979.68,972.91,0.00,0.00,0.00,985.00,972.91,1.23,3,193536513
4015,672MH38-SG,"SDL MH 6.72% 2038",95.00,95.00,0.00,0.00,0.00,95.00,95.00,0.00,1,193552129
4016,930IIFL27-NX,"930IIFL27-NX",1000.00,1000.00,0.00,0.00,0.00,1000.00,1000.00,0.00,1,193572097
4017,975IIFL28-Y0,"975IIFL28-Y0",978.00,1010.00,0.00,0.00,0.00,1010.00,900.00,11.25,5,193572865
4018,364D020426-TB,"GOI TBILL 364D-02/04/26",95.05,96.00,0.00,0.00,0.00,96.00,94.10,2.00,2,193574145
4019,182D181225-TB,"GOI TBILL 182D-18/12/25",97.45,98.44,0.00,0.00,0.00,98.44,96.59,1.90,6,193740801
4020,686RJ52-SG,"SDL RJ 6.86% 2052",95.00,95.00,0.00,0.00,0.00,95.00,95.00,0.00,1,193802497
4021,990CCSP27-N0,"990CCSP27-N0",100572.70,100030.78,0.00,0.00,0.00,101949.54,99678.88,2.26,4,193825025
4022,1025VCCL28-N0,"1025VCCL28-N0",96720.00,97000.00,0.00,0.00,0.00,97000.00,96100.00,0.93,5,193897729
4023,965SCL30-ND,"965SCL30-ND",995.33,995.00,0.00,0.00,0.00,996.00,995.00,0.10,3,193912065
4024,985SCL32-NJ,"985SCL32-NJ",977.00,977.00,0.00,0.00,0.00,977.00,977.00,0.00,2,193913601
4025,71WB50-SG,"SDL WB 7.1% 2050",95.00,95.00,0.00,0.00,0.00,95.00,95.00,0.00,1,193934081
4026,364D250626-TB,"GOI TBILL 364D-25/06/26",95.20,95.86,0.00,0.00,0.00,95.86,94.66,1.26,5,193936385
4027,925IIFL32-N0,"925IIFL32-N0",97887.44,96777.35,0.00,0.00,0.00,98580.18,96777.35,1.84,3,193938177
4028,975SCL35-N0,"975SCL35-N0",101896.58,101896.58,0.00,0.00,0.00,101896.58,101896.58,0.00,1,193947649
4029,945SCL28-N0,"945SCL28-N0",95231.00,95231.00,0.00,0.00,0.00,95231.00,95231.00,0.00,1,193948161
4030,950ISF27C-N0,"950ISF27C-N0",9886.88,9907.65,0.00,0.00,0.00,10250.00,9503.00,7.56,3,193973249
4031,711WB44-SG,"SDL WB 7.11% 2044",100.00,100.00,0.00,0.00,0.00,100.00,100.00,0.00,1,193974529
4032,364D230726-TB,"GOI TBILL 364D-23/07/26",95.44,95.44,0.00,0.00,0.00,95.44,95.44,0.00,1,193975809
4033,713KL58-SG,"SDL KL 7.13% 2058",100.00,100.00,0.00,0.00,0.00,100.00,100.00,0.00,1,193982465
4034,985CCSP27-N0,"985CCSP27-N0",100941.38,101037.58,0.00,0.00,0.00,101037.58,100845.18,0.19,2,194009089
4035,975ISF28-N0,"975ISF28-N0",98261.25,98261.25,0.00,0.00,0.00,98261.25,98261.25,0.00,1,194019841
4036,182D150126-TB,"GOI TBILL 182D-15/01/26",97.20,97.20,0.00,0.00,0.00,97.20,97.20,0.00,2,194024449
4037,364D300726-TB,"GOI TBILL 364D-30/07/26",94.90,95.30,0.00,0.00,0.00,95.34,93.97,1.44,4,194042113
4038,12VCCL27D-N0,"12VCCL27D-N0",95000.00,95000.00,0.00,0.00,0.00,95000.00,95000.00,0.00,2,194134529
4039,116VCCL26A-N0,"116VCCL26A-N0",100100.00,100100.00,0.00,0.00,0.00,100100.00,100100.00,0.00,1,194135041
4040,364D130826-TB,"GOI TBILL 364D-13/08/26",94.50,94.50,0.00,0.00,0.00,94.50,94.50,0.00,1,194153985
4041,182D190226-TB,"GOI TBILL 182D-19/02/26",97.13,97.45,0.00,0.00,0.00,97.45,96.81,0.66,2,194198529
4042,182D270226-TB,"GOI TBILL 182D-27/02/26",97.50,97.50,0.00,0.00,0.00,97.50,97.50,0.00,1,194234881
4043,364D280826-TB,"GOI TBILL 364D-28/08/26",94.70,94.70,0.00,0.00,0.00,94.70,94.70,0.00,3,194235137
4044,1025PATE28-N0,"1025PATE28-N0",99700.00,99700.00,0.00,0.00,0.00,99700.00,99700.00,0.00,1,194235393
4045,364D100926-TB,"GOI TBILL 364D-10/09/26",94.71,94.75,0.00,0.00,0.00,94.75,94.67,0.08,2,194275329
4046,364D240926-TB,"GOI TBILL 364D-24/09/26",94.48,94.62,0.00,0.00,0.00,94.99,93.84,1.22,3,194316033
4047,182D030426-TB,"GOI TBILL 182D-03/04/26",96.57,96.57,0.00,0.00,0.00,96.57,96.57,0.00,1,194391041
4048,364D021026-TB,"GOI TBILL 364D-02/10/26",93.00,93.00,0.00,0.00,0.00,93.00,93.00,0.00,1,194391297