Symbol,Reason
656KA30-SG,Empty dataset
66RJ30-SG,Empty dataset
66GA30A-SG,Empty dataset
664UP30-SG,Empty dataset
67JK30-SG,Empty dataset
67HR30-SG,Empty dataset
667MH31-SG,Empty dataset
679MP33-SG,Empty dataset
677KA34-SG,Empty dataset
685AP36-SG,Empty dataset
687AP38-SG,Empty dataset
677WB40-SG,Empty dataset
663GJ29-SG,Empty dataset
684TS40-SG,Empty dataset
665KA30-SG,Empty dataset
675KA33-SG,Empty dataset
667UK30-SG,Empty dataset
67ML30-SG,Empty dataset
67NL30-SG,Empty dataset
667RJ30-SG,Empty dataset
67TR30-SG,Empty dataset
668UP30-SG,Empty dataset
676MP33-SG,Empty dataset
67MH28-SG,Empty dataset
674UP30-SG,Empty dataset
68AS30-SG,Empty dataset
674GA30-SG,Empty dataset
67GJ30-SG,Empty dataset
67KA30-SG,Empty dataset
672RJ30-SG,Empty dataset
673SK30-SG,Empty dataset
669TN30-SG,Empty dataset
678KA32-SG,Empty dataset
678MH32-SG,Empty dataset
69PY29-SG,Empty dataset
69AS30A-SG,Empty dataset
683GJ30-SG,Empty dataset
685KA30-SG,Empty dataset
685RJ30-SG,Empty dataset
689GA30-SG,Empty dataset
69ML30-SG,Empty dataset
69UP30-SG,Empty dataset
69UK30A-SG,Empty dataset
697KA31-SG,Empty dataset
71MH32-SG,Empty dataset
696JK35-SG,Empty dataset
704WB35-SG,Empty dataset
705MZ35-SG,Empty dataset
70AP39-SG,Empty dataset
695PN40-SG,Empty dataset
705HR40-SG,Empty dataset
694TS50-SG,Empty dataset
672TN27-SG,Empty dataset
681MH28-SG,Empty dataset
693JH30-SG,Empty dataset
692RJ30-SG,Empty dataset
691AS30-SG,Empty dataset
691NL30-SG,Empty dataset
691UP30A-SG,Empty dataset
69GA30A-SG,Empty dataset
69HP30-SG,Empty dataset
687MH30-SG,Empty dataset
686KA30-SG,Empty dataset
684GJ30-SG,Empty dataset
715JK32-SG,Empty dataset
707MP32-SG,Empty dataset
705MH32-SG,Empty dataset
708KA34-SG,Empty dataset
71AP37-SG,Empty dataset
709WB40-SG,Empty dataset
703AP40-SG,Empty dataset
669PN30-SG,Empty dataset
661KA30-SG,Empty dataset
663MH30-SG,Empty dataset
645MH27-SG,Empty dataset
655MH28-SG,Empty dataset
665ML30-SG,Empty dataset
66RJ30A-SG,Empty dataset
663UP30-SG,Empty dataset
662UK30-SG,Empty dataset
699WB35-SG,Empty dataset
691AP39-SG,Empty dataset
691MP40-SG,Empty dataset
694TS50A-SG,Empty dataset
687AP35-SG,Empty dataset
656AS30-SG,Empty dataset
651KA30-SG,Empty dataset
662JH30-SG,Empty dataset
689MP40-SG,Empty dataset
647MH28-SG,Empty dataset
656MH30-SG,Empty dataset
654UP30-SG,Empty dataset
662KA32-SG,Empty dataset
538CG25-SG,Empty dataset
575PY26-SG,Empty dataset
61RJ27-SG,Empty dataset
645HP29-SG,Empty dataset
651HP30-SG,Empty dataset
64KA30B-SG,Empty dataset
64GJ30A-SG,Empty dataset
642UP30-SG,Empty dataset
642GA30-SG,Empty dataset
644UK30-SG,Empty dataset
645RJ30-SG,Empty dataset
655TR30-SG,Empty dataset
648KA31-SG,Empty dataset
655AP33-SG,Empty dataset
672HR35-SG,Empty dataset
677AP38-SG,Empty dataset
676PN40-SG,Empty dataset
678TS50-SG,Empty dataset
675RJ30-SG,Empty dataset
535CG25-SG,Empty dataset
64KA30C-SG,Empty dataset
64MH30-SG,Empty dataset
643AP30-SG,Empty dataset
646GJ30-SG,Empty dataset
648AS30-SG,Empty dataset
648MZ30-SG,Empty dataset
65NL30-SG,Empty dataset
652PY30-SG,Empty dataset
659UP30-SG,Empty dataset
656MH32-SG,Empty dataset
679AP34-SG,Empty dataset
675KA35-SG,Empty dataset
679PN35-SG,Empty dataset
68JK35-SG,Empty dataset
676MP40-SG,Empty dataset
688WB40-SG,Empty dataset
68TS50-SG,Empty dataset
655GA30-SG,Empty dataset
65GJ30-SG,Empty dataset
659HR30-SG,Empty dataset
647KA30-SG,Empty dataset
661RJ30-SG,Empty dataset
66SK30-SG,Empty dataset
66UP30-SG,Empty dataset
684MZ34-SG,Empty dataset
675KA34-SG,Empty dataset
679MP40-SG,Empty dataset
68TS50A-SG,Empty dataset
654AR30-SG,Empty dataset
649KA30A-SG,Empty dataset
654RJ30A-SG,Empty dataset
66AS30-SG,Empty dataset
66PN30-SG,Empty dataset
672KA33-SG,Empty dataset
678WB35-SG,Empty dataset
681TR35-SG,Empty dataset
53BR25-SG,Empty dataset
532CG25-SG,Empty dataset
532AS25-SG,Empty dataset
635MH28-SG,Empty dataset
653HP29-SG,Empty dataset
66HP30-SG,Empty dataset
65KA30A-SG,Empty dataset
65GJ30A-SG,Empty dataset
652MH30-SG,Empty dataset
657GA30-SG,Empty dataset
658UP30-SG,Empty dataset
659RJ30A-SG,Empty dataset
664AS30-SG,Empty dataset
666KA32-SG,Empty dataset
667MH32-SG,Empty dataset
67JK32-SG,Empty dataset
673TN40-SG,Empty dataset
673TS50-SG,Empty dataset
622KL27-SG,Empty dataset
64AP28-SG,Empty dataset
649GJ29-SG,Empty dataset
653KA30-SG,Empty dataset
66MN30-SG,Empty dataset
662RJ30-SG,Empty dataset
665JK30-SG,Empty dataset
668JH32-SG,Empty dataset
668AP33-SG,Empty dataset
669KA37-SG,Empty dataset
673PN40-SG,Empty dataset
674TS50-SG,Empty dataset
66RJ30B-SG,Empty dataset
662AS30-SG,Empty dataset
662NL30-SG,Empty dataset
668MZ31-SG,Empty dataset
668AP35A-SG,Empty dataset
668KA36-SG,Empty dataset
671WB40-SG,Empty dataset
671TS40-SG,Empty dataset
593CG26-SG,Empty dataset
654KA30-SG,Empty dataset
655GA30A-SG,Empty dataset
535RJ25-SG,Empty dataset
654GA30A-SG,Empty dataset
652KA30-SG,Empty dataset
656UP30-SG,Empty dataset
66ML30-SG,Empty dataset
665KA35-SG,Empty dataset
668WB35-SG,Empty dataset
667TS50-SG,Empty dataset
657HP30-SG,Empty dataset
66AS30A-SG,Empty dataset
658GA30A-SG,Empty dataset
657HP30A-SG,Empty dataset
66UP30A-SG,Empty dataset
651KA30B-SG,Empty dataset
663KA34-SG,Empty dataset
669TS40-SG,Empty dataset
662UP30-SG,Empty dataset
541GA25-SG,Empty dataset
532RJ25-SG,Empty dataset
588CG26-SG,Empty dataset
617KL27-SG,Empty dataset
66ML30A-SG,Empty dataset
66RJ30C-SG,Empty dataset
66WB30-SG,Empty dataset
651KA30C-SG,Empty dataset
664PY32-SG,Empty dataset
662KA32A-SG,Empty dataset
665TR35-SG,Empty dataset
665AP36-SG,Empty dataset
665TS40-SG,Empty dataset
665AP40-SG,Empty dataset
665PN50A-SG,Empty dataset
532AS26-SG,Empty dataset
582RJ27-SG,Empty dataset
645GJ30A-SG,Empty dataset
658GA31-SG,Empty dataset
663MN31-SG,Empty dataset
659RJ31-SG,Empty dataset
66UP31-SG,Empty dataset
66UK31-SG,Empty dataset
666JH34-SG,Empty dataset
664JK36-SG,Empty dataset
664AP39-SG,Empty dataset
665AP41-SG,Empty dataset
664TS51-SG,Empty dataset
572BR26-SG,Empty dataset
597CG27-SG,Empty dataset
664SK31-SG,Empty dataset
657TN31-SG,Empty dataset
661UP31-SG,Empty dataset
661RJ31-SG,Empty dataset
664MZ32-SG,Empty dataset
663WB41-SG,Empty dataset
663AP37-SG,Empty dataset
663PN51-SG,Empty dataset
582BR26-SG,Empty dataset
662UP31-SG,Empty dataset
662GA31-SG,Empty dataset
663ML31-SG,Empty dataset
661KA33-SG,Empty dataset
661WB36-SG,Empty dataset
66KA37-SG,Empty dataset
661MP37-SG,Empty dataset
662TS41-SG,Empty dataset
61CG27-SG,Empty dataset
657GJ31-SG,Empty dataset
661RJ31A-SG,Empty dataset
661TS51-SG,Empty dataset
662HR41-SG,Empty dataset
662RJ41-SG,Empty dataset
663HP31-SG,Empty dataset
663WB31-SG,Empty dataset
663HP33-SG,Empty dataset
664UP31-SG,Empty dataset
689BR28-SG,Empty dataset
645RJ27-SG,Empty dataset
699JK31-SG,Empty dataset
685GA31-SG,Empty dataset
688MN31-SG,Empty dataset
685RJ31-SG,Empty dataset
688UP31-SG,Empty dataset
69AP32-SG,Empty dataset
689AP35-SG,Empty dataset
688RJ46-SG,Empty dataset
689WB41-SG,Empty dataset
686TS41-SG,Empty dataset
687AP37-SG,Empty dataset
685TN51-SG,Empty dataset
619AS26-SG,Empty dataset
609RJ26-SG,Empty dataset
698AS31-SG,Empty dataset
705PN31-SG,Empty dataset
694UP31-SG,Empty dataset
704MZ33-SG,Empty dataset
698HR41-SG,Empty dataset
696RJ41-SG,Empty dataset
697WB36-SG,Empty dataset
697RJ51-SG,Empty dataset
621AS26-SG,Empty dataset
70TS51-SG,Empty dataset
693GJ31-SG,Empty dataset
705HP35-SG,Empty dataset
702HP36-SG,Empty dataset
703MP31-SG,Empty dataset
705NL31-SG,Empty dataset
705RJ31-SG,Empty dataset
699RJ41-SG,Empty dataset
697RJ51A-SG,Empty dataset
708UP31-SG,Empty dataset
705WB31-SG,Empty dataset
707AS31-SG,Empty dataset
63PY26-SG,Empty dataset
67AS27-SG,Empty dataset
708CG29-SG,Empty dataset
707GJ31-SG,Empty dataset
708MH31-SG,Empty dataset
719SK31-SG,Empty dataset
72GA31-SG,Empty dataset
72UP31-SG,Empty dataset
724AS31-SG,Empty dataset
72JH35-SG,Empty dataset
734TR36-SG,Empty dataset
722AP37-SG,Empty dataset
722KA38-SG,Empty dataset
735KA39-SG,Empty dataset
735KA40-SG,Empty dataset
718HR41-SG,Empty dataset
722RJ41-SG,Empty dataset
723WB41-SG,Empty dataset
702KL28-SG,Empty dataset
702HR29-SG,Empty dataset
704MH29-SG,Empty dataset
715RJ31-SG,Empty dataset
717AS31-SG,Empty dataset
717ML31-SG,Empty dataset
719UP31-SG,Empty dataset
723PN31-SG,Empty dataset
724RJ36-SG,Empty dataset
724JK36-SG,Empty dataset
729KA37-SG,Empty dataset
722KA38A-SG,Empty dataset
725TS41-SG,Empty dataset
72RJ46-SG,Empty dataset
729KA39-SG,Empty dataset
725WB41-SG,Empty dataset
72TS51-SG,Empty dataset
702PN28-SG,Empty dataset
702MH29-SG,Empty dataset
708GJ31-SG,Empty dataset
713RJ31-SG,Empty dataset
717UP31-SG,Empty dataset
718MN31-SG,Empty dataset
718SK31-SG,Empty dataset
727MZ33-SG,Empty dataset
728JH36-SG,Empty dataset
729TR36-SG,Empty dataset
724KA37-SG,Empty dataset
724KA38-SG,Empty dataset
643AS26-SG,Empty dataset
699KA28-SG,Empty dataset
706CG29-SG,Empty dataset
714HR31-SG,Empty dataset
715RJ31A-SG,Empty dataset
716GA31-SG,Empty dataset
716ML31-SG,Empty dataset
716UP31-SG,Empty dataset
719WB36-SG,Empty dataset
719KA39-SG,Empty dataset
719KA40-SG,Empty dataset
672KL27-SG,Empty dataset
694CG29-SG,Empty dataset
685GA31A-SG,Empty dataset
693SK31-SG,Empty dataset
686JH36-SG,Empty dataset
684UK31-SG,Empty dataset
685AR31-SG,Empty dataset
683WB31-SG,Empty dataset
684GJ31-SG,Empty dataset
685AS31-SG,Empty dataset
685ML31-SG,Empty dataset
686PN33-SG,Empty dataset
686PY34-SG,Empty dataset
618GJ26-SG,Empty dataset
658GJ27-SG,Empty dataset
69GJ30-SG,Empty dataset
68UK31-SG,Empty dataset
68KL31-SG,Empty dataset
684JK31-SG,Empty dataset
684GA31-SG,Empty dataset
682KL32-SG,Empty dataset
698PY33-SG,Empty dataset
682JH34-SG,Empty dataset
682KL35-SG,Empty dataset
682PN36-SG,Empty dataset
699WB36-SG,Empty dataset
675RJ31-SG,Empty dataset
678AP38-SG,Empty dataset
678AP39-SG,Empty dataset
682ML31-SG,Empty dataset
678RJ31-SG,Empty dataset
678JK33-SG,Empty dataset
684AR31-SG,Empty dataset
682RJ31-SG,Empty dataset
685NL31-SG,Empty dataset
689TS51-SG,Empty dataset
678MN31-SG,Empty dataset
677TN31-SG,Empty dataset
678RJ31A-SG,Empty dataset
682MH32-SG,Empty dataset
687MH33-SG,Empty dataset
692HR36-SG,Empty dataset
69AP39-SG,Empty dataset
691AP40-SG,Empty dataset
696TS51-SG,Empty dataset
69JK33-SG,Empty dataset
745IGT26-NC,Empty dataset
77IGT28-NE,Empty dataset
749IGT28-NG,Empty dataset
795IGT31-NI,Empty dataset
772IGT31-NK,Empty dataset
677RJ31-SG,Empty dataset
694AP37-SG,Empty dataset
694AP38-SG,Empty dataset
613RJ26-SG,Empty dataset
679HR31-SG,Empty dataset
683WB31A-SG,Empty dataset
684MH32-SG,Empty dataset
688MH33-SG,Empty dataset
69MZ33-SG,Empty dataset
683MH32-SG,Empty dataset
684HR32-SG,Empty dataset
687MH33A-SG,Empty dataset
696AP35-SG,Empty dataset
696AP36-SG,Empty dataset
698TS41-SG,Empty dataset
696TN51-SG,Empty dataset
696TN56-SG,Empty dataset
61RJ26-SG,Empty dataset
676RJ31-SG,Empty dataset
678SK31-SG,Empty dataset
697TN46-SG,Empty dataset
639BR27-SG,Empty dataset
678KL31-SG,Empty dataset
684KL33-SG,Empty dataset
678MH31-SG,Empty dataset
683MH32A-SG,Empty dataset
704AP40-SG,Empty dataset
704AP41-SG,Empty dataset
645BR27-SG,Empty dataset
695HR33-SG,Empty dataset
704JK36-SG,Empty dataset
696KL34-SG,Empty dataset
681MH31-SG,Empty dataset
686MH32-SG,Empty dataset
685NL31A-SG,Empty dataset
684RJ31-SG,Empty dataset
705RJ41-SG,Empty dataset
703TN46-SG,Empty dataset
703TN51-SG,Empty dataset
705TS41-SG,Empty dataset
665WB28-SG,Empty dataset
672GJ30-SG,Empty dataset
68RJ31-SG,Empty dataset
681PN31-SG,Empty dataset
70AP38-SG,Empty dataset
701AP39-SG,Empty dataset
707RJ46-SG,Empty dataset
704TS51-SG,Empty dataset
GS261025C-GS,Empty dataset
GS101125C-GS,Empty dataset
GS071225C-GS,Empty dataset
GS121225C-GS,Empty dataset
BDR-IT,Empty dataset
GS151225C-GS,Empty dataset
GS171225C-GS,Empty dataset
GS231225C-GS,Empty dataset
GS311225C-GS,Empty dataset
GS020126C-GS,Empty dataset
GS100226C-GS,Empty dataset
GS220226C-GS,Empty dataset
GS090326C-GS,Empty dataset
GS150326C-GS,Empty dataset
GS200326C-GS,Empty dataset
GS100426C-GS,Empty dataset
GS260426C-GS,Empty dataset
GS100526C-GS,Empty dataset
GS070626C-GS,Empty dataset
GS120626C-GS,Empty dataset
GS150626C-GS,Empty dataset
GS220261P-GS,Empty dataset
GS151226C-GS,Empty dataset
GS220230C-GS,Empty dataset
GS220830C-GS,Empty dataset
GS220231C-GS,Empty dataset
GS220831C-GS,Empty dataset
GS220236C-GS,Empty dataset
GS220836C-GS,Empty dataset
GS220240C-GS,Empty dataset
GS220840C-GS,Empty dataset
GS220250C-GS,Empty dataset
GS220850C-GS,Empty dataset
GS220261C-GS,Empty dataset
703TS51-SG,Empty dataset
605RJ26-SG,Empty dataset
684RJ31A-SG,Empty dataset
675GJ31-SG,Empty dataset
678GA31-SG,Empty dataset
68MH31-SG,Empty dataset
683MH32B-SG,Empty dataset
681KL31-SG,Empty dataset
692HR36A-SG,Empty dataset
709KL36-SG,Empty dataset
683MH31-SG,Empty dataset
683TN31-SG,Empty dataset
688UP31A-SG,Empty dataset
689MH32-SG,Empty dataset
69RJ32-SG,Empty dataset
713AP36-SG,Empty dataset
704RJ36-SG,Empty dataset
707HR37-SG,Empty dataset
712AP37-SG,Empty dataset
706KL38-SG,Empty dataset
706TS41-SG,Empty dataset
706KL41-SG,Empty dataset
624RJ26-SG,Empty dataset
691RJ31-SG,Empty dataset
713RJ41-SG,Empty dataset
679WB28-SG,Empty dataset
696GA31-SG,Empty dataset
695MH32-SG,Empty dataset
70MN31-SG,Empty dataset
695PN31-SG,Empty dataset
694UP31A-SG,Empty dataset
694UK31-SG,Empty dataset
688GJ31-SG,Empty dataset
71JK33-SG,Empty dataset
719ML41-SG,Empty dataset
713KL46-SG,Empty dataset
72KL56-SG,Empty dataset
718TS51-SG,Empty dataset
931SFIL26A-NA,Empty dataset
97SFIL26A-NC,Empty dataset
675BR27-SG,Empty dataset
633AS26-SG,Empty dataset
682CG28-SG,Empty dataset
683WB28-SG,Empty dataset
691GJ30-SG,Empty dataset
699GA31-SG,Empty dataset
701MH32-SG,Empty dataset
715AP37-SG,Empty dataset
719AP38-SG,Empty dataset
629RJ26-SG,Empty dataset
682BR28-SG,Empty dataset
699GA31A-SG,Empty dataset
695GJ31-SG,Empty dataset
70MP31-SG,Empty dataset
70RJ31-SG,Empty dataset
698TN31-SG,Empty dataset
699UP31-SG,Empty dataset
702WB31-SG,Empty dataset
70UK31-SG,Empty dataset
712AP35-SG,Empty dataset
714AP36-SG,Empty dataset
724TS51-SG,Empty dataset
627RJ26-SG,Empty dataset
697TN31-SG,Empty dataset
701MN31-SG,Empty dataset
701UP31-SG,Empty dataset
717TS41-SG,Empty dataset
724TN51-SG,Empty dataset
85PCHFL26-N7,Empty dataset
875PCHFL31-N9,Empty dataset
699WB30-SG,Empty dataset
697TN31A-SG,Empty dataset
699UP31A-SG,Empty dataset
625AS26-SG,Empty dataset
677BR28-SG,Empty dataset
698HR31-SG,Empty dataset
698TN31A-SG,Empty dataset
70WB31-SG,Empty dataset
71MH36-SG,Empty dataset
714AP41-SG,Empty dataset
714TS41-SG,Empty dataset
624MH26-SG,Empty dataset
699GA31B-SG,Empty dataset
698GJ31-SG,Empty dataset
702UP31-SG,Empty dataset
70TN31-SG,Empty dataset
71JK33A-SG,Empty dataset
709TS34-SG,Empty dataset
679WB28A-SG,Empty dataset
643MH27-SG,Empty dataset
692HR30-SG,Empty dataset
697AS31-SG,Empty dataset
697TN31B-SG,Empty dataset
697NL31-SG,Empty dataset
697PN31-SG,Empty dataset
697UP31-SG,Empty dataset
638MH27-SG,Empty dataset
698AS31A-SG,Empty dataset
697GA31-SG,Empty dataset
699WB31-SG,Empty dataset
695TN31B-SG,Empty dataset
698UP31-SG,Empty dataset
697KL31-SG,Empty dataset
719KL51-SG,Empty dataset
628GJ27-SG,Empty dataset
599MP26-SG,Empty dataset
705TS35-SG,Empty dataset
705AP35-SG,Empty dataset
687HR31-SG,Empty dataset
693HP31-SG,Empty dataset
698HP32-SG,Empty dataset
704KL34-SG,Empty dataset
691RJ31A-SG,Empty dataset
712WB51-SG,Empty dataset
708JK36-SG,Empty dataset
706KL39-SG,Empty dataset
685BR30-SG,Empty dataset
688GA31-SG,Empty dataset
684GJ31A-SG,Empty dataset
70MZ34-SG,Empty dataset
689PN31-SG,Empty dataset
687RJ31-SG,Empty dataset
689UP31-SG,Empty dataset
685WB31-SG,Empty dataset
70AP39A-SG,Empty dataset
70TS36-SG,Empty dataset
702AP41-SG,Empty dataset
702ML41-SG,Empty dataset
698AP36-SG,Empty dataset
687AS31-SG,Empty dataset
653CG28-SG,Empty dataset
685GA31B-SG,Empty dataset
687JH31-SG,Empty dataset
685MP31-SG,Empty dataset
691MH33-SG,Empty dataset
691MH34-SG,Empty dataset
687MN31-SG,Empty dataset
687UP31-SG,Empty dataset
698WB36-SG,Empty dataset
686AP35-SG,Empty dataset
686KL35-SG,Empty dataset
686RJ36-SG,Empty dataset
687AP40-SG,Empty dataset
676TN31-SG,Empty dataset
677RJ31A-SG,Empty dataset
68NL31-SG,Empty dataset
68SK31-SG,Empty dataset
925SCL26-NR,Empty dataset
935SCL28-NV,Empty dataset
623RJ27-SG,Empty dataset
596PY26-SG,Empty dataset
685AS31A-SG,Empty dataset
683GA31-SG,Empty dataset
684PN31-SG,Empty dataset
698PN33-SG,Empty dataset
694RJ33-SG,Empty dataset
684UP31-SG,Empty dataset
693AP38-SG,Empty dataset
698JK36-SG,Empty dataset
699KL36-SG,Empty dataset
699TR36-SG,Empty dataset
699WB36A-SG,Empty dataset
693TS37-SG,Empty dataset
694AP41-SG,Empty dataset
704AP34-SG,Empty dataset
709AP39-SG,Empty dataset
691AS31-SG,Empty dataset
687BR30-SG,Empty dataset
659CG28-SG,Empty dataset
689GA31A-SG,Empty dataset
689GJ31-SG,Empty dataset
70JH33-SG,Empty dataset
688KA31-SG,Empty dataset
693KA32-SG,Empty dataset
705KL36-SG,Empty dataset
706MZ34-SG,Empty dataset
601RJ26-SG,Empty dataset
691RJ31B-SG,Empty dataset
69TN31-SG,Empty dataset
709TS40-SG,Empty dataset
692UP31-SG,Empty dataset
705WB36-SG,Empty dataset
675GJ29-SG,Empty dataset
696KA31-SG,Empty dataset
697TN31C-SG,Empty dataset
697UP31A-SG,Empty dataset
698RJ31-SG,Empty dataset
70MN31A-SG,Empty dataset
70NL31-SG,Empty dataset
703KA32-SG,Empty dataset
713AP36A-SG,Empty dataset
714AP41A-SG,Empty dataset
604GJ26-SG,Empty dataset
695KA31-SG,Empty dataset
699HR31-SG,Empty dataset
708KA34A-SG,Empty dataset
609AS26-SG,Empty dataset
634RJ27-SG,Empty dataset
662CG28-SG,Empty dataset
663HR28-SG,Empty dataset
695BR30-SG,Empty dataset
693GJ31A-SG,Empty dataset
696RJ31-SG,Empty dataset
699AS31-SG,Empty dataset
699UP31B-SG,Empty dataset
702AP36-SG,Empty dataset
702AP37-SG,Empty dataset
708WB41-SG,Empty dataset
698BR30-SG,Empty dataset
703MN31-SG,Empty dataset
698RJ31A-SG,Empty dataset
696TN31-SG,Empty dataset
70WB31A-SG,Empty dataset
70GA31-SG,Empty dataset
706JK33-SG,Empty dataset
708AP35-SG,Empty dataset
708AP40-SG,Empty dataset
708TS42-SG,Empty dataset
694AS31-SG,Empty dataset
692RJ31-SG,Empty dataset
693UP31-SG,Empty dataset
70AP38A-SG,Empty dataset
70AP39B-SG,Empty dataset
671TN29-SG,Empty dataset
69KA31-SG,Empty dataset
693UP31A-SG,Empty dataset
698WB37-SG,Empty dataset
699MP41-SG,Empty dataset
699TS43-SG,Empty dataset
687BR30A-SG,Empty dataset
686HP30-SG,Empty dataset
691HP31-SG,Empty dataset
693HP32-SG,Empty dataset
692HP33-SG,Empty dataset
687KA31-SG,Empty dataset
662PY28-SG,Empty dataset
691WB31-SG,Empty dataset
833GS2032-GS,Empty dataset
683GS2039-GS,Empty dataset
607RJ26-SG,Empty dataset
683KA31-SG,Empty dataset
684RJ31B-SG,Empty dataset
687SK31-SG,Empty dataset
692AP41-SG,Empty dataset
692TN46-SG,Empty dataset
604AS26-SG,Empty dataset
687AS31A-SG,Empty dataset
683BR30-SG,Empty dataset
694JK36-SG,Empty dataset
683KA31A-SG,Empty dataset
688KA32-SG,Empty dataset
666TN29-SG,Empty dataset
696TS45-SG,Empty dataset
923GS2043-GS,Empty dataset
773GS2034-GS,Empty dataset
684BR30-SG,Empty dataset
63PY27-SG,Empty dataset
685GA31C-SG,Empty dataset
683KA31B-SG,Empty dataset
689KA33-SG,Empty dataset
694WB36-SG,Empty dataset
668GS2031-GS,Empty dataset
697AS31A-SG,Empty dataset
698GA31-SG,Empty dataset
696KA31A-SG,Empty dataset
702KA33-SG,Empty dataset
70JK33-SG,Empty dataset
696UP31-SG,Empty dataset
704TS32-SG,Empty dataset
70NL31A-SG,Empty dataset
707TN38-SG,Empty dataset
705WB36A-SG,Empty dataset
633AS26A-SG,Empty dataset
629RJ26A-SG,Empty dataset
696PY30-SG,Empty dataset
703AS31-SG,Empty dataset
70GA31A-SG,Empty dataset
703HP31-SG,Empty dataset
702KA31-SG,Empty dataset
70MN31B-SG,Empty dataset
703RJ31-SG,Empty dataset
702TN31-SG,Empty dataset
704UP31-SG,Empty dataset
705UK31-SG,Empty dataset
714HP33-SG,Empty dataset
714TS33-SG,Empty dataset
712KA34-SG,Empty dataset
714AP35-SG,Empty dataset
714KL35-SG,Empty dataset
714JK36-SG,Empty dataset
714PN36-SG,Empty dataset
712WB36-SG,Empty dataset
714AP40-SG,Empty dataset
714AP41B-SG,Empty dataset
718TS33-SG,Empty dataset
712AS32-SG,Empty dataset
713HR32-SG,Empty dataset
71KA32-SG,Empty dataset
718KA33-SG,Empty dataset
722KA35-SG,Empty dataset
714PN32-SG,Empty dataset
712UP32-SG,Empty dataset
714WB32-SG,Empty dataset
724AP38-SG,Empty dataset
718AP40-SG,Empty dataset
722AP42-SG,Empty dataset
875SCFL27-Y9,Empty dataset
843SCFL27-YB,Empty dataset
704TN30-SG,Empty dataset
714KA32-SG,Empty dataset
728TS35-SG,Empty dataset
731KA35-SG,Empty dataset
714RJ32-SG,Empty dataset
715UP32-SG,Empty dataset
731PY35-SG,Empty dataset
729KA34-SG,Empty dataset
723MN32-SG,Empty dataset
724UP32-SG,Empty dataset
723WB32-SG,Empty dataset
733KA37-SG,Empty dataset
733KA40-SG,Empty dataset
733MP42-SG,Empty dataset
643RJ27-SG,Empty dataset
724BR32-SG,Empty dataset
723GA32-SG,Empty dataset
735KA36-SG,Empty dataset
734TS34-SG,Empty dataset
618GJ26A-SG,Empty dataset
69PY28-SG,Empty dataset
645RJ27A-SG,Empty dataset
727AR32-SG,Empty dataset
729MZ33-SG,Empty dataset
724RJ32-SG,Empty dataset
727SK32-SG,Empty dataset
724TN32-SG,Empty dataset
728UP32-SG,Empty dataset
725UK32-SG,Empty dataset
737KA38-SG,Empty dataset
736KA39-SG,Empty dataset
748WB37-SG,Empty dataset
732KA34-SG,Empty dataset
62RJ26-SG,Empty dataset
696HR29-SG,Empty dataset
721KA32-SG,Empty dataset
721RJ32-SG,Empty dataset
744KA35-SG,Empty dataset
737TS36-SG,Empty dataset
737AP38-SG,Empty dataset
737AP42-SG,Empty dataset
654MH27-SG,Empty dataset
699MH29-SG,Empty dataset
705MZ29-SG,Empty dataset
704TN30A-SG,Empty dataset
724RJ32A-SG,Empty dataset
730KA32-SG,Empty dataset
732AS32-SG,Empty dataset
734MN32-SG,Empty dataset
685AS29-SG,Empty dataset
709AS32-SG,Empty dataset
706GJ32-SG,Empty dataset
716KA36-SG,Empty dataset
709RJ32-SG,Empty dataset
713JK34-SG,Empty dataset
713AP40-SG,Empty dataset
713AP41-SG,Empty dataset
712KA37-SG,Empty dataset
712PN37-SG,Empty dataset
713TN47-SG,Empty dataset
702TN30-SG,Empty dataset
709GJ32-SG,Empty dataset
71TN32-SG,Empty dataset
712AS32A-SG,Empty dataset
713BR32-SG,Empty dataset
713TS37-SG,Empty dataset
713KA38-SG,Empty dataset
713KA39-SG,Empty dataset
648RJ27-SG,Empty dataset
703TN30-SG,Empty dataset
712GJ32-SG,Empty dataset
714TN32-SG,Empty dataset
715GA32-SG,Empty dataset
717BR32-SG,Empty dataset
717KL32-SG,Empty dataset
717RJ32-SG,Empty dataset
717WB32-SG,Empty dataset
713TS34-SG,Empty dataset
712JK37-SG,Empty dataset
713AP39-SG,Empty dataset
713HR42-SG,Empty dataset
719TN42-SG,Empty dataset
708MP29-SG,Empty dataset
712TN30-SG,Empty dataset
725GJ32-SG,Empty dataset
725TN32-SG,Empty dataset
735PY33-SG,Empty dataset
725MZ34-SG,Empty dataset
728JH37-SG,Empty dataset
748AP38-SG,Empty dataset
743HR41-SG,Empty dataset
731AP42-SG,Empty dataset
733TN52A-SG,Empty dataset
733TN57-SG,Empty dataset
709TN30-SG,Empty dataset
719TN32-SG,Empty dataset
722RJ32-SG,Empty dataset
724SK32-SG,Empty dataset
734TS35-SG,Empty dataset
739JK37-SG,Empty dataset
735JH38-SG,Empty dataset
746WB40-SG,Empty dataset
741PN42-SG,Empty dataset
739TN52-SG,Empty dataset
709HR29-SG,Empty dataset
713TN30-SG,Empty dataset
723TN32-SG,Empty dataset
724RJ32B-SG,Empty dataset
726HR32-SG,Empty dataset
727ML32-SG,Empty dataset
737RJ34-SG,Empty dataset
742KL34-SG,Empty dataset
74HR37-SG,Empty dataset
74WB38-SG,Empty dataset
743TN47-SG,Empty dataset
ABNINT-IT,Empty dataset
74TN42-SG,Empty dataset
713RJ29-SG,Empty dataset
717TN30-SG,Empty dataset
729GJ32-SG,Empty dataset
729RJ32-SG,Empty dataset
73TN32-SG,Empty dataset
731KL32-SG,Empty dataset
733AS32-SG,Empty dataset
734UK32-SG,Empty dataset
734GA32-SG,Empty dataset
734UP32-SG,Empty dataset
734MN32A-SG,Empty dataset
734NL32-SG,Empty dataset
735SK32-SG,Empty dataset
736WB32-SG,Empty dataset
735UP34-SG,Empty dataset
736TS36-SG,Empty dataset
739UP37-SG,Empty dataset
74KL37-SG,Empty dataset
737PN42-SG,Empty dataset
739TN42-SG,Empty dataset
744AP42-SG,Empty dataset
729AP34-SG,Empty dataset
734AP40-SG,Empty dataset
711MH29-SG,Empty dataset
752AP38-SG,Empty dataset
748PN42-SG,Empty dataset
875SCL27-YQ,Empty dataset
843SCL27-YS,Empty dataset
715HR28-SG,Empty dataset
727HR30-SG,Empty dataset
745AP37-SG,Empty dataset
763HR29-SG,Empty dataset
763MH30-SG,Empty dataset
776AP32-SG,Empty dataset
773HR33-SG,Empty dataset
774HR35-SG,Empty dataset
776PN37-SG,Empty dataset
778AP41-SG,Empty dataset
778AP42-SG,Empty dataset
746AP27-SG,Empty dataset
763AP30-SG,Empty dataset
77RJ32-SG,Empty dataset
767AP31-SG,Empty dataset
769MZ31-SG,Empty dataset
771AP32-SG,Empty dataset
772JK32-SG,Empty dataset
772MN32-SG,Empty dataset
773WB32-SG,Empty dataset
770MH32-SG,Empty dataset
772RJ35-SG,Empty dataset
763HR28-SG,Empty dataset
777GJ31-SG,Empty dataset
78AP31-SG,Empty dataset
78ML31-SG,Empty dataset
78TN32-SG,Empty dataset
78GJ32-SG,Empty dataset
781GA32-SG,Empty dataset
781HR32-SG,Empty dataset
782MN32-SG,Empty dataset
783WB32-SG,Empty dataset
79AP33-SG,Empty dataset
785KL34-SG,Empty dataset
79AP34-SG,Empty dataset
79RJ42-SG,Empty dataset
786MH30-SG,Empty dataset
802TS35-SG,Empty dataset
807AP36-SG,Empty dataset
799TN42-SG,Empty dataset
795HR32-SG,Empty dataset
804AP41-SG,Empty dataset
804AP42-SG,Empty dataset
78AP31A-SG,Empty dataset
783RJ32-SG,Empty dataset
786AS32-SG,Empty dataset
786MZ32-SG,Empty dataset
788NL32-SG,Empty dataset
785RJ37-SG,Empty dataset
785RJ39-SG,Empty dataset
BHALCHANDR-IT,Empty dataset
781TN52-SG,Empty dataset
753AS27-SG,Empty dataset
782GJ32-SG,Empty dataset
785AS32-SG,Empty dataset
785MP32-SG,Empty dataset
ICICM58-M1,Empty dataset
786HR32-SG,Empty dataset
793AP33-SG,Empty dataset
793TS34-SG,Empty dataset
794HR34-SG,Empty dataset
794AP34-SG,Empty dataset
793TS35-SG,Empty dataset
794TS36-SG,Empty dataset
796WB37-SG,Empty dataset
795AP38-SG,Empty dataset
795AP39-SG,Empty dataset
795AP40-SG,Empty dataset
792AP42-SG,Empty dataset
781RJ47-SG,Empty dataset
765TN29-SG,Empty dataset
776HP30-SG,Empty dataset
782AS32-SG,Empty dataset
782HP32-SG,Empty dataset
782WB32-SG,Empty dataset
795AP40A-SG,Empty dataset
792AP42A-SG,Empty dataset
804PN42-SG,Empty dataset
791TS43-SG,Empty dataset
79TS44-SG,Empty dataset
792TS45-SG,Empty dataset
778ML31-SG,Empty dataset
781HR32A-SG,Empty dataset
79HR34-SG,Empty dataset
794PN42-SG,Empty dataset
789TS34-SG,Empty dataset
797AP39-SG,Empty dataset
792AP41-SG,Empty dataset
803AP36-SG,Empty dataset
783AS32-SG,Empty dataset
78GJ32A-SG,Empty dataset
783MN32-SG,Empty dataset
802MZ36-SG,Empty dataset
798RJ42-SG,Empty dataset
795TS35-SG,Empty dataset
801WB41-SG,Empty dataset
785PN32-SG,Empty dataset
OSEINTRUST-IV,Empty dataset
797WB42-SG,Empty dataset
779AP31-SG,Empty dataset
777GJ32-SG,Empty dataset
78TN32A-SG,Empty dataset
781HR32B-SG,Empty dataset
781RJ32-SG,Empty dataset
782NL32-SG,Empty dataset
782SK32-SG,Empty dataset
804AP37-SG,Empty dataset
805RJ37-SG,Empty dataset
806JK37-SG,Empty dataset
807WB38-SG,Empty dataset
797HR42-SG,Empty dataset
797RJ42-SG,Empty dataset
782RJ44-SG,Empty dataset
757HP31-SG,Empty dataset
772AP34-SG,Empty dataset
768AS32-SG,Empty dataset
765BR32-SG,Empty dataset
761GJ32-SG,Empty dataset
785KL35-SG,Empty dataset
767NL32-SG,Empty dataset
765RJ32-SG,Empty dataset
764TN32-SG,Empty dataset
784TS36-SG,Empty dataset
789HP37-SG,Empty dataset
789WB37-SG,Empty dataset
782AP42-SG,Empty dataset
743HP28-SG,Empty dataset
777RJ32-SG,Empty dataset
797AP36-SG,Empty dataset
795HR37-SG,Empty dataset
795TS37-SG,Empty dataset
796AP40-SG,Empty dataset
793TN42-SG,Empty dataset
793RJ45-SG,Empty dataset
754AS28-SG,Empty dataset
774AP31-SG,Empty dataset
773GJ32-SG,Empty dataset
775TN32-SG,Empty dataset
777HR32-SG,Empty dataset
SHAIVAL-ST,Empty dataset
772AP35-SG,Empty dataset
76TN32-SG,Empty dataset
765BR32A-SG,Empty dataset
766UP32-SG,Empty dataset
774TS45-SG,Empty dataset
774TS46-SG,Empty dataset
77TN42-SG,Empty dataset
771KL42-SG,Empty dataset
771AP42-SG,Empty dataset
771AP39-SG,Empty dataset
771AP37-SG,Empty dataset
767KL34-SG,Empty dataset
761TN32-SG,Empty dataset
761HR32-SG,Empty dataset
762BR32-SG,Empty dataset
753HR30-SG,Empty dataset
745TS30-SG,Empty dataset
747TS31-SG,Empty dataset
753AS32-SG,Empty dataset
758PN42-SG,Empty dataset
758AP40-SG,Empty dataset
758GA37-SG,Empty dataset
758AP42-SG,Empty dataset
753BR32-SG,Empty dataset
745HR32-SG,Empty dataset
745BR32-SG,Empty dataset
746MP32-SG,Empty dataset
748HP33-SG,Empty dataset
749HP34-SG,Empty dataset
75HP36-SG,Empty dataset
75HP37-SG,Empty dataset
745AP40-SG,Empty dataset
745AP42-SG,Empty dataset
746TS48-SG,Empty dataset
746TS49-SG,Empty dataset
745SK32-SG,Empty dataset
755BR32-SG,Empty dataset
755AS32-SG,Empty dataset
756WB39-SG,Empty dataset
756TS40-SG,Empty dataset
756WB42-SG,Empty dataset
749GJ26-SG,Empty dataset
768PN42-SG,Empty dataset
771AP34-SG,Empty dataset
769BR32-SG,Empty dataset
767HR32-SG,Empty dataset
764MH32-SG,Empty dataset
771MN32-SG,Empty dataset
765RJ32A-SG,Empty dataset
768UP32-SG,Empty dataset
768WB32-SG,Empty dataset
769KL40-SG,Empty dataset
778MZ37-SG,Empty dataset
772WB38-SG,Empty dataset
76AP28-SG,Empty dataset
776MH30-SG,Empty dataset
775GJ32-SG,Empty dataset
778MZ32-SG,Empty dataset
779RJ32-SG,Empty dataset
784TS34-SG,Empty dataset
782AP35-SG,Empty dataset
783TS35-SG,Empty dataset
783TS36-SG,Empty dataset
77PN42-SG,Empty dataset
774AP42-SG,Empty dataset
774RJ42-SG,Empty dataset
77KL47-SG,Empty dataset
785AS32A-SG,Empty dataset
781GJ32-SG,Empty dataset
783HR32-SG,Empty dataset
785SK32-SG,Empty dataset
785UK32-SG,Empty dataset
785BR32-SG,Empty dataset
785AP40-SG,Empty dataset
785PN42-SG,Empty dataset
741GJ26-SG,Empty dataset
77MH30-SG,Empty dataset
773BR32-SG,Empty dataset
781UP34-SG,Empty dataset
777JK37-SG,Empty dataset
774WB39-SG,Empty dataset
747GJ25-SG,Empty dataset
774HR29-SG,Empty dataset
778MH30-SG,Empty dataset
784AS32-SG,Empty dataset
783GA32-SG,Empty dataset
781HR32C-SG,Empty dataset
784RJ32-SG,Empty dataset
782TN32-SG,Empty dataset
788MP33-SG,Empty dataset
789TS36-SG,Empty dataset
791UP37-SG,Empty dataset
793WB37-SG,Empty dataset
795WB39-SG,Empty dataset
787RJ40-SG,Empty dataset
783TN42-SG,Empty dataset
781KL44-SG,Empty dataset
786AP33-SG,Empty dataset
775AP29-SG,Empty dataset
782AS32A-SG,Empty dataset
782RJ32-SG,Empty dataset
784TS39-SG,Empty dataset
784TS40-SG,Empty dataset
783PN42-SG,Empty dataset
78KL45-SG,Empty dataset
894SCL25A-ZI,Empty dataset
89SCL24A-ZM,Empty dataset
776HR30-SG,Empty dataset
787HP35-SG,Empty dataset
785HP36-SG,Empty dataset
787MZ36-SG,Empty dataset
784HP37-SG,Empty dataset
78TN42-SG,Empty dataset
782SK32A-SG,Empty dataset
782NL32A-SG,Empty dataset
783BR32-SG,Empty dataset
786JH34-SG,Empty dataset
787HP34-SG,Empty dataset
765PN42-SG,Empty dataset
767KA32-SG,Empty dataset
768BR32-SG,Empty dataset
768HR31-SG,Empty dataset
77BR32-SG,Empty dataset
769GA32A-SG,Empty dataset
77HR34-SG,Empty dataset
763TS43-SG,Empty dataset
763TN47-SG,Empty dataset
744HR27-SG,Empty dataset
755AP29-SG,Empty dataset
757HR30-SG,Empty dataset
762AS32-SG,Empty dataset
762PN32-SG,Empty dataset
764AP33-SG,Empty dataset
763KA37-SG,Empty dataset
768JK37-SG,Empty dataset
755BR32A-SG,Empty dataset
759KA38-SG,Empty dataset
754KA41-SG,Empty dataset
753TS47-SG,Empty dataset
757AS32-SG,Empty dataset
758BR32-SG,Empty dataset
757HP32-SG,Empty dataset
74ML27-SG,Empty dataset
751HR29-SG,Empty dataset
755GA32-SG,Empty dataset
763HP37-SG,Empty dataset
763KA39-SG,Empty dataset
763KA40-SG,Empty dataset
761JK42-SG,Empty dataset
749ML27-SG,Empty dataset
758HR30-SG,Empty dataset
764BR32-SG,Empty dataset
765GA32-SG,Empty dataset
763HR32-SG,Empty dataset
765NL32-SG,Empty dataset
769MN34-SG,Empty dataset
768KA34-SG,Empty dataset
77MZ35-SG,Empty dataset
767JH37-SG,Empty dataset
755GJ30-SG,Empty dataset
757GJ31-SG,Empty dataset
762AR32-SG,Empty dataset
76KA32A-SG,Empty dataset
763KL32-SG,Empty dataset
761RJ32-SG,Empty dataset
761TN32A-SG,Empty dataset
763PY32-SG,Empty dataset
766TS34-SG,Empty dataset
767TS35-SG,Empty dataset
77JK37-SG,Empty dataset
769TN37-SG,Empty dataset
769PY37-SG,Empty dataset
768PN39-SG,Empty dataset
767WB39-SG,Empty dataset
767WB41-SG,Empty dataset
905SCL25-ZT,Empty dataset
87SCL25-ZV,Empty dataset
939SCL27-ZZ,Empty dataset
75HR29-SG,Empty dataset
762HR31-SG,Empty dataset
76KA33-SG,Empty dataset
762TN33-SG,Empty dataset
764KL34-SG,Empty dataset
764WB42-SG,Empty dataset
767NL33-SG,Empty dataset
763HR33-SG,Empty dataset
754AP29-SG,Empty dataset
762UK33-SG,Empty dataset
759AP33-SG,Empty dataset
763TS36-SG,Empty dataset
759TS40-SG,Empty dataset
757TS31-SG,Empty dataset
757GJ32-SG,Empty dataset
762UP35-SG,Empty dataset
755JK38-SG,Empty dataset
767AS33-SG,Empty dataset
769AP35-SG,Empty dataset
765HR33-SG,Empty dataset
764MH33-SG,Empty dataset
764GA33-SG,Empty dataset
769UP35-SG,Empty dataset
77MN35-SG,Empty dataset
77HP36-SG,Empty dataset
769MZ37-SG,Empty dataset
77HP38-SG,Empty dataset
764RJ38-SG,Empty dataset
766WB39-SG,Empty dataset
762TN43-SG,Empty dataset
76KL45-SG,Empty dataset
757MH31-SG,Empty dataset
763GJ32-SG,Empty dataset
765HR30-SG,Empty dataset
766AP32-SG,Empty dataset
769AS33-SG,Empty dataset
766RJ33-SG,Empty dataset
765GJ33-SG,Empty dataset
767NL33A-SG,Empty dataset
768HR33-SG,Empty dataset
771AP36-SG,Empty dataset
772UP36-SG,Empty dataset
772MP38-SG,Empty dataset
773RJ38-SG,Empty dataset
771WB39-SG,Empty dataset
77PN40-SG,Empty dataset
768TS42-SG,Empty dataset
766RJ43-SG,Empty dataset
766TS44-SG,Empty dataset
765KL48-SG,Empty dataset
765TN53-SG,Empty dataset
980SFIL28-NL,Empty dataset
940SFIL28-NN,Empty dataset
763JH30-SG,Empty dataset
761TS32-SG,Empty dataset
767AS33A-SG,Empty dataset
764MP33-SG,Empty dataset
764TS33-SG,Empty dataset
766BR33-SG,Empty dataset
767UK33-SG,Empty dataset
76JK35-SG,Empty dataset
76GJ35-SG,Empty dataset
764UP36-SG,Empty dataset
756TS48-SG,Empty dataset
756RJ48-SG,Empty dataset
755TN53-SG,Empty dataset
77HR31-SG,Empty dataset
771AS33-SG,Empty dataset
772BR33-SG,Empty dataset
766UP33-SG,Empty dataset
762MP34-SG,Empty dataset
762PY35-SG,Empty dataset
762MN35-SG,Empty dataset
762MZ36-SG,Empty dataset
759TS40A-SG,Empty dataset
759PY41-SG,Empty dataset
77AP30-SG,Empty dataset
766GJ30-SG,Empty dataset
771AP33-SG,Empty dataset
768BR33-SG,Empty dataset
765HR33A-SG,Empty dataset
766UP33A-SG,Empty dataset
766SK33-SG,Empty dataset
759HP38-SG,Empty dataset
759MP38-SG,Empty dataset
759PN39-SG,Empty dataset
753TN53-SG,Empty dataset
769WB39-SG,Empty dataset
777AP40-SG,Empty dataset
769WB42-SG,Empty dataset
769TN43-SG,Empty dataset
769AP43-SG,Empty dataset
769MP43-SG,Empty dataset
758TS45-SG,Empty dataset
758RJ48-SG,Empty dataset
758KL49-SG,Empty dataset
756TN53-SG,Empty dataset
77AP28-SG,Empty dataset
772MH31-SG,Empty dataset
773HR32-SG,Empty dataset
774AP32-SG,Empty dataset
771GJ33-SG,Empty dataset
772BR33A-SG,Empty dataset
774UK33-SG,Empty dataset
774MH33-SG,Empty dataset
776MN35-SG,Empty dataset
769RJ39-SG,Empty dataset
769PN39-SG,Empty dataset
77AP29-SG,Empty dataset
77MH31-SG,Empty dataset
77MH33-SG,Empty dataset
771BR33-SG,Empty dataset
771GJ34-SG,Empty dataset
773TS34-SG,Empty dataset
777JK35-SG,Empty dataset
775UP35-SG,Empty dataset
775UP38-SG,Empty dataset
775WB39-SG,Empty dataset
779WB42-SG,Empty dataset
777MP43-SG,Empty dataset
772TS46-SG,Empty dataset
757TN53-SG,Empty dataset
704NHAI26-NB,Empty dataset
769MH31-SG,Empty dataset
77HR32-SG,Empty dataset
769TS32-SG,Empty dataset
773BR33-SG,Empty dataset
773UP33-SG,Empty dataset
772AS33-SG,Empty dataset
768GJ33-SG,Empty dataset
766MH33-SG,Empty dataset
772GJ35-SG,Empty dataset
774UP37-SG,Empty dataset
774MZ38-SG,Empty dataset
766MP48-SG,Empty dataset
766KL50-SG,Empty dataset
767TN53-SG,Empty dataset
735GJ26-SG,Empty dataset
766HR29-SG,Empty dataset
77AP30A-SG,Empty dataset
772HP31-SG,Empty dataset
772HR32-SG,Empty dataset
772MH32-SG,Empty dataset
773AP32-SG,Empty dataset
776HP33-SG,Empty dataset
777RJ33-SG,Empty dataset
772GJ34-SG,Empty dataset
773MH34-SG,Empty dataset
778TS34-SG,Empty dataset
778UP35-SG,Empty dataset
779JK35-SG,Empty dataset
778UP36-SG,Empty dataset
773GJ36-SG,Empty dataset
774PN39-SG,Empty dataset
774WB41-SG,Empty dataset
774MP43-SG,Empty dataset
774WB43-SG,Empty dataset
774TS48-SG,Empty dataset
925SCL28-AM,Empty dataset
IRBIT-IV,Empty dataset
774HR31-SG,Empty dataset
775CG31-SG,Empty dataset
775HP32-SG,Empty dataset
776UK33-SG,Empty dataset
775NL33-SG,Empty dataset
775SK33-SG,Empty dataset
778RJ33-SG,Empty dataset
777HR33-SG,Empty dataset
779UP33-SG,Empty dataset
781UP34A-SG,Empty dataset
78JK35-SG,Empty dataset
797PN38-SG,Empty dataset
779HP38-SG,Empty dataset
783KL39-SG,Empty dataset
789WB40-SG,Empty dataset
784RJ41-SG,Empty dataset
777MP47-SG,Empty dataset
776KL51-SG,Empty dataset
776TN53-SG,Empty dataset
776KL58-SG,Empty dataset
76AP29-SG,Empty dataset
77AP32-SG,Empty dataset
710GR2028-GS,Empty dataset
729GR2033-GS,Empty dataset
736MH28-SG,Empty dataset
759PN33-SG,Empty dataset
758NL33-SG,Empty dataset
756RJ33-SG,Empty dataset
759RJ48-SG,Empty dataset
1050SFIL28-NV,Empty dataset
866SFIL23A-NY,Empty dataset
739HR29-SG,Empty dataset
738GJ30-SG,Empty dataset
747AP37-SG,Empty dataset
745RJ33-SG,Empty dataset
744TN33-SG,Empty dataset
745UP33-SG,Empty dataset
749MN35-SG,Empty dataset
747WB43-SG,Empty dataset
746WB46-SG,Empty dataset
746KL48-SG,Empty dataset
746TS48A-SG,Empty dataset
734AP29-SG,Empty dataset
74AP31-SG,Empty dataset
739HR31-SG,Empty dataset
739TN33-SG,Empty dataset
74AS33-SG,Empty dataset
739AP33-SG,Empty dataset
738AP40-SG,Empty dataset
737AP43-SG,Empty dataset
727GJ31-SG,Empty dataset
737AS33-SG,Empty dataset
735AP39-SG,Empty dataset
732AP43-SG,Empty dataset
732TS48-SG,Empty dataset
716HR27-SG,Empty dataset
72MH28-SG,Empty dataset
726MH30-SG,Empty dataset
734AS33-SG,Empty dataset
732TN33-SG,Empty dataset
733NL33-SG,Empty dataset
733UP33-SG,Empty dataset
734RJ33-SG,Empty dataset
735HR33-SG,Empty dataset
736AP34-SG,Empty dataset
737JK35-SG,Empty dataset
73AP38-SG,Empty dataset
729KL49-SG,Empty dataset
729HR29-SG,Empty dataset
733MH31-SG,Empty dataset
732MH32-SG,Empty dataset
736MP33-SG,Empty dataset
737NL33-SG,Empty dataset
737SK33-SG,Empty dataset
738AP35-SG,Empty dataset
739MN35-SG,Empty dataset
743MZ36-SG,Empty dataset
743MZ37-SG,Empty dataset
732TN53-SG,Empty dataset
736ML32-SG,Empty dataset
737AP33-SG,Empty dataset
736RJ33-SG,Empty dataset
736HR33-SG,Empty dataset
737PN38-SG,Empty dataset
735RJ43-SG,Empty dataset
736WB43-SG,Empty dataset
732TS49-SG,Empty dataset
732KL53-SG,Empty dataset
726HP29-SG,Empty dataset
729CG30-SG,Empty dataset
729HP31-SG,Empty dataset
734AS33A-SG,Empty dataset
732HR33-SG,Empty dataset
736AP37-SG,Empty dataset
737JK38-SG,Empty dataset
739TS39-SG,Empty dataset
733AP42-SG,Empty dataset
733AP43-SG,Empty dataset
729KL51-SG,Empty dataset
729TN53-SG,Empty dataset
722GJ28-SG,Empty dataset
734MH31-SG,Empty dataset
734HR31-SG,Empty dataset
735MH32-SG,Empty dataset
735TN33-SG,Empty dataset
736GA33-SG,Empty dataset
736HR33A-SG,Empty dataset
737NL33A-SG,Empty dataset
741UP34-SG,Empty dataset
741PN34-SG,Empty dataset
74MP34-SG,Empty dataset
739AP35-SG,Empty dataset
736AP38-SG,Empty dataset
736TS41-SG,Empty dataset
735TS45-SG,Empty dataset
801TCH28-N7,Empty dataset
83TCHF28-N9,Empty dataset
74AP32-SG,Empty dataset
739TN33A-SG,Empty dataset
736JK35-SG,Empty dataset
736MZ38-SG,Empty dataset
735AP40-SG,Empty dataset
734TN43-SG,Empty dataset
738GJ30A-SG,Empty dataset
74MH31-SG,Empty dataset
742CG31-SG,Empty dataset
742ML32-SG,Empty dataset
74MH32-SG,Empty dataset
74HR33-SG,Empty dataset
745PN34-SG,Empty dataset
747GA38-SG,Empty dataset
743AP39-SG,Empty dataset
742AP41-SG,Empty dataset
742TN43-SG,Empty dataset
742AP43-SG,Empty dataset
74TS45-SG,Empty dataset
739RJ48-SG,Empty dataset
739TS51-SG,Empty dataset
739KL52-SG,Empty dataset
739TN53-SG,Empty dataset
75HP38-SG,Empty dataset
752AP39-SG,Empty dataset
747TS41-SG,Empty dataset
747KL42-SG,Empty dataset
746AP43-SG,Empty dataset
745TN43-SG,Empty dataset
743RJ48-SG,Empty dataset
743TS50-SG,Empty dataset
744ML31-SG,Empty dataset
745AS33-SG,Empty dataset
745HP33-SG,Empty dataset
744TN33A-SG,Empty dataset
744RJ33-SG,Empty dataset
746AP34-SG,Empty dataset
747PN34-SG,Empty dataset
744HR32-SG,Empty dataset
742TN33-SG,Empty dataset
744JK38-SG,Empty dataset
744TS39-SG,Empty dataset
743AP42-SG,Empty dataset
742KL43-SG,Empty dataset
737BR30-SG,Empty dataset
735TN33A-SG,Empty dataset
738GA33-SG,Empty dataset
736AP38A-SG,Empty dataset
736MZ38A-SG,Empty dataset
736KL38-SG,Empty dataset
734TS44-SG,Empty dataset
734TS46-SG,Empty dataset
74BR30-SG,Empty dataset
74UP33-SG,Empty dataset
739TN33B-SG,Empty dataset
741GA33-SG,Empty dataset
741RJ33-SG,Empty dataset
743AP35-SG,Empty dataset
741MN35-SG,Empty dataset
736KL41-SG,Empty dataset
736RJ41-SG,Empty dataset
736WB41-SG,Empty dataset
736TN43-SG,Empty dataset
940SCL26C-AU,Empty dataset
925SCL28I-BA,Empty dataset
745TS30A-SG,Empty dataset
745AS33A-SG,Empty dataset
745AP33-SG,Empty dataset
749RJ34-SG,Empty dataset
745KL40-SG,Empty dataset
745TS40-SG,Empty dataset
745AP40A-SG,Empty dataset
744AP43-SG,Empty dataset
743TN43-SG,Empty dataset
747TS32-SG,Empty dataset
744TN33B-SG,Empty dataset
743TS41-SG,Empty dataset
743PN48A-SG,Empty dataset
743JK53-SG,Empty dataset
75BR31-SG,Empty dataset
749HR33-SG,Empty dataset
75GA33-SG,Empty dataset
752PN35-SG,Empty dataset
751MN35-SG,Empty dataset
75UP35-SG,Empty dataset
751PN36-SG,Empty dataset
749PN37-SG,Empty dataset
745TS47-SG,Empty dataset
745JK53-SG,Empty dataset
ELECTCAST-W1,Empty dataset
749BR31-SG,Empty dataset
749GA33-SG,Empty dataset
749UP34-SG,Empty dataset
747KL37-SG,Empty dataset
746AP38-SG,Empty dataset
746MZ39-SG,Empty dataset
74WB42-SG,Empty dataset
745BR31-SG,Empty dataset
744RJ33A-SG,Empty dataset
744HR33-SG,Empty dataset
744GA33-SG,Empty dataset
745HR35-SG,Empty dataset
741WB39-SG,Empty dataset
741RJ39-SG,Empty dataset
74KL41-SG,Empty dataset
74RJ41-SG,Empty dataset
747UK33-SG,Empty dataset
747GA33-SG,Empty dataset
743TN33-SG,Empty dataset
745PN34A-SG,Empty dataset
744MN35-SG,Empty dataset
744HR35-SG,Empty dataset
744RJ36-SG,Empty dataset
744AP40-SG,Empty dataset
74TS43-SG,Empty dataset
748AP38A-SG,Empty dataset
743JK53A-SG,Empty dataset
748PN34-SG,Empty dataset
746GA38-SG,Empty dataset
746MP38-SG,Empty dataset
747MH34-SG,Empty dataset
747HR33-SG,Empty dataset
748UK33-SG,Empty dataset
746MP39-SG,Empty dataset
746TS42-SG,Empty dataset
746AP41-SG,Empty dataset
9SCL26B-ND,Empty dataset
745HR35A-SG,Empty dataset
741WB42-SG,Empty dataset
741JK53-SG,Empty dataset
747CG30-SG,Empty dataset
746TS30-SG,Empty dataset
749BR31A-SG,Empty dataset
745HR33-SG,Empty dataset
746GA33-SG,Empty dataset
746SK33-SG,Empty dataset
744MP35-SG,Empty dataset
965SCL28C-BR,Empty dataset
971SCL28C-BU,Empty dataset
1003SCL30-BW,Empty dataset
1025SCL33A-N1,Empty dataset
980SCL33A-N3,Empty dataset
745RJ44-SG,Empty dataset
745MP44-SG,Empty dataset
743RJ49-SG,Empty dataset
743TN53A-SG,Empty dataset
748MP29-SG,Empty dataset
749CG30-SG,Empty dataset
752BR31-SG,Empty dataset
745GJ31-SG,Empty dataset
746RJ33-SG,Empty dataset
749GA33A-SG,Empty dataset
747HR33A-SG,Empty dataset
748HR35-SG,Empty dataset
759MN35-SG,Empty dataset
749PN35-SG,Empty dataset
746MP38A-SG,Empty dataset
746WB39-SG,Empty dataset
745KL39-SG,Empty dataset
744WB42-SG,Empty dataset
754UK33-SG,Empty dataset
755MP35-SG,Empty dataset
759HR35-SG,Empty dataset
767PN35-SG,Empty dataset
756UP35-SG,Empty dataset
751MP38-SG,Empty dataset
759WB39-SG,Empty dataset
75AP41-SG,Empty dataset
749TS44-SG,Empty dataset
753HR33-SG,Empty dataset
762AS33-SG,Empty dataset
CHOLAFIN-D1,Empty dataset
77GA33-SG,Empty dataset
771UK33-SG,Empty dataset
775SK33A-SG,Empty dataset
77UP34-SG,Empty dataset
769UP35A-SG,Empty dataset
772ML31-SG,Empty dataset
762HP43-SG,Empty dataset
764WB43-SG,Empty dataset
756JK53-SG,Empty dataset
77BR31-SG,Empty dataset
764KA32-SG,Empty dataset
765TN33A-SG,Empty dataset
767AS33B-SG,Empty dataset
767GA33-SG,Empty dataset
766HR35-SG,Empty dataset
766AP37-SG,Empty dataset
772MZ38-SG,Empty dataset
761AP43-SG,Empty dataset
77KA34-SG,Empty dataset
772TS35-SG,Empty dataset
773MN35-SG,Empty dataset
768TN30-SG,Empty dataset
769KA33-SG,Empty dataset
772TN33-SG,Empty dataset
768MP34-SG,Empty dataset
772AP36-SG,Empty dataset
766AP42-SG,Empty dataset
766TN43-SG,Empty dataset
76JK53-SG,Empty dataset
773RJ33-SG,Empty dataset
774AP36-SG,Empty dataset
776AP37-SG,Empty dataset
774RJ39-SG,Empty dataset
772AP41-SG,Empty dataset
77AP43-SG,Empty dataset
77RJ43-SG,Empty dataset
767TS45-SG,Empty dataset
765RJ48-SG,Empty dataset
763JK53-SG,Empty dataset
773CG31-SG,Empty dataset
771UP33-SG,Empty dataset
940SCL26-N6,Empty dataset
902SCL26-N8,Empty dataset
SCL26-NA,Empty dataset
888SCL25D-NC,Empty dataset
77MH34-SG,Empty dataset
772HR35-SG,Empty dataset
779WB40-SG,Empty dataset
771MH33-SG,Empty dataset
925SCL25Z-NE,Empty dataset
888SCL25-NG,Empty dataset
714BR30-SG,Empty dataset
72KA31-SG,Empty dataset
71JK30-SG,Empty dataset
714AP34-SG,Empty dataset
718AP33-SG,Empty dataset
SCLZC25C-NI,Empty dataset
711HP30-SG,Empty dataset
711HP28-SG,Empty dataset
940SCL26A-NK,Empty dataset
902SCL26A-NM,Empty dataset
SCLZC26D-NO,Empty dataset
965SCL28A-NQ,Empty dataset
710GJ30-SG,Empty dataset
711AS30-SG,Empty dataset
925SCL28A-NS,Empty dataset
718HP32-SG,Empty dataset
718BR30-SG,Empty dataset
1075SCL33B-NW,Empty dataset
925SCL25G-NY,Empty dataset
718AS30-SG,Empty dataset
719AP34-SG,Empty dataset
69GA30-SG,Empty dataset
69KA30-SG,Empty dataset
69AS30-SG,Empty dataset
77GA33B-SG,Empty dataset
77MH34A-SG,Empty dataset
772AP38-SG,Empty dataset
774HP38-SG,Empty dataset
773TS40-SG,Empty dataset
769AP42-SG,Empty dataset
750GA30-SG,Empty dataset
780HR30-SG,Empty dataset
77UP35-SG,Empty dataset
768TS37-SG,Empty dataset
765GA33-SG,Empty dataset
765HR33B-SG,Empty dataset
768AR33-SG,Empty dataset
745GJ30-SG,Empty dataset
750AS30-SG,Empty dataset
657GJ29-SG,Empty dataset
658AP30-SG,Empty dataset
658KA30-SG,Empty dataset
718AP28-SG,Empty dataset
717HR29-SG,Empty dataset
718AS29-SG,Empty dataset
72JK29-SG,Empty dataset
709KA30-SG,Empty dataset
768TN30B-SG,Empty dataset
774CG31-SG,Empty dataset
771HR33-SG,Empty dataset
774RJ33-SG,Empty dataset
775HR35A-SG,Empty dataset
777AP35-SG,Empty dataset
720AS30-SG,Empty dataset
771WB41-SG,Empty dataset
774JK43-SG,Empty dataset
774RJ33A-SG,Empty dataset
778NL33-SG,Empty dataset
771AP37A-SG,Empty dataset
772WB37-SG,Empty dataset
781MZ37-SG,Empty dataset
724GR2033-GS,Empty dataset
767TN30-SG,Empty dataset
771HR33A-SG,Empty dataset
774AS33A-SG,Empty dataset
763JK53A-SG,Empty dataset
720AR30-SG,Empty dataset
724HR29-SG,Empty dataset
715GA30-SG,Empty dataset
764AR30-SG,Empty dataset
764GA30-SG,Empty dataset
635AP27-SG,Empty dataset
717KA29-SG,Empty dataset
72AP30-SG,Empty dataset
721AP31-SG,Empty dataset
810ABHF28-N0,Empty dataset
802ABHF28-N1,Empty dataset
803ABHF27-N2,Empty dataset
813ABHF28-N3,Empty dataset
658GA30-SG,Empty dataset
690AP27-SG,Empty dataset
670AP26-SG,Empty dataset
644GJ29-SG,Empty dataset
850TPL26-N0,Empty dataset
847TPL26-N1,Empty dataset
820TPL26-N2,Empty dataset
TPL26-N3,Empty dataset
843TPL26-N4,Empty dataset
92LTF29-N4,Empty dataset
884LTF29-N6,Empty dataset
655AS30-SG,Empty dataset
65AP30-SG,Empty dataset
656AP31-SG,Empty dataset
714GA30-SG,Empty dataset
885LTF27-NE,Empty dataset
852LTF27-NG,Empty dataset
718GJ30-SG,Empty dataset
754AS28A-SG,Empty dataset
763ML32-SG,Empty dataset
762UP33-SG,Empty dataset
763GA33-SG,Empty dataset
763AR33-SG,Empty dataset
706AP30-SG,Empty dataset
765HP35-SG,Empty dataset
763BR38-SG,Empty dataset
761HP38-SG,Empty dataset
763WB38-SG,Empty dataset
758TS41-SG,Empty dataset
815SHFL25-N0,Empty dataset
878MFL27-NH,Empty dataset
885MFL28-NI,Empty dataset
771HDFCB33-N0,Empty dataset
715AP31-SG,Empty dataset
715AP32-SG,Empty dataset
705AS30-SG,Empty dataset
712HR40-SG,Empty dataset
80409TCH27-NC,Empty dataset
707JK30-SG,Empty dataset
708KA31-SG,Empty dataset
765NBFID38-N0,Empty dataset
779SIDBI27-N0,Empty dataset
72HP35-SG,Empty dataset
716KA30-SG,Empty dataset
717HP30-SG,Empty dataset
768IREDA33-N8,Empty dataset
717HR30-SG,Empty dataset
722AS30-SG,Empty dataset
702AS30-SG,Empty dataset
695HP34-SG,Empty dataset
695HP33-SG,Empty dataset
696HR40-SG,Empty dataset
699AR30-SG,Empty dataset
699GA30-SG,Empty dataset
702AP30-SG,Empty dataset
697KA28-SG,Empty dataset
813PNBH33-N0,Empty dataset
697KA30-SG,Empty dataset
672GA30-SG,Empty dataset
672AP28-SG,Empty dataset
722AS29-SG,Empty dataset
722GA29-SG,Empty dataset
724AS30-SG,Empty dataset
717KA30-SG,Empty dataset
715AP36-SG,Empty dataset
654GA30-SG,Empty dataset
648AP27-SG,Empty dataset
654AP30-SG,Empty dataset
766TN33-SG,Empty dataset
767UK33A-SG,Empty dataset
767GA33A-SG,Empty dataset
767UP33-SG,Empty dataset
764WB43A-SG,Empty dataset
719JK29-SG,Empty dataset
72AS29-SG,Empty dataset
798AP31-SG,Empty dataset
8AR30-SG,Empty dataset
780KA30-SG,Empty dataset
793KA31-SG,Empty dataset
925SCL25H-Y0,Empty dataset
888SCL25B-Y2,Empty dataset
SCLZC25E-Y4,Empty dataset
940SCL26B-Y6,Empty dataset
SCLZC26F-Y9,Empty dataset
965SCL28B-YB,Empty dataset
971SCL28B-YD,Empty dataset
1025SCL33-YJ,Empty dataset
8HR30-SG,Empty dataset
726GJ29-SG,Empty dataset
726AS29-SG,Empty dataset
648AP32-SG,Empty dataset
641GA30-SG,Empty dataset
980SCL33B-YL,Empty dataset
795JK30-SG,Empty dataset
788GA30-SG,Empty dataset
8AS30-SG,Empty dataset
773GJ29-SG,Empty dataset
780AP33-SG,Empty dataset
73HP30-SG,Empty dataset
699GJ26-SG,Empty dataset
688AP35-SG,Empty dataset
743GJ27-SG,Empty dataset
688AP34-SG,Empty dataset
694GA30-SG,Empty dataset
629HP26-SG,Empty dataset
695HP29-SG,Empty dataset
747GJ28-SG,Empty dataset
774RJ34-SG,Empty dataset
692BR32-SG,Empty dataset
695AS30-SG,Empty dataset
774AP36A-SG,Empty dataset
778PN37-SG,Empty dataset
779PN38-SG,Empty dataset
773BR39-SG,Empty dataset
77AP43A-SG,Empty dataset
724GJ29-SG,Empty dataset
730AS29-SG,Empty dataset
728GJ29-SG,Empty dataset
654GJ30-SG,Empty dataset
875TCAPS29-NB,Empty dataset
815LTF27-NO,Empty dataset
9HFL34-N0,Empty dataset
657AP30-SG,Empty dataset
703HR40-SG,Empty dataset
705AP31-SG,Empty dataset
78NABARD27-N0,Empty dataset
753AS29-SG,Empty dataset
772MH35-SG,Empty dataset
773MH36-SG,Empty dataset
774KA36-SG,Empty dataset
778PY36-SG,Empty dataset
772KA37-SG,Empty dataset
771KA38-SG,Empty dataset
768JK44-SG,Empty dataset
777IREDA27-N9,Empty dataset
765PGCIL34-N0,Empty dataset
840CIFCL27-NI,Empty dataset
702BR30-SG,Empty dataset
66GA30-SG,Empty dataset
649KA30-SG,Empty dataset
757NHB31-N8,Empty dataset
651KA31-SG,Empty dataset
647GJ30-SG,Empty dataset
793THDC34-N0,Empty dataset
771REC27-NJ,Empty dataset
764REC34-NK,Empty dataset
764AP31-SG,Empty dataset
768AS31-SG,Empty dataset
764GJ33-SG,Empty dataset
767CG33-SG,Empty dataset
764HP39-SG,Empty dataset
768KA39-SG,Empty dataset
773BR39A-SG,Empty dataset
769KA40-SG,Empty dataset
76AP44-SG,Empty dataset
76TS47-SG,Empty dataset
655AP28-SG,Empty dataset
727AS29-SG,Empty dataset
835SMFG27-N0,Empty dataset
875GFL27-N0,Empty dataset
757IRFC29-NP,Empty dataset
840TPL28-N2,Empty dataset
624HR26-SG,Empty dataset
729BR30-SG,Empty dataset
729AP30-SG,Empty dataset
724AP33-SG,Empty dataset
724AP35-SG,Empty dataset
728JK30-SG,Empty dataset
639AP26-SG,Empty dataset
66GJ29-SG,Empty dataset
730JK29-SG,Empty dataset
840TPL26-N0,Empty dataset
840TPL27-N1,Empty dataset
840TPL29-N3,Empty dataset
723KA28-SG,Empty dataset
68PN26-SG,Empty dataset
665PN50-SG,Empty dataset
73PN34-SG,Empty dataset
67PN30-SG,Empty dataset
775SIDBI27-N1,Empty dataset
832TFSIL29-N0,Empty dataset
83645TFS27-N1,Empty dataset
672PN30-SG,Empty dataset
697PN40-SG,Empty dataset
773KA41-SG,Empty dataset
767KA42-SG,Empty dataset
77AP42-SG,Empty dataset
766WB43-SG,Empty dataset
759TN44-SG,Empty dataset
759TS46-SG,Empty dataset
758TN54-SG,Empty dataset
766RJ31-SG,Empty dataset
767CG31-SG,Empty dataset
768JH32-SG,Empty dataset
763GJ33-SG,Empty dataset
763GJ34-SG,Empty dataset
767RJ34-SG,Empty dataset
769GA34-SG,Empty dataset
768AP37-SG,Empty dataset
773MZ39-SG,Empty dataset
774BR39-SG,Empty dataset
771MP40-SG,Empty dataset
722PN32-SG,Empty dataset
730PN31-SG,Empty dataset
692PN35-SG,Empty dataset
705KL30-SG,Empty dataset
655KL30-SG,Empty dataset
673KL28-SG,Empty dataset
791KL30-SG,Empty dataset
810KL32-SG,Empty dataset
896KL35-SG,Empty dataset
728KL30-SG,Empty dataset
65KL27-SG,Empty dataset
663KL30-SG,Empty dataset
718KL29-SG,Empty dataset
684KL30-SG,Empty dataset
716KL30-SG,Empty dataset
703KL30-SG,Empty dataset
67KL27-SG,Empty dataset
642MN30-SG,Empty dataset
705MN30-SG,Empty dataset
656MN30-SG,Empty dataset
699MN30-SG,Empty dataset
8MN30-SG,Empty dataset
68MN30-SG,Empty dataset
695MN30-SG,Empty dataset
69MN30-SG,Empty dataset
57KA26-SG,Empty dataset
612KA27-SG,Empty dataset
609KA28-SG,Empty dataset
654MH30-SG,Empty dataset
778MH29-SG,Empty dataset
76MH30-SG,Empty dataset
657MH31-SG,Empty dataset
66MH31-SG,Empty dataset
783MH30-SG,Empty dataset
714MH29-SG,Empty dataset
70MH28-SG,Empty dataset
697MH28-SG,Empty dataset
624MH28-SG,Empty dataset
658MP35-SG,Empty dataset
652MP35-SG,Empty dataset
729MP35-SG,Empty dataset
833TPL27-N5,Empty dataset
711MP30-SG,Empty dataset
704MP30-SG,Empty dataset
712MP35-SG,Empty dataset
719MP40-SG,Empty dataset
664MP30-SG,Empty dataset
718MP30-SG,Empty dataset
717MP35-SG,Empty dataset
657MP30-SG,Empty dataset
717MP29-SG,Empty dataset
721MP34-SG,Empty dataset
698MP30-SG,Empty dataset
694MP35-SG,Empty dataset
729MP30-SG,Empty dataset
673MP30-SG,Empty dataset
735MP29-SG,Empty dataset
689MP35-SG,Empty dataset
709MP30-SG,Empty dataset
669MP30-SG,Empty dataset
652NL30-SG,Empty dataset
705NL30-SG,Empty dataset
80NL30-SG,Empty dataset
72NL29-SG,Empty dataset
703NL30-SG,Empty dataset
729NL29-SG,Empty dataset
652ML30-SG,Empty dataset
720ML30-SG,Empty dataset
72ML29-SG,Empty dataset
704ML30-SG,Empty dataset
729ML29-SG,Empty dataset
657MZ35-SG,Empty dataset
720MZ30-SG,Empty dataset
750MZ30-SG,Empty dataset
66MZ30-SG,Empty dataset
72MZ29-SG,Empty dataset
704MZ30-SG,Empty dataset
711MZ30-SG,Empty dataset
655RJ50-SG,Empty dataset
721PY28-SG,Empty dataset
708PY26-SG,Empty dataset
688PY31-SG,Empty dataset
701PY26-SG,Empty dataset
735PY30-SG,Empty dataset
703PY28-SG,Empty dataset
722AP30-SG,Empty dataset
722AP28-SG,Empty dataset
722AP31A-SG,Empty dataset
655RJ55-SG,Empty dataset
727RJ29-SG,Empty dataset
745RJ30-SG,Empty dataset
649RJ30-SG,Empty dataset
717RJ30-SG,Empty dataset
704RJ30-SG,Empty dataset
658RJ30-SG,Empty dataset
715RJ30-SG,Empty dataset
657RJ30-SG,Empty dataset
697RJ30-SG,Empty dataset
654RJ30-SG,Empty dataset
718RJ29-SG,Empty dataset
790RJ26-SG,Empty dataset
831RJ27-SG,Empty dataset
678RJ30-SG,Empty dataset
727RJ30-SG,Empty dataset
788RJ32-SG,Empty dataset
73RJ30-SG,Empty dataset
687RJ25-SG,Empty dataset
684RJ30-SG,Empty dataset
670RJ50-SG,Empty dataset
718RJ30-SG,Empty dataset
659RJ30-SG,Empty dataset
714RJ30-SG,Empty dataset
703RJ30-SG,Empty dataset
671RJ30-SG,Empty dataset
655RJ30-SG,Empty dataset
667RJ50-SG,Empty dataset
65UP30-SG,Empty dataset
726UP29-SG,Empty dataset
710UP30-SG,Empty dataset
793UP30-SG,Empty dataset
704UP30-SG,Empty dataset
765UP30-SG,Empty dataset
703UP30-SG,Empty dataset
70UP30-SG,Empty dataset
722UP30-SG,Empty dataset
716UP29-SG,Empty dataset
73UP30-SG,Empty dataset
719UP29-SG,Empty dataset
690UP30-SG,Empty dataset
686UP30-SG,Empty dataset
714UP30-SG,Empty dataset
709UP30-SG,Empty dataset
669UP30-SG,Empty dataset
728UP29-SG,Empty dataset
729UP29-SG,Empty dataset
691UP30-SG,Empty dataset
663TN55-SG,Empty dataset
641TN30-SG,Empty dataset
775TN30-SG,Empty dataset
750TN29-SG,Empty dataset
719TN35-SG,Empty dataset
66TN30-SG,Empty dataset
674TN50-SG,Empty dataset
669TN50-SG,Empty dataset
655TN30-SG,Empty dataset
733TN54-SG,Empty dataset
689TN25-SG,Empty dataset
705TN26-SG,Empty dataset
715TN27-SG,Empty dataset
673TN30-SG,Empty dataset
717TN29-SG,Empty dataset
72TN31-SG,Empty dataset
719TN30-SG,Empty dataset
694TN50-SG,Empty dataset
725TN27-SG,Empty dataset
670TN50-SG,Empty dataset
66TN29-SG,Empty dataset
694TN25-SG,Empty dataset
668TN55-SG,Empty dataset
633TN30-SG,Empty dataset
649TN50-SG,Empty dataset
75TR30-SG,Empty dataset
698TR30-SG,Empty dataset
721TR29-SG,Empty dataset
717TR30-SG,Empty dataset
731WB34-SG,Empty dataset
72WB30-SG,Empty dataset
705WB30-SG,Empty dataset
718WB35-SG,Empty dataset
695WB35-SG,Empty dataset
726WB34-SG,Empty dataset
723WB30-SG,Empty dataset
719WB29-SG,Empty dataset
698WB35-SG,Empty dataset
715WB35-SG,Empty dataset
71WB30-SG,Empty dataset
730WB29-SG,Empty dataset
729WB29-SG,Empty dataset
714SK30-SG,Empty dataset
728SK30-SG,Empty dataset
695SK30-SG,Empty dataset
711CG30-SG,Empty dataset
759CG30-SG,Empty dataset
708CG30-SG,Empty dataset
717CG30-SG,Empty dataset
718CG27-SG,Empty dataset
735CG30-SG,Empty dataset
718CG30-SG,Empty dataset
710UK30-SG,Empty dataset
745UK30-SG,Empty dataset
706UK30-SG,Empty dataset
717UK29-SG,Empty dataset
688UK30-SG,Empty dataset
711UK30-SG,Empty dataset
704UK30-SG,Empty dataset
729UK29-SG,Empty dataset
69UK30-SG,Empty dataset
654WB35-SG,Empty dataset
65WB30-SG,Empty dataset
799WB35-SG,Empty dataset
665WB30-SG,Empty dataset
735WB30-SG,Empty dataset
655WB30-SG,Empty dataset
658JK30-SG,Empty dataset
662JK30-SG,Empty dataset
815JK30-SG,Empty dataset
679JK30-SG,Empty dataset
664TS50-SG,Empty dataset
624TS26-SG,Empty dataset
765TS30-SG,Empty dataset
750TS28-SG,Empty dataset
699TS28-SG,Empty dataset
698TS28-SG,Empty dataset
672TS26-SG,Empty dataset
660TS30-SG,Empty dataset
726JH27-SG,Empty dataset
737JH31-SG,Empty dataset
705JH30-SG,Empty dataset
810JH32-SG,Empty dataset
699JH30-SG,Empty dataset
785UK30-SG,Empty dataset
735UK30-SG,Empty dataset
739TS59-SG,Empty dataset
799TS35-SG,Empty dataset
799TS30-SG,Empty dataset
731TS60-SG,Empty dataset
694TS60-SG,Empty dataset
735TS30-SG,Empty dataset
725TS28-SG,Empty dataset
743TS54-SG,Empty dataset
717PN30-SG,Empty dataset
718UP30-SG,Empty dataset
717GJ30-SG,Empty dataset
722AP31-SG,Empty dataset
717BR30-SG,Empty dataset
729GA29-SG,Empty dataset
714KA29-SG,Empty dataset
685WB30-SG,Empty dataset
717PN30A-SG,Empty dataset
718UP30A-SG,Empty dataset
717GJ30A-SG,Empty dataset
717BR30A-SG,Empty dataset
729GA29A-SG,Empty dataset
714KA29A-SG,Empty dataset
685WB30A-SG,Empty dataset
757BOB24-N0,Empty dataset
65GA30-SG,Empty dataset
644UP30-SG,Empty dataset
649TS50-SG,Empty dataset
649AP33-SG,Empty dataset
64KA30-SG,Empty dataset
64KA31-SG,Empty dataset
636HP28-SG,Empty dataset
646WB30-SG,Empty dataset
62RJ27-SG,Empty dataset
65RJ50-SG,Empty dataset
655AP35-SG,Empty dataset
65AP38-SG,Empty dataset
64GJ30-SG,Empty dataset
654MP35-SG,Empty dataset
642PN30-SG,Empty dataset
648HR40-SG,Empty dataset
645MN30-SG,Empty dataset
632KA28-SG,Empty dataset
646JK30-SG,Empty dataset
652TS50-SG,Empty dataset
660AP39-SG,Empty dataset
660AP40-SG,Empty dataset
648KA30-SG,Empty dataset
649KA31-SG,Empty dataset
644GJ29A-SG,Empty dataset
661MP35-SG,Empty dataset
646RJ30-SG,Empty dataset
662WB35-SG,Empty dataset
644MH28-SG,Empty dataset
649MH31-SG,Empty dataset
65KA30-SG,Empty dataset
65GA30A-SG,Empty dataset
664KA32-SG,Empty dataset
669TS50-SG,Empty dataset
65RJ30-SG,Empty dataset
668HR39-SG,Empty dataset
65TN30-SG,Empty dataset
667TN50-SG,Empty dataset
668GA30-SG,Empty dataset
665GJ30-SG,Empty dataset
663KA30-SG,Empty dataset
668WB30-SG,Empty dataset
664RJ30-SG,Empty dataset
667UP30-SG,Empty dataset
807NIIF39-N1,Empty dataset
677KA33-SG,Empty dataset
677AP40-SG,Empty dataset
655AS30A-SG,Empty dataset
645GJ30-SG,Empty dataset
645ML30-SG,Empty dataset
646RJ30A-SG,Empty dataset
643UK30-SG,Empty dataset
64KA30A-SG,Empty dataset
668AP35-SG,Empty dataset
661KA35-SG,Empty dataset
668AP39-SG,Empty dataset
67PN40-SG,Empty dataset
671TS50-SG,Empty dataset
810NIIF34-N0,Empty dataset
813LTF29-NP,Empty dataset
76GJ33-SG,Empty dataset
765CG33-SG,Empty dataset
766RJ33A-SG,Empty dataset
765GA34-SG,Empty dataset
766RJ34-SG,Empty dataset
77SK34-SG,Empty dataset
762TN34-SG,Empty dataset
763MH35-SG,Empty dataset
766HR36-SG,Empty dataset
763MH36-SG,Empty dataset
769PN36-SG,Empty dataset
769BR39-SG,Empty dataset
763RJ41-SG,Empty dataset
767KL43-SG,Empty dataset
767WB43-SG,Empty dataset
767WB44-SG,Empty dataset
755TN54-SG,Empty dataset
885MFL29-NJ,Empty dataset
806SDIL29-N0,Empty dataset
860HFL29-N1,Empty dataset
837SMFG29-N2,Empty dataset
855NCPL26-N0,Empty dataset
739AP29-SG,Empty dataset
751CG32-SG,Empty dataset
749UP34A-SG,Empty dataset
751RJ34-SG,Empty dataset
752AS34-SG,Empty dataset
749TS35-SG,Empty dataset
749AP36-SG,Empty dataset
749HR36-SG,Empty dataset
749AP39-SG,Empty dataset
752BR39-SG,Empty dataset
748MP40-SG,Empty dataset
752MZ40-SG,Empty dataset
746AP41A-SG,Empty dataset
748MP41-SG,Empty dataset
752AP43-SG,Empty dataset
746TS45-SG,Empty dataset
748JK54-SG,Empty dataset
769LIC34-N0,Empty dataset
8ABHF34-N4,Empty dataset
799TCL34-ND,Empty dataset
AAFS27A-N0,Empty dataset
745EXIM28-N0,Empty dataset
768SIDB27-N2,Empty dataset
799TCL29-NE,Empty dataset
744CG30-SG,Empty dataset
745AS31-SG,Empty dataset
746CG31-SG,Empty dataset
746CG33-SG,Empty dataset
747HR36-SG,Empty dataset
744AP39-SG,Empty dataset
749BR39-SG,Empty dataset
748WB43-SG,Empty dataset
748AP44-SG,Empty dataset
748WB44-SG,Empty dataset
744TS46-SG,Empty dataset
746JK49-SG,Empty dataset
748IRFC34A-NQ,Empty dataset
890NCPL28-N1,Empty dataset
735PY27-SG,Empty dataset
744CG29-SG,Empty dataset
747CG30A-SG,Empty dataset
747CG31-SG,Empty dataset
748CG32-SG,Empty dataset
748KA33-SG,Empty dataset
744TN34-SG,Empty dataset
748RJ34-SG,Empty dataset
748UP34-SG,Empty dataset
749NL34-SG,Empty dataset
746MH35-SG,Empty dataset
747PY37-SG,Empty dataset
744AP39A-SG,Empty dataset
747BR39-SG,Empty dataset
744MP40-SG,Empty dataset
745KA40-SG,Empty dataset
745MP44A-SG,Empty dataset
745MP45-SG,Empty dataset
745JK54-SG,Empty dataset
810TCHFL27-ND,Empty dataset
760PFC29-N0,Empty dataset
749PFC34-N9,Empty dataset
783NHB27-N9,Empty dataset
840NIRMA26-N6,Empty dataset
850NIRMA27-N7,Empty dataset
747RL34-NL,Empty dataset
764RL27-NM,Empty dataset
759IREDA34-N0,Empty dataset
825CFHL27-N0,Empty dataset
830TFSIL27-N2,Empty dataset
ALPHA27-N1,Empty dataset
745CG33-SG,Empty dataset
746PN33-SG,Empty dataset
742TN34-SG,Empty dataset
744RJ34-SG,Empty dataset
744KA34-SG,Empty dataset
742RJ39-SG,Empty dataset
743BR39-SG,Empty dataset
744WB41-SG,Empty dataset
742MP44-SG,Empty dataset
743RJ44-SG,Empty dataset
744WB44-SG,Empty dataset
746UK34-SG,Empty dataset
746UP34-SG,Empty dataset
743MH36-SG,Empty dataset
744HR36-SG,Empty dataset
742KA39-SG,Empty dataset
742MP45-SG,Empty dataset
742MP46-SG,Empty dataset
744IRFC34-NR,Empty dataset
832TPL26-N4,Empty dataset
832TPL27-N5,Empty dataset
832TPL28-N6,Empty dataset
832TPL29-N7,Empty dataset
836GIL26-N0,Empty dataset
840GIL27-N1,Empty dataset
865CIFC865-NP,Empty dataset
8258TCL27-NF,Empty dataset
797SFL30-N0,Empty dataset
1048IIFL27-N6,Empty dataset
820ABHF27-N5,Empty dataset
AAFS34-N2,Empty dataset
755DDL39-N0,Empty dataset
925BCIL28-N0,Empty dataset
925BCIPL28-N1,Empty dataset
7835LIC27-N1,Empty dataset
74MZ39-SG,Empty dataset
74BR39-SG,Empty dataset
74RJ42-SG,Empty dataset
738TS43-SG,Empty dataset
74WB44-SG,Empty dataset
74TN34-SG,Empty dataset
742AS34-SG,Empty dataset
74MH35-SG,Empty dataset
742KA35-SG,Empty dataset
742HR35-SG,Empty dataset
74MH36-SG,Empty dataset
741KA36-SG,Empty dataset
74JK44-SG,Empty dataset
738TS49-SG,Empty dataset
738TN54-SG,Empty dataset
753IRED34-NA,Empty dataset
83044SMF29-N3,Empty dataset
860CIFC29-NQ,Empty dataset
1077IIFL30-N7,Empty dataset
950BCIPL28-N2,Empty dataset
764ABL34-N0,Empty dataset
740EXIM29-N1,Empty dataset
735PGCIL34-N1,Empty dataset
778NHB27-NA,Empty dataset
738CG34-SG,Empty dataset
739HP34-SG,Empty dataset
737RJ34A-SG,Empty dataset
736KA34-SG,Empty dataset
741AR34-SG,Empty dataset
739KL34-SG,Empty dataset
738UP34-SG,Empty dataset
738HR35-SG,Empty dataset
738UP36-SG,Empty dataset
741HP36-SG,Empty dataset
737KA37-SG,Empty dataset
738PY38-SG,Empty dataset
739BR39-SG,Empty dataset
737TS41-SG,Empty dataset
739WB42-SG,Empty dataset
738KL44-SG,Empty dataset
739WB44-SG,Empty dataset
737RJ45-SG,Empty dataset
736JK49-SG,Empty dataset
736TS50-SG,Empty dataset
736KL54-SG,Empty dataset
736TN54-SG,Empty dataset
755PFC27-NA,Empty dataset
18MVL27-N0,Empty dataset
795NIIF36-N2,Empty dataset
GFL27-N1,Empty dataset
824LTF27-NQ,Empty dataset
757IREDL29-NB,Empty dataset
746IRFC29-NS,Empty dataset
835KSFL27-N0,Empty dataset
8254KSFP29-N1,Empty dataset
860CIFCL29-NR,Empty dataset
744TS30-SG,Empty dataset
746CG32-SG,Empty dataset
746UP32-SG,Empty dataset
747CG33-SG,Empty dataset
744TN34A-SG,Empty dataset
746RJ34-SG,Empty dataset
747CG34-SG,Empty dataset
747UK34-SG,Empty dataset
747AS34-SG,Empty dataset
747GA34-SG,Empty dataset
748NL34-SG,Empty dataset
75SK34-SG,Empty dataset
745KA35-SG,Empty dataset
745HR35B-SG,Empty dataset
748UP36-SG,Empty dataset
75MN36-SG,Empty dataset
745KA37-SG,Empty dataset
745MH37-SG,Empty dataset
748RJ37-SG,Empty dataset
745MH38-SG,Empty dataset
746KA38-SG,Empty dataset
742TS41-SG,Empty dataset
745WB42-SG,Empty dataset
746RJ42-SG,Empty dataset
744TN44-SG,Empty dataset
745WB44-SG,Empty dataset
747JK44-SG,Empty dataset
742KL49-SG,Empty dataset
74TN54-SG,Empty dataset
742KL64-SG,Empty dataset
765HDFC34-N1,Empty dataset
820ABHFL27-N6,Empty dataset
780BFL27-N0,Empty dataset
950IIFL27-Y2,Empty dataset
885CIFCL34-NS,Empty dataset
792TCHFL34-NF,Empty dataset
773LIC34-N2,Empty dataset
759IRDA34-NC,Empty dataset
768SIDBI27-N3,Empty dataset
762NABAR29-N3,Empty dataset
925SCL26A-YN,Empty dataset
888SCL26-YP,Empty dataset
940SCL27-YS,Empty dataset
902SCL27-YU,Empty dataset
965SCL29-YX,Empty dataset
925SCL29-YZ,Empty dataset
10SCL31-Z1,Empty dataset
1050SCFL31-Z2,Empty dataset
957SCL31-Z3,Empty dataset
1025SCFL34-Z5,Empty dataset
980SCL34-Z7,Empty dataset
747RJ33-SG,Empty dataset
743TN34-SG,Empty dataset
749RJ40-SG,Empty dataset
752WB39-SG,Empty dataset
751UP40-SG,Empty dataset
746MH41-SG,Empty dataset
748MH42-SG,Empty dataset
75MH44-SG,Empty dataset
752RJ44-SG,Empty dataset
753WB44-SG,Empty dataset
748TS50-SG,Empty dataset
753KL50-SG,Empty dataset
75TN54-SG,Empty dataset
751JK54-SG,Empty dataset
754KL55-SG,Empty dataset
736UK26-SG,Empty dataset
746AS31-SG,Empty dataset
742KA32-SG,Empty dataset
747CG32-SG,Empty dataset
744KA33-SG,Empty dataset
747CG33A-SG,Empty dataset
744RJ34A-SG,Empty dataset
747CG34A-SG,Empty dataset
749HR35-SG,Empty dataset
749CG35-SG,Empty dataset
749UP36-SG,Empty dataset
749KL36-SG,Empty dataset
75MN36A-SG,Empty dataset
751UP38-SG,Empty dataset
745MH39-SG,Empty dataset
752HP39-SG,Empty dataset
752UP39-SG,Empty dataset
752GA39-SG,Empty dataset
890MFL27-NK,Empty dataset
MUTF27-NL,Empty dataset
1035CCSP26-N2,Empty dataset
739AP30-SG,Empty dataset
749PN32-SG,Empty dataset
742TN34A-SG,Empty dataset
745HP44-SG,Empty dataset
746AP44-SG,Empty dataset
746ML34-SG,Empty dataset
744TS36-SG,Empty dataset
748PN37-SG,Empty dataset
743MH39-SG,Empty dataset
744MH41-SG,Empty dataset
746AP41B-SG,Empty dataset
744MH42-SG,Empty dataset
746AP42-SG,Empty dataset
746AP43A-SG,Empty dataset
818CANF29-N1,Empty dataset
975SCL27-Z9,Empty dataset
75AS34-SG,Empty dataset
745MH41-SG,Empty dataset
744MH42A-SG,Empty dataset
744TS51-SG,Empty dataset
745RL34-NN,Empty dataset
759RL27-NO,Empty dataset
745MH38A-SG,Empty dataset
745MH39A-SG,Empty dataset
742MH34-SG,Empty dataset
742MH37-SG,Empty dataset
746UP39-SG,Empty dataset
748UP40-SG,Empty dataset
748UP42-SG,Empty dataset
748UP44-SG,Empty dataset
75UK29-SG,Empty dataset
748HR34-SG,Empty dataset
885NOM28-N2,Empty dataset
795SHFL34-N2,Empty dataset
755PGCI34-N2,Empty dataset
TCL26-NG,Empty dataset
75TN31-SG,Empty dataset
75AP32-SG,Empty dataset
755PN32-SG,Empty dataset
749TN34-SG,Empty dataset
751PN37-SG,Empty dataset
749KL39-SG,Empty dataset
749AP40-SG,Empty dataset
748TS42-SG,Empty dataset
748AP44A-SG,Empty dataset
1035CCSP27-N3,Empty dataset
751NHB31-NC,Empty dataset
AAFS27B-N3,Empty dataset
754PN32-SG,Empty dataset
754AS34-SG,Empty dataset
752HR34-SG,Empty dataset
752RJ34-SG,Empty dataset
753AP36-SG,Empty dataset
753PN36-SG,Empty dataset
753PN37-SG,Empty dataset
752RJ37-SG,Empty dataset
752RJ39-SG,Empty dataset
751AP41-SG,Empty dataset
749TN44-SG,Empty dataset
749AP44-SG,Empty dataset
749RJ44-SG,Empty dataset
747KL50-SG,Empty dataset
789SDIL29-N1,Empty dataset
859CIFCL29-NT,Empty dataset
903MFL29-NN,Empty dataset
895MFL27-NM,Empty dataset
AAFS27B-N4,Empty dataset
AAFS34A-N5,Empty dataset
747HP33-SG,Empty dataset
743TN34A-SG,Empty dataset
748ML34-SG,Empty dataset
747TS36-SG,Empty dataset
747AP37A-SG,Empty dataset
743TS41A-SG,Empty dataset
743AP42A-SG,Empty dataset
742AP43A-SG,Empty dataset
742AP44-SG,Empty dataset
746AP38A-SG,Empty dataset
742TS48-SG,Empty dataset
ANURAS-W1,Empty dataset
935AKCF27-N0,Empty dataset
858CIF27-NU,Empty dataset
753RECL34-NP,Empty dataset
787LIC29-N3,Empty dataset
747PN32-SG,Empty dataset
745AP33A-SG,Empty dataset
745AP40B-SG,Empty dataset
744TS41-SG,Empty dataset
742AP45-SG,Empty dataset
742AP46-SG,Empty dataset
741AP47-SG,Empty dataset
741JK49-SG,Empty dataset
902MFL27-NO,Empty dataset
770NABAR27-N4,Empty dataset
8137TCL24-NH,Empty dataset
738JK51-SG,Empty dataset
742RJ32-SG,Empty dataset
741RJ34-SG,Empty dataset
742HR34-SG,Empty dataset
743MN36-SG,Empty dataset
74AP41-SG,Empty dataset
738AP44-SG,Empty dataset
80650SFL26-N1,Empty dataset
865CIF29-NV,Empty dataset
734TN29-SG,Empty dataset
738TN33-SG,Empty dataset
737AS34-SG,Empty dataset
737RJ34B-SG,Empty dataset
738TN34-SG,Empty dataset
736KL36-SG,Empty dataset
737PN36-SG,Empty dataset
734KL55-SG,Empty dataset
736RJ37-SG,Empty dataset
737MZ39-SG,Empty dataset
737RJ39-SG,Empty dataset
737WB40-SG,Empty dataset
734RJ45-SG,Empty dataset
734JK54-SG,Empty dataset
734AP48-SG,Empty dataset
734AP49-SG,Empty dataset
776TIL34-N1,Empty dataset
758RECL29-NQ,Empty dataset
770RECL26-NR,Empty dataset
825SMFG27-N1,Empty dataset
865CIFL29-NW,Empty dataset
768LIC34-N4,Empty dataset
759NHB27-ND,Empty dataset
744PFCL34-NB,Empty dataset
925SCL26C-ZA,Empty dataset
888SCL26A-ZC,Empty dataset
SCFL310524-ZE,Empty dataset
902SCL27A-ZI,Empty dataset
10SCL31A-ZO,Empty dataset
98SCL34-ZS,Empty dataset
817TFSIL27-N3,Empty dataset
8277SMF27-N5,Empty dataset
909MFL29-NP,Empty dataset
9CIFL34-NX,Empty dataset
746HP36-SG,Empty dataset
744TS40-SG,Empty dataset
743RJ34-SG,Empty dataset
744TN34B-SG,Empty dataset
744HP34-SG,Empty dataset
745NL34-SG,Empty dataset
743AP46-SG,Empty dataset
738AP49-SG,Empty dataset
738KL55-SG,Empty dataset
743TN32-SG,Empty dataset
743HR34-SG,Empty dataset
745ML34-SG,Empty dataset
748PN35-SG,Empty dataset
747PN37-SG,Empty dataset
745RJ40-SG,Empty dataset
743AP42B-SG,Empty dataset
743TS43-SG,Empty dataset
743AP44-SG,Empty dataset
743JK46-SG,Empty dataset
75IREDA34-ND,Empty dataset
825TPL27-N6,Empty dataset
830SMF29-N6,Empty dataset
865TVSH29-N0,Empty dataset
738PY38A-SG,Empty dataset
735JK49-SG,Empty dataset
74PY30-SG,Empty dataset
739TN32-SG,Empty dataset
741PN34A-SG,Empty dataset
805SHFL29-N3,Empty dataset
744IRF34-N0,Empty dataset
735RECL34-NS,Empty dataset
805TCHFL29-NG,Empty dataset
738RJ33-SG,Empty dataset
739PN33-SG,Empty dataset
736HR34-SG,Empty dataset
735TS36-SG,Empty dataset
735TS38-SG,Empty dataset
733JK51-SG,Empty dataset
759NH27-NE,Empty dataset
807NIIF29-N3,Empty dataset
812SFL27-N2,Empty dataset
768SID27-N0,Empty dataset
825NOM27-N0,Empty dataset
744IREDA34-N0,Empty dataset
734RJ34-SG,Empty dataset
734AP35-SG,Empty dataset
734WB39-SG,Empty dataset
736MZ39-SG,Empty dataset
732KL41-SG,Empty dataset
731TS42-SG,Empty dataset
734WB42-SG,Empty dataset
733RJ43-SG,Empty dataset
731AP44-SG,Empty dataset
733RJ44-SG,Empty dataset
727TN54-SG,Empty dataset
728JK54-SG,Empty dataset
CITI2626-N0,Empty dataset
842GIL27-N0,Empty dataset
793TPRE34-N0,Empty dataset
793TPRE29-N0,Empty dataset
864CIFL29-N0,Empty dataset
736SBOI39-N0,Empty dataset
98VFPL28-N0,Empty dataset
816LTFH27-N0,Empty dataset
AAFS28-N0,Empty dataset
10IIFL26-N0,Empty dataset
1278VCCL25-N0,Empty dataset
753ICICI34-N0,Empty dataset
737AP33A-SG,Empty dataset
738PN33-SG,Empty dataset
735TN34-SG,Empty dataset
738PN34-SG,Empty dataset
739ML34-SG,Empty dataset
737AP36-SG,Empty dataset
739MN36-SG,Empty dataset
736TS37-SG,Empty dataset
736AP41-SG,Empty dataset
737TS42-SG,Empty dataset
736AP45-SG,Empty dataset
736JK46-SG,Empty dataset
742KL46-SG,Empty dataset
736AP48-SG,Empty dataset
864CIFL29A-N0,Empty dataset
743NBFID34-N0,Empty dataset
823SFL34-N0,Empty dataset
833PHFL29-N0,Empty dataset
792TCHF34-N0,Empty dataset
733GA39-SG,Empty dataset
732HR36-SG,Empty dataset
738JK49-SG,Empty dataset
732RJ34-SG,Empty dataset
736RJ46-SG,Empty dataset
731TN54-SG,Empty dataset
820ABSLI34-N0,Empty dataset
736SBI39-N0,Empty dataset
817ABHF27-N0,Empty dataset
812ABHF29-N0,Empty dataset
7865LICH26-N0,Empty dataset
739IRFC34-N0,Empty dataset
862HHFL29-N0,Empty dataset
820TFSIL29-N0,Empty dataset
736IOCL29-N0,Empty dataset
735HP34-SG,Empty dataset
732TS36-SG,Empty dataset
732HR36A-SG,Empty dataset
735MZ37-SG,Empty dataset
733TS40-SG,Empty dataset
733AP40-SG,Empty dataset
735JK51-SG,Empty dataset
733AP43A-SG,Empty dataset
756RECL27-N0,Empty dataset
745RECL35-N0,Empty dataset
897MFL27-N0,Empty dataset
74CB34-N0,Empty dataset
754BOI34-N0,Empty dataset
955ICCL26-N0,Empty dataset
10157PCP27-N0,Empty dataset
835TPL27-N0,Empty dataset
801TCL34-N0,Empty dataset
738PGCIL34-N0,Empty dataset
733TN32-SG,Empty dataset
734TN34-SG,Empty dataset
736GA34-SG,Empty dataset
736RJ34-SG,Empty dataset
734TS37-SG,Empty dataset
735AS39-SG,Empty dataset
735TS40-SG,Empty dataset
736WB40-SG,Empty dataset
733TS42-SG,Empty dataset
733KL54-SG,Empty dataset
739IREDA39-N0,Empty dataset
860GFL27-N0,Empty dataset
850CIFL27-N0,Empty dataset
830ABHFL34-N0,Empty dataset
727TN32-SG,Empty dataset
727MH34-SG,Empty dataset
729RJ34-SG,Empty dataset
734PN35-SG,Empty dataset
734HR36-SG,Empty dataset
730MH38-SG,Empty dataset
733AP39-SG,Empty dataset
730MH39-SG,Empty dataset
735WB40-SG,Empty dataset
735WB43-SG,Empty dataset
734AP44-SG,Empty dataset
733MH44-SG,Empty dataset
734RJ45A-SG,Empty dataset
735JK46-SG,Empty dataset
734AP49A-SG,Empty dataset
735RJ49-SG,Empty dataset
731TS50-SG,Empty dataset
730KL52-SG,Empty dataset
729TN54-SG,Empty dataset
724TN30-SG,Empty dataset
734PN32-SG,Empty dataset
85GHFL27-N0,Empty dataset
737IRFC29-N0,Empty dataset
910CIFL31-N0,Empty dataset
1650RARL27-N0,Empty dataset
818TFSIL27-N0,Empty dataset
798SHFL26-N0,Empty dataset
830SICC27-N0,Empty dataset
828SICC26-N0,Empty dataset
787SDIL30-N0,Empty dataset
725HP33-SG,Empty dataset
722MH34-SG,Empty dataset
723TN34-SG,Empty dataset
726MP35-SG,Empty dataset
726HR36-SG,Empty dataset
727MH39-SG,Empty dataset
731KL40-SG,Empty dataset
729TS42-SG,Empty dataset
727MH44-SG,Empty dataset
728MP45-SG,Empty dataset
729JK45-SG,Empty dataset
728TS46-SG,Empty dataset
726MH49-SG,Empty dataset
727KL59-SG,Empty dataset
73AS39-SG,Empty dataset
729TS40-SG,Empty dataset
80956ABH26-N0,Empty dataset
799RCFL27-N0,Empty dataset
975SIPL27-N0,Empty dataset
890MFL27A-N0,Empty dataset
828PHFL26-N0,Empty dataset
755RECL26-N0,Empty dataset
849ABSLI34-N0,Empty dataset
736NBFID44-N0,Empty dataset
728TS45-SG,Empty dataset
727JK49-SG,Empty dataset
705GJ28-SG,Empty dataset
706GJ29-SG,Empty dataset
726BR33-SG,Empty dataset
721TN34-SG,Empty dataset
726TS35-SG,Empty dataset
728TS38-SG,Empty dataset
AAFS28A-N0,Empty dataset
781TCHE27-N0,Empty dataset
721MH35-SG,Empty dataset
724HR36-SG,Empty dataset
725HR39-SG,Empty dataset
723MH40-SG,Empty dataset
724WB42-SG,Empty dataset
722MH45-SG,Empty dataset
722MH50-SG,Empty dataset
723JK51-SG,Empty dataset
72MZ31-SG,Empty dataset
724BR33-SG,Empty dataset
719TN34-SG,Empty dataset
732PFCL39-N0,Empty dataset
845NOM27-N0,Empty dataset
845NOM27A-N0,Empty dataset
775LICH29-N0,Empty dataset
73BOB34-N0,Empty dataset
975SIPL27A-N0,Empty dataset
731RECL39-N0,Empty dataset
727MN36-SG,Empty dataset
726PN36-SG,Empty dataset
726PN37-SG,Empty dataset
726MP38-SG,Empty dataset
726AS39-SG,Empty dataset
726KL39-SG,Empty dataset
724MH39-SG,Empty dataset
727AP41-SG,Empty dataset
727RJ42-SG,Empty dataset
725MH44-SG,Empty dataset
722MP45-SG,Empty dataset
723AP46-SG,Empty dataset
723RJ46-SG,Empty dataset
722MH49-SG,Empty dataset
723WB49-SG,Empty dataset
723JK54-SG,Empty dataset
722TN54-SG,Empty dataset
722KL59-SG,Empty dataset
706TN29-SG,Empty dataset
725BR33-SG,Empty dataset
723RJ33-SG,Empty dataset
723GA34-SG,Empty dataset
720MH34-SG,Empty dataset
722RJ34-SG,Empty dataset
724AP36-SG,Empty dataset
724HR36A-SG,Empty dataset
722HPCL29-N0,Empty dataset
79123SHF26-N0,Empty dataset
725IRFC34-N0,Empty dataset
761LIC34-N0,Empty dataset
774LIC28-N0,Empty dataset
785IIFL27-N0,Empty dataset
772TIL34-N0,Empty dataset
725GA35-SG,Empty dataset
723MH35-SG,Empty dataset
725HR36-SG,Empty dataset
725TS38-SG,Empty dataset
724KL40-SG,Empty dataset
724MH40-SG,Empty dataset
725AP44-SG,Empty dataset
725AS44-SG,Empty dataset
725MH45-SG,Empty dataset
725WB45-SG,Empty dataset
725TS46-SG,Empty dataset
725AP47-SG,Empty dataset
706TN29A-SG,Empty dataset
719TN32A-SG,Empty dataset
723AP34-SG,Empty dataset
725ML34-SG,Empty dataset
724RJ34-SG,Empty dataset
726MH50-SG,Empty dataset
730PFCL34-N0,Empty dataset
840GHFL28-N0,Empty dataset
747SIDBI29-N0,Empty dataset
745ABL34-N0,Empty dataset
8049ABHF27-N0,Empty dataset
799LTFH27-N0,Empty dataset
8887HFL26-N0,Empty dataset
980ICCL29-N0,Empty dataset
726BOB34-N0,Empty dataset
736IRED39-N0,Empty dataset
703TN29-SG,Empty dataset
722TS38-SG,Empty dataset
721BR33-SG,Empty dataset
722HP39-SG,Empty dataset
723KL45-SG,Empty dataset
722TN54A-SG,Empty dataset
723MZ38-SG,Empty dataset
803ABHFL29-N0,Empty dataset
807SMFG27-N0,Empty dataset
724INBK34-N0,Empty dataset
70CG29-SG,Empty dataset
71MH33-SG,Empty dataset
711BR33-SG,Empty dataset
71TN34-SG,Empty dataset
713AS34-SG,Empty dataset
712MH36-SG,Empty dataset
713TS36-SG,Empty dataset
713MH43-SG,Empty dataset
714KL47-SG,Empty dataset
785TRPEL34-N0,Empty dataset
845GHFL29-N0,Empty dataset
765LICH31-N0,Empty dataset
799NIIF29-N0,Empty dataset
840CIFL27-N0,Empty dataset
727PFCL31-N0,Empty dataset
722PFCL39-N0,Empty dataset
786TCHFL29-N0,Empty dataset
744NBRD28-N0,Empty dataset
815SICC27-N0,Empty dataset
815SICC26-N0,Empty dataset
CITI26-N0,Empty dataset
AAFS28B-N0,Empty dataset
695KA28-SG,Empty dataset
713RJ39-SG,Empty dataset
715RJ42-SG,Empty dataset
712MH43-SG,Empty dataset
714MP43-SG,Empty dataset
715WB44-SG,Empty dataset
715PN44-SG,Empty dataset
715WB45-SG,Empty dataset
713RJ46-SG,Empty dataset
714PN49-SG,Empty dataset
703CG30-SG,Empty dataset
705AS31-SG,Empty dataset
707MH32-SG,Empty dataset
712BR33-SG,Empty dataset
71RJ34-SG,Empty dataset
712GA34-SG,Empty dataset
711MH36-SG,Empty dataset
712MP36-SG,Empty dataset
712HR36-SG,Empty dataset
712MH38-SG,Empty dataset
824PHFL28-N0,Empty dataset
MOTHERSON-D1,Empty dataset
925SCL26E-N1,Empty dataset
SCL25924-N1,Empty dataset
940SCL27A-N1,Empty dataset
902SCL27C-N1,Empty dataset
925SCL29C-N1,Empty dataset
1025SCL34C-N1,Empty dataset
980SCL34B-N1,Empty dataset
734SIDBI29-N0,Empty dataset
79SHFL27-N0,Empty dataset
AAFS28C-N0,Empty dataset
920HFL30-N0,Empty dataset
GFL26-N0,Empty dataset
975SIPL27B-N0,Empty dataset
PCPL27-N0,Empty dataset
950ISF26-N0,Empty dataset
711AP38-SG,Empty dataset
712TS39-SG,Empty dataset
713AS39-SG,Empty dataset
714TS42-SG,Empty dataset
714AP44-SG,Empty dataset
715WB44A-SG,Empty dataset
714AP48-SG,Empty dataset
69KA27-SG,Empty dataset
70KA30-SG,Empty dataset
711BR33A-SG,Empty dataset
71KL34-SG,Empty dataset
712ML34-SG,Empty dataset
712GA35-SG,Empty dataset
712HR36A-SG,Empty dataset
878MUTF29-N0,Empty dataset
71MH32A-SG,Empty dataset
705UK29-SG,Empty dataset
71KA32A-SG,Empty dataset
712KA33-SG,Empty dataset
714BR33-SG,Empty dataset
712TN34-SG,Empty dataset
713AS34A-SG,Empty dataset
714SK34-SG,Empty dataset
715MP35-SG,Empty dataset
713MH37A-SG,Empty dataset
715MZ39-SG,Empty dataset
716JK49-SG,Empty dataset
715MP43-SG,Empty dataset
814TPL27-N0,Empty dataset
805HLICL34-N0,Empty dataset
815PHFL27-N0,Empty dataset
116VCCL26-N0,Empty dataset
709RJ35-SG,Empty dataset
709KA35-SG,Empty dataset
682GJ27-SG,Empty dataset
708UP32-SG,Empty dataset
708HP34-SG,Empty dataset
708KA34B-SG,Empty dataset
709PY34-SG,Empty dataset
711PN44-SG,Empty dataset
711TS45-SG,Empty dataset
7712TCHF28-N0,Empty dataset
757LICH29-N0,Empty dataset
975SCL29A-N0,Empty dataset
711BR33B-SG,Empty dataset
710KA35-SG,Empty dataset
712GA34A-SG,Empty dataset
700TN29-SG,Empty dataset
744SIDBI28-N0,Empty dataset
708PGC34-N0,Empty dataset
712INBK34-N0,Empty dataset
7875NIIF30-N0,Empty dataset
7798LTFH29-N0,Empty dataset
835TCSL27-N0,Empty dataset
765SHFL29-N0,Empty dataset
SIHF27-N0,Empty dataset
713TN34-SG,Empty dataset
713RJ34-SG,Empty dataset
715BR34-SG,Empty dataset
715KA36-SG,Empty dataset
715KL39-SG,Empty dataset
715MN39-SG,Empty dataset
715AP39-SG,Empty dataset
717AP43-SG,Empty dataset
717PN44-SG,Empty dataset
716RJ45-SG,Empty dataset
716AP47-SG,Empty dataset
716TS47-SG,Empty dataset
716TS49-SG,Empty dataset
716TN54-SG,Empty dataset
758SDIL31-N0,Empty dataset
732IREDA29-N0,Empty dataset
702TN29-SG,Empty dataset
706UK30A-SG,Empty dataset
713BR34-SG,Empty dataset
712TN34A-SG,Empty dataset
713HR36A-SG,Empty dataset
715KL40-SG,Empty dataset
715MZ40-SG,Empty dataset
715AP42-SG,Empty dataset
715AP47-SG,Empty dataset
890BTL34-N0,Empty dataset
865BTL27-N0,Empty dataset
890BTL31-N0,Empty dataset
825BTL27-N0,Empty dataset
875BTL28-N0,Empty dataset
875BTL29-N0,Empty dataset
78241ABH29-N0,Empty dataset
747IIFCL27-N0,Empty dataset
726IIFCL34-N0,Empty dataset
CITI26A-N0,Empty dataset
709RL39-N0,Empty dataset
734RL30-N0,Empty dataset
850CIFL34-N0,Empty dataset
776FEDB34-N0,Empty dataset
705GJ31-SG,Empty dataset
708GJ33-SG,Empty dataset
713TS39-SG,Empty dataset
713HP39-SG,Empty dataset
712HR37-SG,Empty dataset
715IRFC39-N0,Empty dataset
723SBI39-N0,Empty dataset
714NHB34-N0,Empty dataset
920DCBBL34-N0,Empty dataset
713BR34A-SG,Empty dataset
713GA34-SG,Empty dataset
708KL31-SG,Empty dataset
715OR38-SG,Empty dataset
711TN34-SG,Empty dataset
710UP32-SG,Empty dataset
770SHFL29-N0,Empty dataset
810GIL28-N0,Empty dataset
815GIL29-N0,Empty dataset
975SIPL29-N0,Empty dataset
722UCL34-N0,Empty dataset
705GJ29-SG,Empty dataset
707KA29-SG,Empty dataset
709KA30A-SG,Empty dataset
71TN32A-SG,Empty dataset
714AP34A-SG,Empty dataset
718BR34-SG,Empty dataset
716RJ34-SG,Empty dataset
714TN34-SG,Empty dataset
717GA35-SG,Empty dataset
719UP36-SG,Empty dataset
719HR37-SG,Empty dataset
719MP38-SG,Empty dataset
718RJ38-SG,Empty dataset
718WB39-SG,Empty dataset
718AP40A-SG,Empty dataset
718WB41-SG,Empty dataset
716AR44-SG,Empty dataset
716MP44-SG,Empty dataset
716TN54A-SG,Empty dataset
751SIDBI28-N0,Empty dataset
737IREDA31-N0,Empty dataset
815PNB27-N0,Empty dataset
741BOI34-N0,Empty dataset
774LICH27-N0,Empty dataset
778SHFL28-N0,Empty dataset
892CIFL34-N0,Empty dataset
793NIIF30-N0,Empty dataset
711HP34-SG,Empty dataset
708RJ34-SG,Empty dataset
712KL35-SG,Empty dataset
711AP38A-SG,Empty dataset
710JK44-SG,Empty dataset
712AS34-SG,Empty dataset
713BR34B-SG,Empty dataset
708PN34-SG,Empty dataset
708TN34-SG,Empty dataset
712PN36-SG,Empty dataset
711AP39-SG,Empty dataset
710TS44-SG,Empty dataset
710TS45-SG,Empty dataset
696TN28-SG,Empty dataset
704GJ32-SG,Empty dataset
710AP34-SG,Empty dataset
980IIFL26-N0,Empty dataset
719LT34-N0,Empty dataset
818TPL27-N0,Empty dataset
711PFCL40-N0,Empty dataset
710PFCL35-N0,Empty dataset
704GJ33-SG,Empty dataset
710TN34-SG,Empty dataset
709HR37-SG,Empty dataset
708UP38-SG,Empty dataset
708JK46-SG,Empty dataset
723DMEDL34-N0,Empty dataset
785ABHFL28-N0,Empty dataset
769LICH26-N0,Empty dataset
775LTFL27-N0,Empty dataset
714EXIM29-N0,Empty dataset
780SICC29-N0,Empty dataset
775SFL26-N0,Empty dataset
965SFL27-N0,Empty dataset
709IRFC34-N0,Empty dataset
790LTFL34-N0,Empty dataset
697TN28-SG,Empty dataset
711ML33-SG,Empty dataset
711RJ34-SG,Empty dataset
712BR34-SG,Empty dataset
711KA35-SG,Empty dataset
712HP36-SG,Empty dataset
712KA36-SG,Empty dataset
712RJ39-SG,Empty dataset
713MZ39-SG,Empty dataset
713WB40-SG,Empty dataset
710KL42-SG,Empty dataset
711AR44-SG,Empty dataset
710RJ46-SG,Empty dataset
710TS46-SG,Empty dataset
710TS47-SG,Empty dataset
710JK49-SG,Empty dataset
710TN54-SG,Empty dataset
714NPC39-N0,Empty dataset
710RECL35-N0,Empty dataset
720NHB31-N0,Empty dataset
816KSFP29-N0,Empty dataset
803ICPR34-N0,Empty dataset
799TFSIL27-N0,Empty dataset
774PSB34-N0,Empty dataset
990IIFL27-N0,Empty dataset
712PGCIL34-N0,Empty dataset
716PFCL40-N0,Empty dataset
74PFCL30-N0,Empty dataset
748SIDBI29-N0,Empty dataset
770TPREL34-N0,Empty dataset
805NIT32-N0,Empty dataset
719AS34-SG,Empty dataset
715BR34A-SG,Empty dataset
711GJ33-SG,Empty dataset
716HR37-SG,Empty dataset
714JK51-SG,Empty dataset
716KA40-SG,Empty dataset
717MP41-SG,Empty dataset
714MP45-SG,Empty dataset
715MN39A-SG,Empty dataset
715NL34-SG,Empty dataset
714PY35-SG,Empty dataset
703TN29A-SG,Empty dataset
711TN34A-SG,Empty dataset
714TN44-SG,Empty dataset
716UP39-SG,Empty dataset
715UK30-SG,Empty dataset
716WB39-SG,Empty dataset
717WB42-SG,Empty dataset
7685TCHF28-N0,Empty dataset
IHF261224A-N1,Empty dataset
715IRFC34-N0,Empty dataset
925SCL26Z-N1,Empty dataset
888SCL26X-N1,Empty dataset
SCL271224-N1,Empty dataset
94SCL27U-N1,Empty dataset
902SCL27Q-N1,Empty dataset
965SCL29S-N1,Empty dataset
925SCL29S-N1,Empty dataset
1050SCL31T-N1,Empty dataset
1025SCL34U-N1,Empty dataset
98SCL34Z-N1,Empty dataset
818GFL26-N0,Empty dataset
102CCSP27A-N0,Empty dataset
825TCSL27-N0,Empty dataset
93HFL34-N0,Empty dataset
87HFL27-N0,Empty dataset
87HFL26-N0,Empty dataset
819CIFL26-N0,Empty dataset
717AP37-SG,Empty dataset
717AP38-SG,Empty dataset
717AP39-SG,Empty dataset
718HR38-SG,Empty dataset
711JK55-SG,Empty dataset
715KA42-SG,Empty dataset
715KA43-SG,Empty dataset
717MP38-SG,Empty dataset
712MP47-SG,Empty dataset
712TS51-SG,Empty dataset
715UP37-SG,Empty dataset
715WB40-SG,Empty dataset
716WB42-SG,Empty dataset
950ISF26A-N0,Empty dataset
810NIT40-N0,Empty dataset
725IOCL30-N0,Empty dataset
930PCHFL27-N0,Empty dataset
701GJ31-SG,Empty dataset
710KA32-SG,Empty dataset
713UK32-SG,Empty dataset
705GJ32-SG,Empty dataset
710KA33-SG,Empty dataset
706GJ34-SG,Empty dataset
715AS35-SG,Empty dataset
715BR35-SG,Empty dataset
715HR38-SG,Empty dataset
711MH38-SG,Empty dataset
715BR40-SG,Empty dataset
714MH43-SG,Empty dataset
713TS49-SG,Empty dataset
712TS54-SG,Empty dataset
711TS55-SG,Empty dataset
711TN55-SG,Empty dataset
8104PHFL28-N0,Empty dataset
830TPL28-N0,Empty dataset
773TCHFL30-N0,Empty dataset
995SCL35-N0,Empty dataset
722GJ35-SG,Empty dataset
722TN35-SG,Empty dataset
722KA36-SG,Empty dataset
723PN37-SG,Empty dataset
722HR38-SG,Empty dataset
722BR40-SG,Empty dataset
723MZ40-SG,Empty dataset
723MH41-SG,Empty dataset
724MH44-SG,Empty dataset
724KL44-SG,Empty dataset
72JK47-SG,Empty dataset
722BR35-SG,Empty dataset
720RECL35-N0,Empty dataset
723BOB35-N0,Empty dataset
770SUNF28-N0,Empty dataset
725IRFC35B-N0,Empty dataset
990IIFL26-N0,Empty dataset
867MUTF30-N0,Empty dataset
990IIFL26B-N0,Empty dataset
990IIFL26A-N0,Empty dataset
78537ABH30-N0,Empty dataset
728IREDA35-N0,Empty dataset
758LICH35-N0,Empty dataset
806TFSIL28-N0,Empty dataset
720LT35-N0,Empty dataset
715BR37-SG,Empty dataset
714BR45-SG,Empty dataset
712GJ35-SG,Empty dataset
714HR38-SG,Empty dataset
715KA38-SG,Empty dataset
714KL45-SG,Empty dataset
715TN35-SG,Empty dataset
712TN55-SG,Empty dataset
PCHFL23125-N0,Empty dataset
875TVSH30-N0,Empty dataset
PCHF230125-N0,Empty dataset
900CIFL35-N0,Empty dataset
735EXIM28-N0,Empty dataset
720NHPC35-N0,Empty dataset
729NHB31-N0,Empty dataset
970ISF28-N0,Empty dataset
703OR31-SG,Empty dataset
705GJ34-SG,Empty dataset
713RJ35-SG,Empty dataset
703GJ35-SG,Empty dataset
712BR37-SG,Empty dataset
714HR38A-SG,Empty dataset
713KA41-SG,Empty dataset
713WB42-SG,Empty dataset
713WB44-SG,Empty dataset
711TN45-SG,Empty dataset
711BR45-SG,Empty dataset
711AS45-SG,Empty dataset
712PN45-SG,Empty dataset
710RJ50-SG,Empty dataset
711TS47-SG,Empty dataset
708TS49-SG,Empty dataset
710TS50-SG,Empty dataset
710RJ51-SG,Empty dataset
708JK55-SG,Empty dataset
766LICH29-N0,Empty dataset
857IHFL26-N0,Empty dataset
0NHIT35-N0,Empty dataset
0NHIT34-N0,Empty dataset
790CANF30-N0,Empty dataset
79742SIC30-N0,Empty dataset
865MFL28-N0,Empty dataset
717AP32-SG,Empty dataset
707AP34-SG,Empty dataset
707GJ34-SG,Empty dataset
711KA35A-SG,Empty dataset
712MH36A-SG,Empty dataset
712BR37A-SG,Empty dataset
713MH37B-SG,Empty dataset
711OR37-SG,Empty dataset
711AP38B-SG,Empty dataset
716KL38-SG,Empty dataset
712MH38A-SG,Empty dataset
714MH39-SG,Empty dataset
716AP40-SG,Empty dataset
716AS40-SG,Empty dataset
719BR45-SG,Empty dataset
719PN45-SG,Empty dataset
719TS46-SG,Empty dataset
675GJ27-SG,Empty dataset
70OR30-SG,Empty dataset
714UK32-SG,Empty dataset
708AP35A-SG,Empty dataset
718TS47-SG,Empty dataset
718TS49-SG,Empty dataset
718KL50-SG,Empty dataset
718TN55-SG,Empty dataset
725NBFI40-N0,Empty dataset
918IHFL28-N0,Empty dataset
805PHFL30-N0,Empty dataset
724PFCL35-N0,Empty dataset
725PFCL45-N0,Empty dataset
860TPL31-N0,Empty dataset
775CIT38-N0,Empty dataset
790ABHFL27-N0,Empty dataset
786ABHFL28-N0,Empty dataset
714BR37-SG,Empty dataset
718BR45-SG,Empty dataset
714CG33-SG,Empty dataset
707GJ32-SG,Empty dataset
708GJ34-SG,Empty dataset
714HR38B-SG,Empty dataset
718JK45-SG,Empty dataset
708KA31A-SG,Empty dataset
711KA33-SG,Empty dataset
716MZ35-SG,Empty dataset
717TN45-SG,Empty dataset
718TN55A-SG,Empty dataset
742SIDBI29-N0,Empty dataset
728RECL40-N0,Empty dataset
756IIFCL28-N0,Empty dataset
CITI27-N0,Empty dataset
810HLICL35-N0,Empty dataset
728IRFC40-N0,Empty dataset
779LTFL30-N0,Empty dataset
773TIL35-N0,Empty dataset
820CIFL28-N0,Empty dataset
750BOI35-N0,Empty dataset
715AS35B-SG,Empty dataset
716KA36B-SG,Empty dataset
712GJ37A-SG,Empty dataset
714RJ37A-SG,Empty dataset
689OR28A-SG,Empty dataset
702GJ31A-SG,Empty dataset
706OR31A-SG,Empty dataset
716UP39B-SG,Empty dataset
716PY40A-SG,Empty dataset
716MP40A-SG,Empty dataset
718BR45B-SG,Empty dataset
718MP48A-SG,Empty dataset
715BR37B-SG,Empty dataset
716MP37A-SG,Empty dataset
716HR38A-SG,Empty dataset
714PY31A-SG,Empty dataset
708GJ33B-SG,Empty dataset
713KA34A-SG,Empty dataset
715PY39A-SG,Empty dataset
834MLICL35-N0,Empty dataset
742PFC28-N0,Empty dataset
738PFC32-N0,Empty dataset
7645LICH30-N0,Empty dataset
698GJ30-SG,Empty dataset
716KA32-SG,Empty dataset
717TN33-SG,Empty dataset
72CG34-SG,Empty dataset
719OR35-SG,Empty dataset
717RJ35-SG,Empty dataset
72SK35-SG,Empty dataset
719CG35-SG,Empty dataset
72AP36-SG,Empty dataset
718TN36-SG,Empty dataset
724BR37-SG,Empty dataset
717MH37-SG,Empty dataset
72KA37-SG,Empty dataset
722HR38A-SG,Empty dataset
718MH38-SG,Empty dataset
718MH39-SG,Empty dataset
72AS40-SG,Empty dataset
719MH40-SG,Empty dataset
72MN40-SG,Empty dataset
719OR40-SG,Empty dataset
72UP40-SG,Empty dataset
72KL42-SG,Empty dataset
72RJ42-SG,Empty dataset
72AS45-SG,Empty dataset
72OR45-SG,Empty dataset
72TN55-SG,Empty dataset
740IREDA36-N0,Empty dataset
737NBRD35-N0,Empty dataset
749SIDBI29-N0,Empty dataset
735NHB32-N0,Empty dataset
799NIIF37-N0,Empty dataset
825TCSL28-N0,Empty dataset
744PFCL30-N0,Empty dataset
74PFCL35-N0,Empty dataset
80980TCL27-N0,Empty dataset
817GHFL30-N0,Empty dataset
727UP41-SG,Empty dataset
727MP45-SG,Empty dataset
727TS47-SG,Empty dataset
727MP48-SG,Empty dataset
727TS49-SG,Empty dataset
706GJ30-SG,Empty dataset
72OR32-SG,Empty dataset
722KA32-SG,Empty dataset
708TN30-SG,Empty dataset
721TN32-SG,Empty dataset
722TN33-SG,Empty dataset
722AP34-SG,Empty dataset
728CG34-SG,Empty dataset
722AP35-SG,Empty dataset
734AS35-SG,Empty dataset
721GJ35-SG,Empty dataset
722RJ35-SG,Empty dataset
727CG35-SG,Empty dataset
722KA35A-SG,Empty dataset
728AP36-SG,Empty dataset
722OR36-SG,Empty dataset
732CG37-SG,Empty dataset
732WB38-SG,Empty dataset
726HR39-SG,Empty dataset
726MP39-SG,Empty dataset
73OR39-SG,Empty dataset
725UP39-SG,Empty dataset
73WB39-SG,Empty dataset
727OR41-SG,Empty dataset
726TN55-SG,Empty dataset
734UCL30-N0,Empty dataset
760CIT38-N0,Empty dataset
734UCL28-N0,Empty dataset
809CANF27-N0,Empty dataset
905CIFL32-N0,Empty dataset
ROADSTAR-IV,Empty dataset
960SFL35-N0,Empty dataset
790ABHFL28-N0,Empty dataset
709TN30A-SG,Empty dataset
718TN35-SG,Empty dataset
724UP40-SG,Empty dataset
722JK32-SG,Empty dataset
729WB38-SG,Empty dataset
728WB39-SG,Empty dataset
723UK32-SG,Empty dataset
727PY33-SG,Empty dataset
723TS49-SG,Empty dataset
724AR45-SG,Empty dataset
723TS53-SG,Empty dataset
687GJ28-SG,Empty dataset
723HR39-SG,Empty dataset
724KL43-SG,Empty dataset
723TN55-SG,Empty dataset
726HP35-SG,Empty dataset
717MP31-SG,Empty dataset
722MP42-SG,Empty dataset
723MP47-SG,Empty dataset
727NL35-SG,Empty dataset
693OR28-SG,Empty dataset
717OR30-SG,Empty dataset
723OR47-SG,Empty dataset
719RJ35-SG,Empty dataset
723RJ38-SG,Empty dataset
70TN29-SG,Empty dataset
723TS52-SG,Empty dataset
724AS45-SG,Empty dataset
775PFCL26A-N0,Empty dataset
745PFCL28-N0,Empty dataset
860MFL28-N0,Empty dataset
773LICH27-N0,Empty dataset
715RJ35-SG,Empty dataset
715UP37A-SG,Empty dataset
717KL38-SG,Empty dataset
717UP39-SG,Empty dataset
718MZ40-SG,Empty dataset
717OR40-SG,Empty dataset
718TN45-SG,Empty dataset
718WB45-SG,Empty dataset
718MP46-SG,Empty dataset
718OR46-SG,Empty dataset
718WB46-SG,Empty dataset
718WB47-SG,Empty dataset
718MP49-SG,Empty dataset
718KL50A-SG,Empty dataset
718TN55B-SG,Empty dataset
692JH28-SG,Empty dataset
689TN28-SG,Empty dataset
698OR29-SG,Empty dataset
702TN29A-SG,Empty dataset
704TN30B-SG,Empty dataset
714MP32-SG,Empty dataset
717UK32-SG,Empty dataset
714CG32-SG,Empty dataset
715TN33-SG,Empty dataset
717UP33-SG,Empty dataset
716CG33-SG,Empty dataset
716CG34-SG,Empty dataset
820CANF27-N0,Empty dataset
744RL28-N0,Empty dataset
732RL35-N0,Empty dataset
793NIIF32-N0,Empty dataset
925SCL27A-N1,Empty dataset
980SCL35-N1,Empty dataset
940SCL28-N1,Empty dataset
SCL190325-N1,Empty dataset
SCL19325-N1,Empty dataset
1003SCL32-N1,Empty dataset
1025SCL35-N1,Empty dataset
1050SCL32-N1,Empty dataset
835GFL28-N0,Empty dataset
726NTPC40-N0,Empty dataset
748NABF28-N0,Empty dataset
739SIDBI30-N0,Empty dataset
14RARL30-N0,Empty dataset
758LICH35A-N0,Empty dataset
707AP36-SG,Empty dataset
687GJ28A-SG,Empty dataset
687TN28-SG,Empty dataset
692TN29-SG,Empty dataset
696JH29-SG,Empty dataset
702AS30A-SG,Empty dataset
696KA30-SG,Empty dataset
699TN31-SG,Empty dataset
705MP32-SG,Empty dataset
705UK32-SG,Empty dataset
704KA32-SG,Empty dataset
704RJ32-SG,Empty dataset
704AP33-SG,Empty dataset
702GJ33-SG,Empty dataset
703KA33-SG,Empty dataset
709AP35-SG,Empty dataset
703HR35-SG,Empty dataset
702MP35-SG,Empty dataset
71NL35-SG,Empty dataset
705OR35-SG,Empty dataset
706RJ35-SG,Empty dataset
71SK35-SG,Empty dataset
701TN35-SG,Empty dataset
708AP37-SG,Empty dataset
704HR37-SG,Empty dataset
705RJ37-SG,Empty dataset
708HR39-SG,Empty dataset
709HR40-SG,Empty dataset
71HP40-SG,Empty dataset
708KL40-SG,Empty dataset
712MN40-SG,Empty dataset
71KL43-SG,Empty dataset
71RJ43-SG,Empty dataset
71AS45-SG,Empty dataset
71PN45-SG,Empty dataset
71WB45-SG,Empty dataset
71WB46-SG,Empty dataset
71WB47-SG,Empty dataset
707TS52-SG,Empty dataset
707TS55-SG,Empty dataset
706KL55-SG,Empty dataset
774IREDA35-N0,Empty dataset
717IRFC35-N0,Empty dataset
712EXIM30-N0,Empty dataset
819CIFL27-N0,Empty dataset
910TIAPL26-N0,Empty dataset
805TFSIL28-N0,Empty dataset
681HR39-SG,Empty dataset
683JK42-SG,Empty dataset
687TS47-SG,Empty dataset
687TS55-SG,Empty dataset
771NIIF35-N0,Empty dataset
704NBFID35-N0,Empty dataset
995ISF28A-N0,Empty dataset
875CIFL32-N0,Empty dataset
684TS56-SG,Empty dataset
671TN35-SG,Empty dataset
850TIAPL28-N0,Empty dataset
791ABCL34-N7,Empty dataset
79413ABC28-N8,Empty dataset
797ABCL28-N9,Empty dataset
79ABCL28-NA,Empty dataset
8016ABCL29-NB,Empty dataset
80208ABC30-ND,Empty dataset
8034ABCL34-NE,Empty dataset
803ABCL33-NF,Empty dataset
812ABCL28-NG,Empty dataset
816ABCL29-NH,Empty dataset
81ABCL29-NI,Empty dataset
830ABCL26-NJ,Empty dataset
831ABCL34-NK,Empty dataset
833ABCL27-NL,Empty dataset
ABCRESET27-NM,Empty dataset
852MFL28-N0,Empty dataset
852MFL28A-N0,Empty dataset
703NBFID30-N0,Empty dataset
762TCL30-N0,Empty dataset
727SHFL27-N0,Empty dataset
735SFL27-N0,Empty dataset
759LTFL28-N0,Empty dataset
815ANN30-N0,Empty dataset
815ANN32-N0,Empty dataset
815ANN31-N0,Empty dataset
815ANN29-N0,Empty dataset
18PVL29-N0,Empty dataset
18PVL29A-N0,Empty dataset
78618ABH28-N0,Empty dataset
675AS40-SG,Empty dataset
676MH37-SG,Empty dataset
675MH39-SG,Empty dataset
672MH40-SG,Empty dataset
803ABHFL35-N0,Empty dataset
67RJ35-SG,Empty dataset
674UK35-SG,Empty dataset
677MH37-SG,Empty dataset
675HR38-SG,Empty dataset
677MH38-SG,Empty dataset
678MH39-SG,Empty dataset
675MH40-SG,Empty dataset
675TR40-SG,Empty dataset
677PN43-SG,Empty dataset
665HP32-SG,Empty dataset
667UP32-SG,Empty dataset
679HP34-SG,Empty dataset
678KL46-SG,Empty dataset
678RJ47-SG,Empty dataset
679TS52-SG,Empty dataset
850TIAP28A-N0,Empty dataset
IIFL21425-NY,Empty dataset
IIFL21425A-Y1,Empty dataset
890ALSL27-N0,Empty dataset
865HHFL30-N0,Empty dataset
850HHFL27-N0,Empty dataset
995ISF28-N0,Empty dataset
715NBFID35-N0,Empty dataset
770SHFL27-N0,Empty dataset
9TIAPL28-N0,Empty dataset
765TML27-N0,Empty dataset
765TML28A-N0,Empty dataset
765TML28-N0,Empty dataset
815GHFL35-N0,Empty dataset
678IRFC30-N0,Empty dataset
995CCSP27-N0,Empty dataset
673HPCL30-N0,Empty dataset
707LICH30-N0,Empty dataset
679TN55-SG,Empty dataset
679TS56-SG,Empty dataset
820MFL30-N0,Empty dataset
832HHFL27A-N0,Empty dataset
832HHFL27-N0,Empty dataset
686REC35-N0,Empty dataset
687REC30-N0,Empty dataset
726IRMT45-N0,Empty dataset
702RECL40-N0,Empty dataset
694PGCIL35-N0,Empty dataset
664PFCL30-N0,Empty dataset
661PFCL28-N0,Empty dataset
73064ABH28-N0,Empty dataset
642TN31-SG,Empty dataset
668RJ35-SG,Empty dataset
711WB47-SG,Empty dataset
709TS58-SG,Empty dataset
709TS59-SG,Empty dataset
709TS60-SG,Empty dataset
709TS61-SG,Empty dataset
642JK31-SG,Empty dataset
651UP32-SG,Empty dataset
663AS35-SG,Empty dataset
665GA35-SG,Empty dataset
664GJ36-SG,Empty dataset
665GJ37-SG,Empty dataset
67HR39-SG,Empty dataset
672TR40-SG,Empty dataset
684KL47-SG,Empty dataset
685RJ47-SG,Empty dataset
685RJ51-SG,Empty dataset
753PHFL30-N0,Empty dataset
7123TCHF27-N0,Empty dataset
717TCHFL30-N0,Empty dataset
930PFL27A-N0,Empty dataset
690LICH27-N0,Empty dataset
654TN31-SG,Empty dataset
667AP32-SG,Empty dataset
661GJ32-SG,Empty dataset
668GJ33-SG,Empty dataset
683AP34-SG,Empty dataset
671AP35-SG,Empty dataset
674AP37-SG,Empty dataset
679PN45-SG,Empty dataset
679TS53-SG,Empty dataset
68TS57-SG,Empty dataset
679AP36-SG,Empty dataset
677MP37-SG,Empty dataset
677MP39-SG,Empty dataset
678KL40-SG,Empty dataset
679AS45-SG,Empty dataset
754GIL29-N0,Empty dataset
759GIL30-N0,Empty dataset
7IREDAL30-N0,Empty dataset
731SDIL40-N0,Empty dataset
803ABCL35-N0,Empty dataset
686NHPCL40-N0,Empty dataset
686NHPCL34-N0,Empty dataset
686NHPCL35-N0,Empty dataset
686NHPCL36-N0,Empty dataset
686NHPCL37-N0,Empty dataset
679AP34A-SG,Empty dataset
688ML35-SG,Empty dataset
676JK31-SG,Empty dataset
678AP33-SG,Empty dataset
684HP35-SG,Empty dataset
684AP37-SG,Empty dataset
688AP40-SG,Empty dataset
685AP41-SG,Empty dataset
688PN45-SG,Empty dataset
688PN46-SG,Empty dataset
686NHPCL38-N0,Empty dataset
686NHPCL39-N0,Empty dataset
686NHPCL33-N0,Empty dataset
769TFSIL28-N0,Empty dataset
686NHPCL32-N0,Empty dataset
686NHPCL31-N0,Empty dataset
689NTPC35-N0,Empty dataset
665IRFC30-N0,Empty dataset
AAFS29A-N0,Empty dataset
925PFL30-N0,Empty dataset
915PFL27-N0,Empty dataset
91PFL27-N0,Empty dataset
755TPREL40-N0,Empty dataset
727TCHFL28-N0,Empty dataset
680NHB32-N0,Empty dataset
622AS30-SG,Empty dataset
651GJ33-SG,Empty dataset
660TN35-SG,Empty dataset
740SIHF28-N0,Empty dataset
664HR36-SG,Empty dataset
668HR38-SG,Empty dataset
671MN40-SG,Empty dataset
684JK42-SG,Empty dataset
689PN46-SG,Empty dataset
689RJ48-SG,Empty dataset
689KL51-SG,Empty dataset
72092LTF27-N0,Empty dataset
715SHFL30-N0,Empty dataset
708IIFCL35-N0,Empty dataset
669GJ34-SG,Empty dataset
669GJ35-SG,Empty dataset
671TN35A-SG,Empty dataset
677HR39-SG,Empty dataset
677AS40-SG,Empty dataset
677TN40-SG,Empty dataset
683MN40-SG,Empty dataset
688PN45A-SG,Empty dataset
686TS46-SG,Empty dataset
686TS47-SG,Empty dataset
685TS50-SG,Empty dataset
708TML28-N0,Empty dataset
708TML28A-N0,Empty dataset
AAFS29-N0,Empty dataset
747ABCL29-N0,Empty dataset
738ABCL28-N0,Empty dataset
699SFL27-N0,Empty dataset
738CIFL27-N0,Empty dataset
708JCL28-N0,Empty dataset
760GFL30-N0,Empty dataset
664ML35-SG,Empty dataset
664RJ35-SG,Empty dataset
682AP36-SG,Empty dataset
678AP37-SG,Empty dataset
677KL37-SG,Empty dataset
684AP38-SG,Empty dataset
684AP39-SG,Empty dataset
688MP41-SG,Empty dataset
692MP43-SG,Empty dataset
692TS44-SG,Empty dataset
692TS45-SG,Empty dataset
692HP45-SG,Empty dataset
692TN45-SG,Empty dataset
692WB45-SG,Empty dataset
694TN55-SG,Empty dataset
694KL62-SG,Empty dataset
640TN32-SG,Empty dataset
661AP34-SG,Empty dataset
663GA35-SG,Empty dataset
857CIFL32-N0,Empty dataset
72959ABC28-N0,Empty dataset
74242ABC30-N0,Empty dataset
875SCL27A-N1,Empty dataset
60TN28-SG,Empty dataset
642JK31A-SG,Empty dataset
665AP33-SG,Empty dataset
665AP34-SG,Empty dataset
668AP35B-SG,Empty dataset
666TN35-SG,Empty dataset
705AP39-SG,Empty dataset
703HR39-SG,Empty dataset
708MZ39-SG,Empty dataset
708AP40A-SG,Empty dataset
709PY40-SG,Empty dataset
713PN50-SG,Empty dataset
71TS55-SG,Empty dataset
708TS56-SG,Empty dataset
708TS57-SG,Empty dataset
627PFCL27-N0,Empty dataset
659PFCL30-N0,Empty dataset
778ABSL35-N0,Empty dataset
842SCL27-N3,Empty dataset
SCL1825-N5,Empty dataset
9SCL28-N7,Empty dataset
865SCL28-N9,Empty dataset
SCL010825-NB,Empty dataset
902SCL30-NE,Empty dataset
902SCL2030-NG,Empty dataset
925SCL30A-NH,Empty dataset
960SCL32-NI,Empty dataset
920SCL32-NK,Empty dataset
667NBFID30-N0,Empty dataset
842HFL27-N0,Empty dataset
910HFL35-N0,Empty dataset
930SCL35-NN,Empty dataset
805MFL27-N0,Empty dataset
ABHF26625-N0,Empty dataset
730SICC28-N0,Empty dataset
682TN36-SG,Empty dataset
698MH37-SG,Empty dataset
703MH38-SG,Empty dataset
705HR38-SG,Empty dataset
708MH39-SG,Empty dataset
704HR40-SG,Empty dataset
704MH40-SG,Empty dataset
709RJ43-SG,Empty dataset
708JK46A-SG,Empty dataset
71WB51-SG,Empty dataset
709KL52-SG,Empty dataset
709TN55-SG,Empty dataset
61GJ28-SG,Empty dataset
673RJ35-SG,Empty dataset
674UK35A-SG,Empty dataset
717SHFL30-N0,Empty dataset
730NIIF28-N0,Empty dataset
743NIIF30-N0,Empty dataset
930IIFL35-N0,Empty dataset
706RECL35-N0,Empty dataset
660RECL27-N0,Empty dataset
730SICC28A-N0,Empty dataset
950SCL30-N0,Empty dataset
945SCL29-N0,Empty dataset
688BR35-SG,Empty dataset
714JK40-SG,Empty dataset
778AIFL30-N0,Empty dataset
714MZ40-SG,Empty dataset
712HR41-SG,Empty dataset
714MP41-SG,Empty dataset
715MP43A-SG,Empty dataset
714MH45-SG,Empty dataset
714MH46-SG,Empty dataset
713TS55-SG,Empty dataset
880IIFL26-N0,Empty dataset
820KSFP36-N0,Empty dataset
74342PHF30-N0,Empty dataset
701BR37-SG,Empty dataset
71MN40-SG,Empty dataset
71KL45-SG,Empty dataset
707TN55-SG,Empty dataset
115VCCL27-N0,Empty dataset
760ABCL35-N0,Empty dataset
614TN28-SG,Empty dataset
649OR30-SG,Empty dataset
676AS32-SG,Empty dataset
670GJ33-SG,Empty dataset
680AP35-SG,Empty dataset
686AS35-SG,Empty dataset
680RJ35-SG,Empty dataset
680TN35-SG,Empty dataset
700AP37-SG,Empty dataset
715MH45-SG,Empty dataset
715MH46-SG,Empty dataset
715MH47-SG,Empty dataset
714TS49-SG,Empty dataset
715HP50-SG,Empty dataset
715WB52-SG,Empty dataset
714TS55-SG,Empty dataset
694RJ35-SG,Empty dataset
697UK35-SG,Empty dataset
706RJ38-SG,Empty dataset
706HR39-SG,Empty dataset
715HR40-SG,Empty dataset
750TCSL28-N0,Empty dataset
749RCFL28-N0,Empty dataset
719PN40-SG,Empty dataset
723MP42-SG,Empty dataset
712LTFL28-N0,Empty dataset
728HP47-SG,Empty dataset
716OR50-SG,Empty dataset
717KL51-SG,Empty dataset
715RJ53-SG,Empty dataset
9PFL27-N0,Empty dataset
91PFL30-N0,Empty dataset
745TIL35-N0,Empty dataset
715SHFL28-N0,Empty dataset
719JCL28-N0,Empty dataset
718SFL28-N0,Empty dataset
680GJ34-SG,Empty dataset
690BR35-SG,Empty dataset
689GA35-SG,Empty dataset
682TN35-SG,Empty dataset
719PN49-SG,Empty dataset
681RL36-N0,Empty dataset
652RL28-N0,Empty dataset
709TS63-SG,Empty dataset
698OR37-SG,Empty dataset
707WB37-SG,Empty dataset
718JK45A-SG,Empty dataset
712MH47-SG,Empty dataset
715MH49-SG,Empty dataset
716MH50-SG,Empty dataset
613OR28-SG,Empty dataset
686UP33-SG,Empty dataset
687AP33-SG,Empty dataset
688AP34A-SG,Empty dataset
713MH48-SG,Empty dataset
710TS57-SG,Empty dataset
709TS60A-SG,Empty dataset
712LTFL27-N0,Empty dataset
182D290126-TB,Empty dataset
75GFL30-N0,Empty dataset
75GFL28-N0,Empty dataset
71ABHFL27-N0,Empty dataset
814KSFP36-N0,Empty dataset
768GSGL28-N0,Empty dataset
768GSGL28A-N0,Empty dataset
768GSGL28B-N0,Empty dataset
768GSGL28C-N0,Empty dataset
724MP45-SG,Empty dataset
721TS47-SG,Empty dataset
920SCL28-N0,Empty dataset
758ABHFL35-N0,Empty dataset
712SHFL30-N0,Empty dataset
714SDIL32-N0,Empty dataset
8IHFL27-N0,Empty dataset
658IRFC30-N0,Empty dataset
647IRFC28-N0,Empty dataset
724CANF28-N0,Empty dataset
722MP48-SG,Empty dataset
696AP34-SG,Empty dataset
702AS35-SG,Empty dataset
722BR40A-SG,Empty dataset
726MZ40-SG,Empty dataset
724KL41-SG,Empty dataset
722MP43-SG,Empty dataset
719TS44-SG,Empty dataset
721TS48-SG,Empty dataset
719TS49-SG,Empty dataset
717RJ52-SG,Empty dataset
717MH54-SG,Empty dataset
716MH55-SG,Empty dataset
627TN29-SG,Empty dataset
677AP31-SG,Empty dataset
684JK31A-SG,Empty dataset
696AP33-SG,Empty dataset
700ML35-SG,Empty dataset
799HFL27-N0,Empty dataset
995ISF35-N0,Empty dataset
725SIHF28-N0,Empty dataset
637RECL27-N0,Empty dataset
670RECL29-N0,Empty dataset
723LTFL28-N0,Empty dataset
635LT28-N0,Empty dataset
118VCCL27-N0,Empty dataset
950ISF27B-N0,Empty dataset
712GA36-SG,Empty dataset
735JK40-SG,Empty dataset
743BR55-SG,Empty dataset
733TS60-SG,Empty dataset
640NHPCL27-N0,Empty dataset
AAFS29C-N0,Empty dataset
698PGCIL35-N0,Empty dataset
116VCCL27-N0,Empty dataset
118VCCL27A-N0,Empty dataset
LTFL28-N0,Empty dataset
695OR31-SG,Empty dataset
702GJ33A-SG,Empty dataset
748BR39-SG,Empty dataset
745WB44A-SG,Empty dataset
744TN55-SG,Empty dataset
712UP33-SG,Empty dataset
709TN35A-SG,Empty dataset
717GA35A-SG,Empty dataset
749KL56-SG,Empty dataset
AAFS29B-N0,Empty dataset
666NBRD28-N0,Empty dataset
666SIDBI28-N0,Empty dataset
790TIL28-N0,Empty dataset
796TIL29-N0,Empty dataset
803TIL30-N0,Empty dataset
754TS51-SG,Empty dataset
754RJ53-SG,Empty dataset
754TS53-SG,Empty dataset
773AIFL30-N0,Empty dataset
76377AIF29-N0,Empty dataset
850TIAP28B-N0,Empty dataset
813AIFL32-N0,Empty dataset
975ISF35-N0,Empty dataset
754TS55-SG,Empty dataset
684TN29-SG,Empty dataset
70TN31A-SG,Empty dataset
713AS31-SG,Empty dataset
725OR33-SG,Empty dataset
752KL33-SG,Empty dataset
725GJ34-SG,Empty dataset
727HP35-SG,Empty dataset
749RJ35-SG,Empty dataset
74GA37-SG,Empty dataset
752HR39-SG,Empty dataset
756HP40-SG,Empty dataset
782JK42-SG,Empty dataset
757RJ43-SG,Empty dataset
757MP43-SG,Empty dataset
757MP45-SG,Empty dataset
777WB46-SG,Empty dataset
775WB47-SG,Empty dataset
758KL50-SG,Empty dataset
738TFSIL28-N0,Empty dataset
880MOF27-N0,Empty dataset
705SFL27-N0,Empty dataset
674MH29-SG,Empty dataset
702BR30A-SG,Empty dataset
718MH33-SG,Empty dataset
724MH34-SG,Empty dataset
745BR34-SG,Empty dataset
752BR36-SG,Empty dataset
748GA36-SG,Empty dataset
747HR40-SG,Empty dataset
751HR41-SG,Empty dataset
AAFS30-N0,Empty dataset
717SIHF28-N0,Empty dataset
773AIFL26-N0,Empty dataset
773AIFL28-N0,Empty dataset
770AIFL29-N0,Empty dataset
770AIFL26-N0,Empty dataset
748MP42-SG,Empty dataset
75MP44-SG,Empty dataset
751JK45-SG,Empty dataset
774TS55-SG,Empty dataset
773RJ55-SG,Empty dataset
772TS57-SG,Empty dataset
774KL60-SG,Empty dataset
772TS63-SG,Empty dataset
627TN27-SG,Empty dataset
701GJ31A-SG,Empty dataset
724BR31-SG,Empty dataset
773PN32-SG,Empty dataset
754BR33-SG,Empty dataset
748AP33-SG,Empty dataset
748AP34-SG,Empty dataset
731TN34-SG,Empty dataset
763AS35-SG,Empty dataset
769ML35-SG,Empty dataset
762AP36-SG,Empty dataset
772MN37-SG,Empty dataset
763AP37-SG,Empty dataset
778KL45-SG,Empty dataset
774TS51-SG,Empty dataset
745SICCL30-N0,Empty dataset
765TPREL40-N0,Empty dataset
ABCL020925-N0,Empty dataset
1075WCAP28-N0,Empty dataset
76RCFL29-N0,Empty dataset
685NBRD29-N0,Empty dataset
673PFCL27-N0,Empty dataset
707GJ32A-SG,Empty dataset
726TN35-SG,Empty dataset
732RJ35-SG,Empty dataset
727MH36-SG,Empty dataset
742WB36-SG,Empty dataset
743MP43-SG,Empty dataset
745BR45-SG,Empty dataset
744MP46-SG,Empty dataset
744TS47-SG,Empty dataset
744TS48-SG,Empty dataset
744TS49-SG,Empty dataset
744KL50-SG,Empty dataset
745BR50-SG,Empty dataset
744TS51A-SG,Empty dataset
ABCRESET28-N0,Empty dataset
752ABCL30-N0,Empty dataset
734NRL35-N0,Empty dataset
795AMLIL35-N0,Empty dataset
12AFIL27A-N0,Empty dataset
965ISF28-N0,Empty dataset
677TCL28-N0,Empty dataset
7425NIIF30-N0,Empty dataset
755TCSL28-N0,Empty dataset
789GIL30-N0,Empty dataset
789GIL31-N0,Empty dataset
677OR29-SG,Empty dataset
714NL30-SG,Empty dataset
705TN31-SG,Empty dataset
709PY31-SG,Empty dataset
787LDL29-N0,Empty dataset
715TN32-SG,Empty dataset
719TN33-SG,Empty dataset
733JH34-SG,Empty dataset
739GA35-SG,Empty dataset
741SK35-SG,Empty dataset
748MZ36-SG,Empty dataset
748PY36-SG,Empty dataset
743HR39-SG,Empty dataset
743OR40-SG,Empty dataset
747JK40-SG,Empty dataset
744JH41-SG,Empty dataset
745HR42-SG,Empty dataset
747WB44-SG,Empty dataset
747AS45-SG,Empty dataset
747WB46-SG,Empty dataset
746TS53-SG,Empty dataset
1075WCA28-N0,Empty dataset
950ISF35-N0,Empty dataset
70826LTF28-N0,Empty dataset
960SCL35-N0,Empty dataset
744TS58-SG,Empty dataset
73UK32-SG,Empty dataset
737GA36-SG,Empty dataset
757PN37-SG,Empty dataset
746RJ38-SG,Empty dataset
743HR39A-SG,Empty dataset
749KL40-SG,Empty dataset
744HR41-SG,Empty dataset
756RJ41-SG,Empty dataset
758BR43-SG,Empty dataset
756WB45-SG,Empty dataset
75AP45-SG,Empty dataset
748MP45-SG,Empty dataset
75AP46-SG,Empty dataset
751MP48-SG,Empty dataset
757BR49-SG,Empty dataset
746RJ51-SG,Empty dataset
753TS52-SG,Empty dataset
752TS54-SG,Empty dataset
744TN55A-SG,Empty dataset
744TS56-SG,Empty dataset
885TIAPL29-N0,Empty dataset
724TFSIL27-N0,Empty dataset
706GJ33-SG,Empty dataset
714AP33-SG,Empty dataset
727AP36-SG,Empty dataset
739JK37A-SG,Empty dataset
726MH41-SG,Empty dataset
731MZ41-SG,Empty dataset
726MH42-SG,Empty dataset
116VCCL27A-N0,Empty dataset
118VCCL27B-N0,Empty dataset
91D080126-TB,Empty dataset
182D090426-TB,Empty dataset
364D081026-TB,Empty dataset
1215DHPL27-N0,Empty dataset
880PFL28-N0,Empty dataset
761ABCL35-N0,Empty dataset
850KGEL30-N0,Empty dataset
12DCCL27-N0,Empty dataset
77NVCL28-N0,Empty dataset
743PHFL28-N0,Empty dataset
799GSGL28-N0,Empty dataset
799GSGL29-N0,Empty dataset
714SECIL35-N0,Empty dataset