Symbol,Name,Price,Token
0MOFSL26-N1,"0MOFSL26-N1",1123.9,6067201
0MOFSL27-N3,"0MOFSL27-N3",1107,6068225
0RL34-N0,"0RL34-N0",86200,6580737
0SCL26-YR,"0SCL26-YR",1123.8,5961985
0SCL27-YW,"0SCL27-YW",1103,5964545
1003IIFL29-NC,"1003IIFL29-NC",980,6180097
1003ISFL28-N4,"1003ISFL28-N4",1011.99,5319425
1003SCFL31-Z4,"1003SCFL31-Z4",995,5968641
1003SCL30A-NV,"1003SCL30A-NV",860,5149697
1003SCL31-ZQ,"1003SCL31-ZQ",900.3,6135553
1003SCL31A-N1,"1003SCL31A-N1",900.7,6544897
1003SCL31P-N1,"1003SCL31P-N1",944.02,7405825
1003SFIL28-NX,"1003SFIL28-NX",730,3903745
1015ECL29-NR,"1015ECL29-NR",1006,2041601
1015SCFL29-YY,"1015SCFL29-YY",1045,5965569
1015SCL28-NR,"1015SCL28-NR",935,5146113
1015SCL28A-AL,"1015SCL28A-AL",699.6,3765761
1015SCL28B-AZ,"1015SCL28B-AZ",1252.8,4490753
1015SCL29-ZL,"1015SCL29-ZL",1005,6131713
1015SCL29B-N1,"1015SCL29B-N1",1025.26,6542849
1015SCL29T-N1,"1015SCL29T-N1",940.3,7404801
1015SCL30-N1,"1015SCL30-N1",1010,7740417
1015UCL26-N1,"1015UCL26-N1",1015,6633473
1015UCL27-NF,"1015UCL27-NF",1000,193536001
1018GS2026-GS,"GOI LOAN 10.18% 2026",105,1749249
1020CCSP27-N0,"1020CCSP27-N0",104804.92,6946305
1025IIFL30-Y3,"1025IIFL30-Y3",1020,193575425
1025PATE28-N0,"1025PATE28-N0",99700,194235393
1025SCL34-Z8,"1025SCL34-Z8",1014.99,5970689
1025SCL34A-ZT,"1025SCL34A-ZT",951,6137345
1025SCL34B-N1,"1025SCL34B-N1",1000,6547201
1025SCL34Z-N1,"1025SCL34Z-N1",921,7406849
1025SCL35A-N1,"1025SCL35A-N1",900.3,7732225
1025SFIL26-NT,"1025SFIL26-NT",439.9,3899137
1025UCL26A-N1,"1025UCL26A-N1",990,6633985
1025UCL27A-NG,"1025UCL27A-NG",972.91,193536513
1025VCCL28-N0,"1025VCCL28-N0",97000,193897729
102CCSP27A-N0,"102CCSP27A-N0",1036.4,7415553
1030SFIL26-NJ,"1030SFIL26-NJ",1270,3591169
1030SFIL28-NM,"1030SFIL28-NM",601.25,3592705
1035UCL26-NA,"1035UCL26-NA",680,5846785
1039UCL26-NE,"1039UCL26-NE",1018.23,193535489
1040NFL26-NA,"1040NFL26-NA",990,5918465
1040UCL27B-N1,"1040UCL27B-N1",990,6634497
1050IIFL29-ND,"1050IIFL29-ND",1000,6180609
1050ISFL28-N5,"1050ISFL28-N5",1041.85,5320705
1050NFL26-N7,"1050NFL26-N7",1000,4441345
1050SCFL31-Z2,"1050SCFL31-Z2",939,5967617
1050SCL30-NU,"1050SCL30-NU",899.8,5148417
1050SCL31-ZP,"1050SCL31-ZP",900,6134785
1050SCL31A-N1,"1050SCL31A-N1",1033.67,6544385
1050UCL28-NH,"1050UCL28-NH",990.17,193537025
105IIFL29-N7,"105IIFL29-N7",1246,4876033
105UCL2026-NB,"105UCL2026-NB",1024.99,5847297
1060ECL29-NS,"1060ECL29-NS",1074,2044417
1065NFL27-NC,"1065NFL27-NC",990,5919489
1075SCFL34-Z6,"1075SCFL34-Z6",1010,5969665
1075SCL33-YK,"1075SCL33-YK",1042.26,5386753
1075SCL33A-N2,"1075SCL33A-N2",900,4838913
1075SCL34-ZR,"1075SCL34-ZR",961.54,6136321
1075SCL34C-N1,"1075SCL34C-N1",1040,6545921
1075SCL34T-N1,"1075SCL34T-N1",1030,7406337
1075SCL35-N1,"1075SCL35-N1",1007.11,7739393
1090NFL26-NB,"1090NFL26-NB",1048.2,5918977
10CAGL27-N5,"10CAGL27-N5",1015,3191041
10IFSL26-N7,"10IFSL26-N7",1022.8,3596545
10IIFL28-N4,"10IIFL28-N4",990.97,1334273
10IIFL28A-NE,"10IIFL28A-NE",1022.5,734977
10IIFL29-N6,"10IIFL29-N6",1004.99,4875521
10IIFLSF27-NB,"10IIFLSF27-NB",1001,6179585
10ISFL26-N3,"10ISFL26-N3",1050.2,5317377
10NIDO26-N6,"10NIDO26-N6",1012,4573697
10SCL30A-BV,"10SCL30A-BV",884,4830209
10UCL26-ND,"10UCL26-ND",992.05,193534977
1102NFL26-N8,"1102NFL26-N8",1014.9,4442113
1119NFL27-ND,"1119NFL27-ND",1033.45,5920001
111ESFB31-N0,"111ESFB31-N0",97665.33,194020353
113ESFB31-N0,"113ESFB31-N0",100787.36,194379777
116VCCL26A-N0,"116VCCL26A-N0",100100,194135041
1180VCCL26-N0,"1180VCCL26-N0",98903.01,6608385
1190VCCL26-N0,"1190VCCL26-N0",70000,6201089
119VCCL26-N0,"119VCCL26-N0",98900,6355969
11UCL26-NC,"11UCL26-NC",1067.8,5847809
12AFIL27-N0,"12AFIL27-N0",9551,194418177
12VCCL27-N0,"12VCCL27-N0",96930,6518785
12VCCL27A-N0,"12VCCL27A-N0",98500,6607873
12VCCL27B-N0,"12VCCL27B-N0",102000,7615745
12VCCL27D-N0,"12VCCL27D-N0",95000,194134529
12VCCL29-N0,"12VCCL29-N0",90000,6519297
12VCCL29A-N0,"12VCCL29A-N0",99300,7494145
12VCCL29B-N0,"12VCCL29B-N0",99000,193770497
12VCCL29C-N0,"12VCCL29C-N0",98600,193976577
182D010126-TB,"GOI TBILL 182D-01/01/26",98.2,193982977
182D030426-TB,"GOI TBILL 182D-03/04/26",96.57,194391041
182D041225-TB,"GOI TBILL 182D-04/12/25",98.8,193894913
182D050226-TB,"GOI TBILL 182D-05/02/26",97.65,194100737
182D050326-TB,"GOI TBILL 182D-05/03/26",97.7,194288385
182D061125-TB,"GOI TBILL 182D-06/11/25",99.12,193758465
182D080126-TB,"GOI TBILL 182D-08/01/26",98.18,193964033
182D111225-TB,"GOI TBILL 182D-11/12/25",98.86,193906433
182D120226-TB,"GOI TBILL 182D-12/02/26",97.5,194153729
182D120326-TB,"GOI TBILL 182D-12/03/26",97.13,194275073
182D131125-TB,"GOI TBILL 182D-13/11/25",99.31,193822977
182D150126-TB,"GOI TBILL 182D-15/01/26",97.2,194024449
182D161025-TB,"GOI TBILL 182D-16/10/25",99.25,193517569
182D181225-TB,"GOI TBILL 182D-18/12/25",98.44,193740801
182D190226-TB,"GOI TBILL 182D-19/02/26",97.45,194198529
182D190326-TB,"GOI TBILL 182D-19/03/26",97.48,194354689
182D201125-TB,"GOI TBILL 182D-20/11/25",99,193745665
182D220126-TB,"GOI TBILL 182D-22/01/26",98.34,193975553
182D231025-TB,"GOI TBILL 182D-23/10/25",99.62,193553153
182D251225-TB,"GOI TBILL 182D-25/12/25",98.53,193936129
182D260326-TB,"GOI TBILL 182D-26/03/26",96.93,194315777
182D270226-TB,"GOI TBILL 182D-27/02/26",97.5,194234881
182D271125-TB,"GOI TBILL 182D-27/11/25",98.84,193803009
182D311025-TB,"GOI TBILL 182D-31/10/25",99,193718273
20MICRONS,"20 MICRONS",209.6,4331777
21STCENMGM,"21ST CENTURY MGMT SERVICE",47.79,1025
360ONE,"360 ONE WAM",1081.7,3343617
364D010126-TB,"GOI TBILL 364D-01/01/26",98.35,7421697
364D010526-TB,"GOI TBILL 364D-01/05/26",96.5,193718529
364D020426-TB,"GOI TBILL 364D-02/04/26",96,193574145
364D020726-TB,"GOI TBILL 364D-02/07/26",95.55,193983233
364D021026-TB,"GOI TBILL 364D-02/10/26",93,194391297
364D030926-TB,"GOI TBILL 364D-03/09/26",95,194288641
364D040626-TB,"GOI TBILL 364D-04/06/26",95.7,193895169
364D041225-TB,"GOI TBILL 364D-04/12/25",98.78,6996737
364D050226-TB,"GOI TBILL 364D-05/02/26",97.74,7547137
364D050326-TB,"GOI TBILL 364D-05/03/26",97.42,7676929
364D060826-TB,"GOI TBILL 364D-06/08/26",94.64,194100993
364D061125-TB,"GOI TBILL 364D-06/11/25",98.81,6915841
364D070526-TB,"GOI TBILL 364D-07/05/26",97,193758721
364D080126-TB,"GOI TBILL 364D-08/01/26",98.17,7435777
364D090726-TB,"GOI TBILL 364D-09/07/26",95.52,193964289
364D100426-TB,"GOI TBILL 364D-10/04/26",97.18,193500161
364D100926-TB,"GOI TBILL 364D-10/09/26",94.75,194275329
364D110626-TB,"GOI TBILL 364D-11/06/26",95.55,193906689
364D111225-TB,"GOI TBILL 364D-11/12/25",98.81,7092225
364D120226-TB,"GOI TBILL 364D-12/02/26",97.83,7572993
364D120326-TB,"GOI TBILL 364D-12/03/26",97.15,7706625
364D130826-TB,"GOI TBILL 364D-13/08/26",94.5,194153985
364D131125-TB,"GOI TBILL 364D-13/11/25",99,6942721
364D140526-TB,"GOI TBILL 364D-14/05/26",96.25,193823233
364D150126-TB,"GOI TBILL 364D-15/01/26",98.29,7458817
364D160426-TB,"GOI TBILL 364D-16/04/26",95.08,193517825
364D160726-TB,"GOI TBILL 364D-16/07/26",95.4,194024705
364D161025-TB,"GOI TBILL 364D-16/10/25",99.5,6610945
364D170926-TB,"GOI TBILL 364D-17/09/26",94.07,194354945
364D180626-TB,"GOI TBILL 364D-18/06/26",95.65,193741057
364D181225-TB,"GOI TBILL 364D-18/12/25",98.52,7247617
364D190326-TB,"GOI TBILL 364D-19/03/26",96.61,7728129
364D200226-TB,"GOI TBILL 364D-20/02/26",96.83,7600897
364D200826-TB,"GOI TBILL 364D-20/08/26",94.29,194198785
364D210526-TB,"GOI TBILL 364D-21/05/26",96.02,193745921
364D211125-TB,"GOI TBILL 364D-21/11/25",98.54,6952193
364D220126-TB,"GOI TBILL 364D-22/01/26",97.9,7478529
364D230726-TB,"GOI TBILL 364D-23/07/26",95.44,193975809
364D231025-TB,"GOI TBILL 364D-23/10/25",99.69,6627585
364D240426-TB,"GOI TBILL 364D-24/04/26",98,193553409
364D240926-TB,"GOI TBILL 364D-24/09/26",94.99,194316033
364D250626-TB,"GOI TBILL 364D-25/06/26",95.86,193936385
364D260326-TB,"GOI TBILL 364D-26/03/26",97.06,7785217
364D261225-TB,"GOI TBILL 364D-26/12/25",97.24,7375873
364D270226-TB,"GOI TBILL 364D-27/02/26",97,7657217
364D271125-TB,"GOI TBILL 364D-27/11/25",97.22,6965761
364D280526-TB,"GOI TBILL 364D-28/05/26",96.27,193803265
364D280826-TB,"GOI TBILL 364D-28/08/26",94.7,194235137
364D290126-TB,"GOI TBILL 364D-29/01/26",97.26,7501825
364D300726-TB,"GOI TBILL 364D-30/07/26",95.3,194042113
364D301025-TB,"GOI TBILL 364D-30/10/25",99.2,6648833
3IINFO-RE-BE,"3I INFOTECH",1.34,194587393
3IINFOLTD,"3I INFOTECH",19.05,1595393
3MINDIA,"3M INDIA",29275,121345
3PLAND,"3P LAND HOLDINGS",44.46,664321
515GS2025-GS,"GOI LOAN  5.15% 2025",100.75,269825
563GS2026-GS,"GOI LOAN  5.63% 2026",103,819713
574GS2026-GS,"GOI LOAN  5.74% 2026",101.3,1713921
577GS2030-GS,"GOI LOAN 5.77% 2030",97.85,5706753
579GS2030-GS,"GOI LOAN 5.79% 2030",98.95,4827393
585GS2030-GS,"GOI LOAN  5.85% 2030",99.25,343297
591GS2028-GS,"GOI LOAN  5.91% 2028",101.39,193984769
5PAISA,"5PAISA CAPITAL",345,113921
601GS2028-GS,"GOI LOAN 6.01% 2028",103.95,1757697
601GS2030-GS,"GOI LOAN  6.01% 2030",99.5,194043649
601RJ26-SG,"SDL RJ 6.01% 2026",97.51,1534465
610GS2031-GS,"GOI LOAN  6.10% 2031",98,1283073
613GS2028-GS,"GOI LOAN 6.13% 2028",102.15,1758209
613RJ26-SG,"SDL RJ 6.13% 2026",100,900097
619GS2034-GS,"GOI LOAN 6.19% 2034",99,4857089
622GS2035-GS,"GOI LOAN  6.22% 2035",98.24,243969
628GS2032-GS,"GOI LOAN  6.28% 2032",99.77,194046465
633AS26-SG,"SDL AS 6.33% 2026",90.03,1275393
633GS2035-GS,"GOI LOAN  6.33% 2035",101.17,193763841
63MOONS,"63 MOONS TECHNOLOGIES",849.8,3038209
645GS2029-GS,"GOI LOAN 6.45% 2029",92.01,3448833
647MH28-SG,"SDL MH 6.47% 2028",97.95,197889
648GS2035-GS,"GOI LOAN  6.48% 2035",99.5,194405377
653KA30-SG,"SDL KA 6.53% 2030",96.75,349441
653TN31-SG,"SDL TN 6.53% 2031",100.54,470785
654GS2032-GS,"GOI LOAN  6.54% 2032",102,2007809
654KA30-SG,"SDL KA 6.54% 2030",95,371969
657GS2033-GS,"GOI LOAN 6.57% 2033",98.9,1841665
662GS2051-GS,"GOI LOAN 6.62% 2051",98,1841409
662PY28-SG,"SDL PY 6.62% 2028",30.95,1765121
663TN35-SG,"SDL TN 6.63% 2035",91,422913
664GS2027-GS,"GOI LOAN   6.64% 2027",102.4,7015681
664GS2035-GS,"GOI LOAN  6.64% 2035",99.81,820225
666TN30-SG,"SDL TN 6.66% 2030",102.82,5737729
667GS2035-GS,"GOI LOAN  6.67% 2035",102.8,1427713
667GS2050-GS,"GOI LOAN  6.67% 2050",96.05,244737
668GS2031-GS,"GOI LOAN 6.68% 2031",97.7,1844481
668GS2040-GS,"GOI LOAN  6.68% 2040",98,194008833
669KA37-SG,"SDL KA 6.69% 2037",95,353025
672MH38-SG,"SDL MH 6.72% 2038",95,193552129
675BR27-SG,"SDL BR 6.75% 2027",85.75,1274881
675GJ31-SG,"SDL GJ 6.75% 2031",100,1171201
675GS2029-GS,"GOI LOAN   6.75% 2029",111.3,7303681
675KA33A-SG,"SDL KA 6.75% 2033",101.1,158209
676GS2061-GS,"GOI LOAN  6.76% 2061",95.1,593153
678MH31-SG,"SDL MH 6.78% 2031",98.4,936705
679GS2027-GS,"GOI LOAN 6.79% 2027",105,1843713
679GS2029-GS,"GOI LOAN 6.79% 2029",103.65,1841921
679GS2031-GS,"GOI LOAN   6.79% 2031",104.2,7396865
679GS2034-GS,"GOI LOAN  6.79% 2034",102,6588417
679GS2034A-GS,"GOI LOAN   6.79% 2034",98,6981889
683MH32B-SG,"SDL MH 6.83% 2032",96.59,1172481
683TN31A-SG,"SDL TN 6.83% 2031",95.24,1831937
686RJ52-SG,"SDL RJ 6.86% 2052",95,193802497
687AS31A-SG,"SDL AS 6.87% 2031",95,1802497
689GA31-SG,"SDL GA 6.89% 2031",94.25,1216001
689KL51-SG,"SDL KL 6.89% 2051",100,193802241
689MH31-SG,"SDL MH 6.89% 2031",93.85,1249537
68GS2060-GS,"GOI LOAN  6.8% 2060",96.97,5744129
690GS2065-GS,"GOI LOAN  6.90% 2065",100.45,193539585
691GJ30-SG,"SDL GJ 6.91% 2030",81.47,1277697
691WB31-SG,"SDL WB 6.91% 2031",107.9,1765633
692GS2039-GS,"GOI LOAN   6.92% 2039",103.5,6944513
692JH28-SG,"SDL JH 6.92% 2028",9,7724545
694AS31-SG,"SDL AS 6.94% 2031",10,1678337
694MH31-SG,"SDL MH 6.94% 2031",88.2,1278209
695GS2061-GS,"GOI LOAN  6.95% 2061",99,1745153
695MH31-SG,"SDL MH 6.95% 2031",95,1288961
695PN31-SG,"SDL PN 6.95% 2031",83,1251073
695RJ31-SG,"SDL RJ 6.95% 2031",100.95,547073
695TN31-SG,"SDL TN 6.95% 2031",96.7,578561
695TN31A-SG,"SDL TN 6.95% 2031",96.59,1278465
696KA31-SG,"SDL KA 6.96% 2031",100,1560321
696TN56-SG,"SDL TN 6.96% 2056",91.6,916481
697GR2034-GS,"GOI LOAN   6.97% 2034",98,6324481
697GS2026-GS,"GOI LOAN 6.97% 2026",103.69,1832449
697RJ31-SG,"SDL RJ 6.97% 2031",95,1279233
697UP31A-SG,"SDL UP 6.97% 2031",11.5,1561345
698GR2054-GS,"GOI LOAN   6.98% 2054",95.08,7121665
698HR31-SG,"SDL HR 6.98% 2031",95.55,1338625
698MH28-SG,"SDL MH 6.98% 2028",100.78,5616385
699GA31-SG,"SDL GA 6.99% 2031",81.47,1279489
699GS2026-GS,"GOI LOAN  6.99% 2026",103.51,3851777
699GS2051-GS,"GOI LOAN  6.99% 2051",99.28,1714177
699PY29-SG,"SDL PY 6.99% 2029",90.25,2120705
699TN41-SG,"SDL TN 6.99% 2041",104.95,933121
702GS2027-GS,"GOI LOAN  7.02% 2027",103.5,6106625
702GS2031-GS,"GOI LOAN  7.02% 2031",104.01,6162433
703RJ36-SG,"SDL RJ 7.03% 2036",97.86,575489
703TN30-SG,"SDL TN 7.03% 2030",95,2130177
704GJ30-SG,"SDL GJ 7.04% 2030",101,5211905
704GS2029-GS,"GOI LOAN  7.04% 2029",104.4,6123265
704IRFC26-NL,"704IRFC26-NL",1100,3868161
704IRFC28-N6,"704IRFC28-N6",1036.99,7579393
704NHAI26-NB,"704NHAI26-NB",2032,3711233
704REC28-N4,"704REC28-N4",1078.2,7581185
706GS2028-GS,"GOI LOAN  7.06% 2028",103,3832321
706GS2046-GS,"GOI LOAN 7.06% 2046",100.01,1839105
706WB36-SG,"SDL WB 7.06% 2036",98.16,1224193
707IRFC25-NF,"707IRFC25-NF",1075,3000833
707TN38-SG,"SDL TN 7.07% 2038",99.45,1873409
708RJ30-SG,"SDL RJ 7.08% 2030",101,5640961
709GS2054-GS,"GOI LOAN  7.09% 2054",100.98,6386945
709GS2074-GS,"GOI LOAN   7.09% 2074",101,6955521
709TN35-SG,"SDL TN 7.09% 2035",99,7571201
70TN29-SG,"SDL TN 7.0% 2029",8.8,7705345
710GS2029-GS,"GOI LOAN 7.10% 2029",106.4,2316033
710TS44-SG,"SDL TS 7.10% 2044",23.9,6994945
711GJ31-SG,"SDL GJ 7.11% 2031",101.47,696577
711KA33-SG,"SDL KA 7.11% 2033",9.46,7570689
711WB44-SG,"SDL WB 7.11% 2044",100,193974529
712MZ34-SG,"SDL MZ 7.12% 2034",94,1280769
713HR36-SG,"SDL HR 7.13% 2036",90.25,6491905
713KL58-SG,"SDL KL 7.13% 2058",100,193982465
713MH37-SG,"SDL MH 7.13% 2037",93.55,6492161
713TN47-SG,"SDL TN 7.13% 2047",96,2098689
713WB42-SG,"SDL WB 7.13% 2042",550,7497217
714AP37-SG,"SDL AP 7.14% 2037",92.6,1339905
714NHAI26-N7,"714NHAI26-N7",1025.01,3058945
715IRFC34-N0,"715IRFC34-N0",2041.98,7397121
715UK30-SG,"SDL UK 7.15% 2030",100,7379969
716GS2050-GS,"GOI LOAN 7.16% 2050",101,4751617
716MZ35-SG,"SDL MZ 7.16% 2035",8.8,7570945
717GS2028-GS,"GOI LOAN 7.17% 2028",103.01,1845249
717GS2030-GS,"GOI LOAN  7.17% 2030",106.02,3852801
718GJ28-SG,"SDL GJ 7.18% 2028",99.03,4262657
718GS2033-GS,"GOI LOAN  7.18% 2033",104.01,4614401
718GS2037-GS,"GOI LOAN  7.18% 2037",104.61,4453889
718MH30-SG,"SDL MH 7.18% 2030",97.07,2287105
718TN55A-SG,"SDL TN 7.18% 2055",8,7572225
719GS2060-GS,"GOI LOAN 7.19% 2060",98,4729345
719HUDCO28-N7,"719HUDCO28-N7",1081.99,7590401
719KL51-SG,"SDL KL 7.19% 2051",99,1402625
719PN37-SG,"SDL PN 7.19% 2037",93.1,1974785
719TN42-SG,"SDL TN 7.19% 2042",102.72,2134273
71GS2034-GS,"GOI LOAN  7.1% 2034",103,6006529
71JK33A-SG,"SDL JK 7.1% 2033",95,1367553
71MH36-SG,"SDL MH 7.1% 2036",99.12,1339393
71WB50-SG,"SDL WB 7.1% 2050",95,193934081
723GJ27-SG,"SDL GJ 7.23% 2027",99.7,6168577
723GS2039-GS,"GOI LOAN  7.23% 2039",106,6020609
724GR2033-GS,"GOI LOAN 7.24% 2033",100,5234689
724GS2055-GS,"GOI LOAN  7.24% 2055",102,194220545
724KA38-SG,"SDL KA 7.24% 2038",99.75,689409
724UP32-SG,"SDL UP 7.24% 2032",95,2011137
725AP37-SG,"SDL AP 7.25% 2037",95,6424321
725GA35-SG,"SDL GA 7.25% 2035",95,6422785
725GJ26-SG,"SDL GJ 7.25% 2026",100.2,5786369
725GR2028-GS,"GOI LOAN   7.25% 2028",100,5158657
725GS2063-GS,"GOI LOAN  7.25% 2063",103.41,4283649
725HR32-SG,"SDL HR 7.25% 2032",96.51,2138881
725IOCL30-N0,"725IOCL30-N0",1985,7432961
725IRFC35-NH,"725IRFC35-NH",1198.1,3007489
726GS2029-GS,"GOI LOAN 7.26% 2029",103.75,2054913
726GS2032-GS,"GOI LOAN  7.26% 2032",105,2744833
726GS2033-GS,"GOI LOAN  7.26% 2033",104.4,3597057
727GS2026-GS,"GOI LOAN 7.27% 2026",105,2441473
727MH30-SG,"SDL MH 7.27% 2030",99,5617153
728IRFC30-NG,"728IRFC30-NG",1080,3002881
728JK30-SG,"SDL JK 7.28% 2030",101,5541377
728NTPC30B-N9,"728NTPC30B-N9",1100,2749697
729GJ32-SG,"SDL GJ 7.29% 2032",98.5,2222849
729IRFC26-NN,"729IRFC26-NN",1028.79,3874305
729KA36-SG,"SDL KA 7.29% 2036",102,656897
729NHAI26-NC,"729NHAI26-NC",1017,3711745
729PY26-SG,"SDL PY 7.29% 2026",99.89,5910529
732GS2030-GS,"GOI LOAN  7.32% 2030",107.5,5154817
732IRFC25-NI,"732IRFC25-NI",1074,3008257
733AP33-SG,"SDL AP 7.33% 2033",100.93,4261633
733GS2026-GS,"GOI LOAN  7.33% 2026",103.76,5039361
733HR36-SG,"SDL HR 7.33% 2036",99,6190849
733MH31-SG,"SDL MH 7.33% 2031",101.81,4153345
733TN33-SG,"SDL TN 7.33% 2033",99.4,4031745
733TN52-SG,"SDL TN 7.33% 2052",99.75,2049793
734GS2064-GS,"GOI LOAN  7.34% 2064",105,6030849
734IRFC28-N4,"734IRFC28-N4",1042,7506689
734RJ33A-SG,"SDL RJ 7.34% 2033",97.6,4261377
734TN43-SG,"SDL TN 7.34% 2043",90,4336385
735GJ26-SG,"SDL GJ 7.35% 2026",100,3746305
735IRFC31-NM,"735IRFC31-NM",1152.5,3868673
735NABAR31-N1,"735NABAR31-N1",1135,5128193
735NHAI31-N9,"735NHAI31-N9",1118.1,3060225
735PFCL35-N1,"735PFCL35-N1",1170,5112833
735TN43-SG,"SDL TN 7.35% 2043",101,4304385
736GS2052-GS,"GOI LOAN  7.36% 2052",103,2798337
736MH28-SG,"SDL MH 7.36% 2028",100.5,3842305
736PFCL28-N2,"736PFCL28-N2",1087.65,5113345
737GR2054-GS,"GOI LOAN   7.37% 2054",98,5564161
737GS2028-GS,"GOI LOAN  7.37% 2028",106.25,5008897
737KA38A-SG,"SDL KA 7.37% 2038",97.51,5911553
737NTPC35C-NA,"737NTPC35C-NA",1452,2750465
738CG32-SG,"SDL CG 7.38% 2032",96.3,5907969
738GS2027-GS,"GOI LOAN 7.38% 2027",105.02,2537729
738HR34-SG,"SDL HR 7.38% 2034",97,6158337
738REC27TF-N2,"738REC27TF-N2",1097.01,7452417
739CG33-SG,"SDL CG 7.39% 2033",100.45,5908225
739ML26-SG,"SDL ML 7.39% 2026",100.88,3145985
739NHAI26-N8,"739NHAI26-N8",1039.89,3059713
739NHAI31A-ND,"739NHAI31A-ND",1178,3717633
739TN42-SG,"SDL TN 7.39% 2042",101.45,2232065
739UK30-SG,"SDL UK 7.39% 2030",99.75,6157057
73GS2053-GS,"GOI LOAN  7.3% 2053",103.75,4317441
740IIFCL33-N1,"740IIFCL33-N1",1170,5133313
741AP30-SG,"SDL AP 7.41% 2030",100.2,3907073
741GS2036-GS,"GOI LOAN  7.41% 2036",106.4,3377665
742GJ31-SG,"SDL GJ 7.42% 2031",96.57,5787649
742GJ33-SG,"SDL GJ 7.42% 2033",96.32,5810433
742HP38-SG,"SDL HP 7.42% 2038",99.9,4712705
743AP31-SG,"SDL AP 7.43% 2031",100.15,3907585
743AP39-SG,"SDL AP 7.43% 2039",95.6,4348673
743AP41-SG,"SDL AP 7.43% 2041",96.25,4416001
743CG29-SG,"SDL CG 7.43% 2029",97.82,5809665
743GJ31-SG,"SDL GJ 7.43% 2031",100.05,5809409
743MH35-SG,"SDL MH 7.43% 2035",97.14,5856513
743PN48-SG,"SDL PN 7.43% 2048",98.21,4381185
743REC35-NH,"743REC35-NH",1210,5101057
743TN33-SG,"SDL TN 7.43% 2033",95,4711425
743TN53-SG,"SDL TN 7.43% 2053",99.9,4523777
743TS33-SG,"SDL TS 7.43% 2033",98.28,3907841
744AP33-SG,"SDL AP 7.44% 2033",99.19,4710401
744AP36-SG,"SDL AP 7.44% 2036",97.65,4782337
744JK53-SG,"SDL JK 7.44% 2053",98.86,4524033
744TS39A-SG,"SDL TS 7.44% 2039",97.77,4712961
744TS45-SG,"SDL TS 7.44% 2045",92.61,4745729
744TS53-SG,"SDL TS 7.44% 2053",93,6015489
745AP34-SG,"SDL AP 7.45% 2034",97.75,4692993
745AP38-SG,"SDL AP 7.45% 2038",100.13,5811201
746GS2073-GS,"GOI LOAN  7.46% 2073",106.45,5070849
746MH33-SG,"SDL MH 7.46% 2033",99,4743937
746TS30-SG,"SDL TS 7.46% 2030",100,4784641
747AP32-SG,"SDL AP 7.47% 2032",99.75,4570113
747AS28-SG,"SDL AS 7.47% 2028",97.81,4659969
747AS33-SG,"SDL AS 7.47% 2033",98.2,4710657
747HR35-SG,"SDL HR 7.47% 2035",98,4408833
747HR36-SG,"SDL HR 7.47% 2036",101.56,5810945
747KL39-SG,"SDL KL 7.47% 2039",101,4632833
747MH34-SG,"SDL MH 7.47% 2034",90,4743169
747MH36-SG,"SDL MH 7.47% 2036",101.05,5824513
747PN43-SG,"SDL PN 7.47% 2043",97.83,3921665
748KA33-SG,"SDL KA 7.48% 2033",105,5822977
748MH35-SG,"SDL MH 7.48% 2035",96.68,5788929
749GJ28-SG,"SDL GJ 7.49% 2028",99.3,3791873
749HR36-SG,"SDL HR 7.49% 2036",101.86,5789697
749KL45-SG,"SDL KL 7.49% 2045",94.4,4909569
749MH30-SG,"SDL MH 7.49% 2030",101.15,3843841
749MH36-SG,"SDL MH 7.49% 2036",95.45,5789953
74AP43-SG,"SDL AP 7.4% 2043",99.99,4713729
74CG30-SG,"SDL CG 7.4% 2030",98.95,4345345
74GJ26-SG,"SDL GJ 7.4% 2026",101,5357057
74GJ27-SG,"SDL GJ 7.4% 2027",102.15,4784129
74GS2035-GS,"GOI LOAN 7.40% 2035",105.1,1759745
74GS2062-GS,"GOI LOAN  7.4% 2062",102.2,2811137
74TN42-SG,"SDL TN 7.4% 2042",104.5,2199041
750IRFC35-NK,"750IRFC35-NK",1169.95,3009793
751HUDCO28-N5,"751HUDCO28-N5",1094.85,7503873
752AP42-SG,"SDL AP 7.52% 2042",99.95,2298113
752TN33-SG,"SDL TN 7.52% 2033",101.15,4905473
753HR33-SG,"SDL HR 7.53% 2033",90.25,4909825
753IRFC30-NJ,"753IRFC30-NJ",1087.79,3009025
753NTPC30E-NC,"753NTPC30E-NC",1085,2751745
753TS47-SG,"SDL TS 7.53% 2047",86.41,3341057
754AS28-SG,"SDL AS 7.54% 2028",97,2725377
754CG31-SG,"SDL CG 7.54% 2031",99.36,4910081
754GS2036-GS,"GOI LOAN  7.54% 2036",109.21,2453761
754KA41-SG,"SDL KA 7.54% 2041",99,3340801
754RJ33-SG,"SDL RJ 7.54% 2033",100,4912897
754UK33-SG,"SDL UK 7.54% 2033",99.75,4905729
755GJ31-SG,"SDL GJ 7.55% 2031",99.62,5305345
755MP35-SG,"SDL MP 7.55% 2035",95,4906241
755TS30-SG,"SDL TS 7.55% 2030",97.55,3525121
755TS32-SG,"SDL TS 7.55% 2032",99.75,4911361
756JK48-SG,"SDL JK 7.56% 2048",100.35,5178881
756TN53A-SG,"SDL TN 7.56% 2053",97.5,5358849
756TN54-SG,"SDL TN 7.56% 2054",95.8,5516289
757GJ26-SG,"SDL GJ 7.57% 2026",100.4,3037697
757GS2033-GS,"GOI LOAN 7.57% 2033",106.5,2571777
757HR30-SG,"SDL HR 7.57% 2030",98.7,3241985
757JK34-SG,"SDL JK 7.57% 2034",100.05,2840577
757TN33-SG,"SDL TN 7.57% 2033",101.59,3511041
758AS33-SG,"SDL AS 7.58% 2033",98.25,3844097
758GA37A-SG,"SDL GA 7.58% 2037",95,2840833
758GJ26-SG,"SDL GJ 7.58% 2026",102.29,5213953
758GJ32-SG,"SDL GJ 7.58% 2032",100.49,5357313
758HR30-SG,"SDL HR 7.58% 2030",101,3389697
758JH31-SG,"SDL JH 7.58% 2031",98.85,3422209
758JK50-SG,"SDL JK 7.58% 2050",99.65,5096193
759AP33-SG,"SDL AP 7.59% 2033",100,3511553
759GS2026-GS,"GOI LOAN 7.59% 2026",101,1827585
759GS2029-GS,"GOI LOAN 7.59% 2029",103.97,1825281
759HR35-SG,"SDL HR 7.59% 2035",90.25,4906497
759RJ46-SG,"SDL RJ 7.59% 2046",98.05,5095937
759TS37-SG,"SDL TS 7.59% 2037",97.5,3512065
75AP28-SG,"SDL AP 7.5% 2028",99.5,3240961
75GS2034-GS,"GOI LOAN 7.50% 2034",106.65,1759489
75HR30-SG,"SDL HR 7.5% 2030",101.25,3865089
760PFCL35-N3,"760PFCL35-N3",1155,5113857
761GS2030-GS,"GOI LOAN 7.61% 2030",106.65,1828353
761MH29-SG,"SDL MH 7.61% 2029",100.8,2415361
761RJ43-SG,"SDL RJ 7.61% 2043",102.05,3866881
761TS44-SG,"SDL TS 7.61% 2044",99.5,3867137
762BR31-SG,"SDL BR 7.62% 2031",99.25,4910337
762GA32-SG,"SDL GA 7.62% 2032",105.15,3245569
762GA32A-SG,"SDL GA 7.62% 2032",98.25,3423489
762GJ28-SG,"SDL GJ 7.62% 2028",101.63,4986881
762GJ29-SG,"SDL GJ 7.62% 2029",100,2966785
762GS2039-GS,"GOI LOAN 7.62% 2039",106.4,2441729
762KL38-SG,"SDL KL 7.62% 2038",104.8,5309185
762KL44-SG,"SDL KL 7.62% 2044",96.25,5362689
762KL53-SG,"SDL KL 7.62% 2053",99,3487745
762MH30-SG,"SDL MH 7.62% 2030",98.75,2481921
762MH30A-SG,"SDL MH 7.62% 2030",100.9,2886913
762NTPC35F-ND,"762NTPC35F-ND",1160,2752257
762PN38-SG,"SDL PN 7.62% 2038",102.05,3865601
762RJ43-SG,"SDL RJ 7.62% 2043",100,4996609
762TN53-SG,"SDL TN 7.62% 2053",98.7,4988929
762UK33-SG,"SDL UK 7.62% 2033",101,3511297
762UP34-SG,"SDL UP 7.62% 2034",96.45,5308161
763GS2059-GS,"GOI LOAN 7.63% 2059",109,2536193
763KA42-SG,"SDL KA 7.63% 2042",97.8,3253761
763KL43-SG,"SDL KL 7.63% 2043",99.85,3257857
763MH35-SG,"SDL MH 7.63% 2035",103,5760001
763MH36-SG,"SDL MH 7.63% 2036",103.16,5760513
763ML25-SG,"SDL ML 7.63% 2025",100,2988801
763PN39-SG,"SDL PN 7.63% 2039",95.65,3252737
763TS43-SG,"SDL TS 7.63% 2043",100,3154177
763TS44-SG,"SDL TS 7.63% 2044",101.65,3155969
764GA38-SG,"SDL GA 7.64% 2038",100,3486465
764GJ31-SG,"SDL GJ 7.64% 2031",97.78,5443073
764GJ34-SG,"SDL GJ 7.64% 2034",103.15,5504769
764HR31-SG,"SDL HR 7.64% 2031",103.3,3562241
764HUDCO31-N8,"764HUDCO31-N8",1135.25,5101569
764IRFC31-NO,"764IRFC31-NO",1092.01,3883009
764JK50-SG,"SDL JK 7.64% 2050",97.04,5222913
764KA39-SG,"SDL KA 7.64% 2039",101.25,5310465
764NABAR31-N2,"764NABAR31-N2",1129.8,5128705
764RJ49-SG,"SDL RJ 7.64% 2049",99,5213697
764TN29-SG,"SDL TN 7.64% 2029",104.9,2675713
764WB32-SG,"SDL WB 7.64% 2032",102.43,3391489
765AS32-SG,"SDL AS 7.65% 2032",99,2755841
765GJ29-SG,"SDL GJ 7.65% 2029",100.45,2619649
765GJ29A-SG,"SDL GJ 7.65% 2029",100,5214209
765KA34-SG,"SDL KA 7.65% 2034",102.45,3426305
765RJ33-SG,"SDL RJ 7.65% 2033",100,3553537
765TN30-SG,"SDL TN 7.65% 2030",98.23,5096449
765TN33-SG,"SDL TN 7.65% 2033",100,3551745
765TS39-SG,"SDL TS 7.65% 2039",100,5004801
765UP34-SG,"SDL UP 7.65% 2034",104.5,5361409
766GJ30A-SG,"SDL GJ 7.66% 2030",100.59,5242625
766GJ32-SG,"SDL GJ 7.66% 2032",101.78,5443585
766KA42-SG,"SDL KA 7.66% 2042",97.88,3152129
766KL46-SG,"SDL KL 7.66% 2046",99.9,5052673
766KL50-SG,"SDL KL 7.66% 2050",103,3728129
766ML32-SG,"SDL ML 7.66% 2032",98,5179137
767AP38-SG,"SDL AP 7.67% 2038",99.41,4988673
767AP38A-SG,"SDL AP 7.67% 2038",95.4,5506561
767AS32-SG,"SDL AS 7.67% 2032",99.5,3066881
767HP34-SG,"SDL HP 7.67% 2034",100,5506305
767HR35-SG,"SDL HR 7.67% 2035",99.8,5361665
767KA36-SG,"SDL KA 7.67% 2036",101.7,5176833
767MP33-SG,"SDL MP 7.67% 2033",103,3575041
767NL33B-SG,"SDL NL 7.67% 2033",99.75,5182209
767RJ33-SG,"SDL RJ 7.67% 2033",99.85,5361153
767WB37-SG,"SDL WB 7.67% 2037",99.9,3388673
768CG32-SG,"SDL CG 7.68% 2032",104.35,5503745
768GJ30-SG,"SDL GJ 7.68% 2030",95,3623937
768GJ33-SG,"SDL GJ 7.68% 2033",95,3724289
768KA31-SG,"SDL KA 7.68% 2031",100.5,3066369
768KA37-SG,"SDL KA 7.68% 2037",100,5361921
768TN30A-SG,"SDL TN 7.68% 2030",94,5054721
768UP32-SG,"SDL UP 7.68% 2032",100,2889985
768UP34-SG,"SDL UP 7.68% 2034",100,5000193
768UP34A-SG,"SDL UP 7.68% 2034",98.55,5176321
769GA32-SG,"SDL GA 7.69% 2032",100.08,2888449
769GS2043-GS,"GOI LOAN 7.69% 2043",106.31,2531329
769HR27-SG,"SDL HR 7.69% 2027",101.87,2527489
769HUDCO31-N9,"769HUDCO31-N9",1151.5,5102081
769IGT28-NH,"769IGT28-NH",1000,883457
769KA33A-SG,"SDL KA 7.69% 2033",100.16,5220353
769MH31-SG,"SDL MH 7.69% 2031",95,3719937
769NHAI31-NE,"769NHAI31-NE",1096,3719425
769TS32-SG,"SDL TS 7.69% 2032",103,3720449
76AP34-SG,"SDL AP 7.6% 2034",98.83,4905985
76GJ32-SG,"SDL GJ 7.6% 2032",102.63,3242753
76GJ33-SG,"SDL GJ 7.6% 2033",98.15,5758209
76IGT26-ND,"76IGT26-ND",1029,876801
76JK53A-SG,"SDL JK 7.6% 2053",101.85,5170433
76KA32-SG,"SDL KA 7.6% 2032",102.19,3390721
76KA38-SG,"SDL KA 7.6% 2038",99,5309441
76KL45-SG,"SDL KL 7.6% 2045",99.75,3561217
76NHAI31-NA,"76NHAI31-NA",1132.1,3072769
76TN31-SG,"SDL TN 7.6% 2031",100,5757953
76TS43-SG,"SDL TS 7.6% 2043",97,5514753
771AP31-SG,"SDL AP 7.71% 2031",104.45,5240833
771AP33A-SG,"SDL AP 7.71% 2033",99.43,3829505
771AP37A-SG,"SDL AP 7.71% 2037",90.25,5221889
771JK48-SG,"SDL JK 7.71% 2048",100,5310977
771KA36-SG,"SDL KA 7.71% 2036",99.5,5242369
771KL43-SG,"SDL KL 7.71% 2043",98.1,5213185
771RJ33-SG,"SDL RJ 7.71% 2033",102.2,5021953
771WB43-SG,"SDL WB 7.71% 2043",100,5212929
772AP35-SG,"SDL AP 7.72% 2035",95,2743809
772GJ35-SG,"SDL GJ 7.72% 2035",103,3725569
772GS2049-GS,"GOI LOAN 7.72% 2049",107,2458625
772GS2055-GS,"GOI LOAN 7.72% 2055",117.58,1826817
772HR33-SG,"SDL HR 7.72% 2033",99,5220609
772JK43-SG,"SDL JK 7.72% 2043",100,5362433
772KA35-SG,"SDL KA 7.72% 2035",101.65,5221377
772KA35A-SG,"SDL KA 7.72% 2035",100,5242113
772MH34-SG,"SDL MH 7.72% 2034",99.16,2489345
772RJ33-SG,"SDL RJ 7.72% 2033",98.05,5097473
772TN34-SG,"SDL TN 7.72% 2034",104.18,5444865
772TS36-SG,"SDL TS 7.72% 2036",100,5094913
772UP34-SG,"SDL UP 7.72% 2034",99.45,5094401
772WB37-SG,"SDL WB 7.72% 2037",90.3,5222145
773AP32A-SG,"SDL AP 7.73% 2032",100,5220097
773BR33-SG,"SDL BR 7.73% 2033",95,3720705
773BR38-SG,"SDL BR 7.73% 2038",100,5095425
773GA33-SG,"SDL GA 7.73% 2033",100,5047553
773KA34-SG,"SDL KA 7.73% 2034",100,5209601
773KA35-SG,"SDL KA 7.73% 2035",100,5048577
773KA35A-SG,"SDL KA 7.73% 2035",105,5417729
773KA36-SG,"SDL KA 7.73% 2036",100,5049089
773MH32-SG,"SDL MH 7.73% 2032",102.67,3793665
773RJ33-SG,"SDL RJ 7.73% 2033",91,5047297
773RJ38-SG,"SDL RJ 7.73% 2038",101,3578625
773UP33A-SG,"SDL UP 7.73% 2033",98.3,5092097
773UP34-SG,"SDL UP 7.73% 2034",100.45,5165825
773UP35-SG,"SDL UP 7.73% 2035",98.95,5166081
774AP32A-SG,"SDL AP 7.74% 2032",100.1,5415169
774AP38-SG,"SDL AP 7.74% 2038",102,2744065
774AS33-SG,"SDL AS 7.74% 2033",95.58,5092353
774BR38-SG,"SDL BR 7.74% 2038",100,5222657
774GA32-SG,"SDL GA 7.74% 2032",101.8,2968833
774IREDA31-N7,"774IREDA31-N7",1145,5127681
774KA34-SG,"SDL KA 7.74% 2034",99.63,5415681
774KA37-SG,"SDL KA 7.74% 2037",99.3,3151617
774MZ33-SG,"SDL MZ 7.74% 2033",98.05,2698241
774MZ38-SG,"SDL MZ 7.74% 2038",95,3726849
774RJ33A-SG,"SDL RJ 7.74% 2033",99,5220865
774RJ40-SG,"SDL RJ 7.74% 2040",105,3751425
774RJ49-SG,"SDL RJ 7.74% 2049",100,3753729
774TS35-SG,"SDL TS 7.74% 2035",99.95,5210113
775AP29-SG,"SDL AP 7.75% 2029",98,3010561
775GA33-SG,"SDL GA 7.75% 2033",100,5209089
775GJ32-SG,"SDL GJ 7.75% 2032",100,2918401
775HR35-SG,"SDL HR 7.75% 2035",90,5048833
775PN36-SG,"SDL PN 7.75% 2036",100.5,4988417
775PN42-SG,"SDL PN 7.75% 2042",99.25,2760193
775RJ35-SG,"SDL RJ 7.75% 2035",99.14,5210625
775RJ36-SG,"SDL RJ 7.75% 2036",99,5095169
775TS37-SG,"SDL TS 7.75% 2037",100,5049601
775UP33-SG,"SDL UP 7.75% 2033",99.9,5209345
775UP34-SG,"SDL UP 7.75% 2034",100,5209857
776KL35-SG,"SDL KL 7.76% 2035",99,5445633
776KL38-SG,"SDL KL 7.76% 2038",102.27,2757889
776MH30-SG,"SDL MH 7.76% 2030",100.95,2915841
776MP37-SG,"SDL MP 7.76% 2037",100,5050113
776MP37A-SG,"SDL MP 7.76% 2037",102.35,5211393
776TN53-SG,"SDL TN 7.76% 2053",100.5,3804161
777GJ32-SG,"SDL GJ 7.77% 2032",102,2677505
777HR36-SG,"SDL HR 7.77% 2036",99.67,5446657
777MN38-SG,"SDL MN 7.77% 2038",100.3,5212417
777MP47-SG,"SDL MP 7.77% 2047",101.09,3801601
777PN33-SG,"SDL PN 7.77% 2033",100.25,5048321
777PN36-SG,"SDL PN 7.77% 2036",104.89,5221633
778AS34-SG,"SDL AS 7.78% 2034",100,5445121
778BR31-SG,"SDL BR 7.78% 2031",99.4,5055233
778MH30-SG,"SDL MH 7.78% 2030",100,2989569
778MZ37-SG,"SDL MZ 7.78% 2037",90.25,2891265
779HP38-SG,"SDL HP 7.79% 2038",100.96,3798785
779PN36-SG,"SDL PN 7.79% 2036",102.25,5211137
779PN37-SG,"SDL PN 7.79% 2037",100,5212161
779TN32-SG,"SDL TN 7.79% 2032",99.41,2919681
77AP29A-SG,"SDL AP 7.7% 2029",100.6,5219841
77AP32-SG,"SDL AP 7.7% 2032",97,3829249
77AP38-SG,"SDL AP 7.7% 2038",100.17,5243393
77BR38-SG,"SDL BR 7.7% 2038",100.89,5177857
77GA33A-SG,"SDL GA 7.7% 2033",100,5096961
77HR32-SG,"SDL HR 7.7% 2032",95,3720193
77KA33-SG,"SDL KA 7.7% 2033",100.45,5096705
77MH30-SG,"SDL MH 7.7% 2030",97,2967041
77MH33A-SG,"SDL MH 7.7% 2033",100,5164033
77TS38-SG,"SDL TS 7.7% 2038",100,5242881
77UP33-SG,"SDL UP 7.7% 2033",102.15,5021697
781HR32A-SG,"SDL HR 7.81% 2032",100.01,2644737
781UP32-SG,"SDL UP 7.81% 2032",102.18,2920449
781UP34A-SG,"SDL UP 7.81% 2034",101.45,3796481
782GJ32-SG,"SDL GJ 7.82% 2032",99,2610177
782PN42-SG,"SDL PN 7.82% 2042",99,2702849
782TN32-SG,"SDL TN 7.82% 2032",99,2993409
782WB32-SG,"SDL WB 7.82% 2032",101,2624513
783RJ50-SG,"SDL RJ 7.83% 2050",106.01,3802625
784TN52-SG,"SDL TN 7.84% 2052",107.17,2547969
784TS39-SG,"SDL TS 7.84% 2039",100,3012353
785AP37-SG,"SDL AP 7.85% 2037",105,2541569
785BR32A-SG,"SDL BR 7.85% 2032",101.8,2990593
785KL35-SG,"SDL KL 7.85% 2035",104.95,2696193
785WB42-SG,"SDL WB 7.85% 2042",100,3801345
7865LICH26-N0,"7865LICH26-N0",100100,6264833
787TN33-SG,"SDL TN 7.87% 2033",103.6,2646529
788GS2030-GS,"GOI LOAN 7.88% 2030",104.55,1823233
788MP33-SG,"SDL MP 7.88% 2033",100.4,2993921
789MH32-SG,"SDL MH 7.89% 2032",100,2514433
789WB40-SG,"SDL WB 7.89% 2040",101.5,3800065
78ABCL33-N1,"78ABCL33-N1",1005,193520641
792LIC27-N5,"792LIC27-N5",102500,6162689
793TS34-SG,"SDL TS 7.93% 2034",100.08,2612225
793WB37-SG,"SDL WB 7.93% 2037",100.5,2994689
794TN32-SG,"SDL TN 7.94% 2032",101.54,2526465
795GS2032-GS,"GOI LOAN 7.95% 2032",109,1749761
797IGT31-NL,"797IGT31-NL",1006.5,889857
79IGT28-NF,"79IGT28-NF",1001,878849
79NHIT35-N1,"79NHIT35-N1",318.01,2984449
79NHIT40-N2,"79NHIT40-N2",323.99,2986241
79NHIT47-N3,"79NHIT47-N3",427.8,2987265
802AP38-SG,"SDL AP 8.02% 2038",97,2658049
802WB37-SG,"SDL WB 8.02% 2037",103.95,2658305
803AP35-SG,"SDL AP 8.03% 2035",99.39,2515457
805ABCL28-N5,"805ABCL28-N5",910,193521665
810IRFC27-N2,"810IRFC27-N2",1031,7968769
812REC27-NI,"812REC27-NI",1057,5100545
813GS2045-GS,"GOI LOAN 8.13% 2045",115,1823745
815GS2026-GS,"GOI LOAN 8.15% 2026",107.06,1821185
816ABCL29-NH,"816ABCL29-NH",100000,193524737
817GS2044-GS,"GOI LOAN 8.17% 2044",111.03,1821441
819CIFL26-N0,"819CIFL26-N0",1010,7419137
81ABCL33-N4,"81ABCL33-N4",1012.8,193521409
81TCHF28-N8,"81TCHF28-N8",1008,4318721
820IIFL27-N9,"820IIFL27-N9",983,1957889
824GS2027-GS,"GOI LOAN 8.24%2027",108.5,1762305
824GS2033-GS,"GOI LOAN 8.24% 2033",113.01,1819137
8258TCL27-NF,"8258TCL27-NF",100000,5867265
825TCSL27-N0,"825TCSL27-N0",1718.86,7417089
826GS2027-GS,"GOI LOAN 8.26% 2027",104.38,1765889
828GS2027-GS,"GOI LOAN 8.28% 2027",104,1771777
828GS2032-GS,"GOI LOAN 8.28%2032",108.7,1762561
829PFL29-N6,"829PFL29-N6",1100.58,2553601
82HUDCO27-N2,"82HUDCO27-N2",1088.64,7997441
82IGT31-NJ,"82IGT31-NJ",1044,886785
830CIFC26-N2,"830CIFC26-N2",1014,3934721
830NHAI27-N2,"830NHAI27-N2",1036.8,7946241
830PFCL27-N5,"830PFCL27-N5",1036,5125633
832GS2032-GS,"GOI LOAN 8.32% 2032",110.5,1766145
833GS2026-GS,"GOI LOAN 8.33% 2026",102.55,1796865
833GS2036-GS,"GOI LOAN 8.33% 2036",114.15,1762049
835SCL23A-YH,"835SCL23A-YH",1024.21,5382657
835SCL23B-YM,"835SCL23B-YM",901.2,5390337
837REC33-N7,"837REC33-N7",34000,7932417
83GS2040-GS,"GOI LOAN 8.30% 2040",112.45,1787137
83GS2042-GS,"GOI LOAN 8.30% 2042",115,1800705
83TCHF28-N9,"83TCHF28-N9",1245.45,4319233
840CIFCL28-N4,"840CIFCL28-N4",1030,3935745
840IRFC29-N8,"840IRFC29-N8",1128,151297
842IIFL26-NL,"842IIFL26-NL",986,1586433
843IHFL29-NC,"843IHFL29-NC",972.26,1963009
846REC28-N6,"846REC28-N6",1200,7931905
848NTPC28-N2,"848NTPC28-N2",1157,8130561
84CIFCL28-NA,"84CIFCL28-NA",1005,4597249
84TCHF28-NA,"84TCHF28-NA",1061.11,4319745
850CIFCL26-NE,"850CIFCL26-NE",1069,5231361
850IIFL27-NA,"850IIFL27-NA",1033,1961473
850NHAI29-N5,"850NHAI29-N5",1139,47617
850SCL25A-NW,"850SCL25A-NW",999,1500929
851HUDCO28-NB,"851HUDCO28-NB",1094.98,5110785
854NHPC28-N2,"854NHPC28-N2",1118.4,8059649
855IREDA29-N2,"855IREDA29-N2",1132,353281
855IREDA34-N3,"855IREDA34-N3",1237.26,354049
855TCAPS27-N7,"855TCAPS27-N7",989.1,5425665
858HUDCO29-NC,"858HUDCO29-NC",1142.12,5111297
85CIFC27-NL,"85CIFC27-NL",1051,5773057
85IFL26-NX,"85IFL26-NX",1000.5,4358145
85LTF26-NM,"85LTF26-NM",1072,5302529
85PFL26A-N7,"85PFL26A-N7",1070,2555393
860CIFCL28-NG,"860CIFCL28-NG",1047.5,5233409
861REC34-ND,"861REC34-ND",1800,751361
862REC33-NA,"862REC33-NA",1252.22,7933953
863IRFC29-NC,"863IRFC29-NC",1127.1,509697
863NHB29-N2,"863NHB29-N2",5653.3,8183297
863NHB34-N3,"863NHB34-N3",6600,8183553
863REC29-NC,"863REC29-NC",1159.1,750849
865IFL28-NZ,"865IFL28-NZ",972,4361985
865IHFL27-N1,"865IHFL27-N1",987.99,7387137
865IIFL28-NS,"865IIFL28-NS",980.5,3546113
865IRFC29-NA,"865IRFC29-NA",1139,154369
865LTF26-NN,"865LTF26-NN",1067.4,5303041
865NHB34-N4,"865NHB34-N4",6999.89,450817
865SCL24B-Z8,"865SCL24B-Z8",996,2909441
865SCL26-N8,"865SCL26-N8",985,4767745
865SCL27-N4,"865SCL27-N4",950,193909761
865TCAPS27-N8,"865TCAPS27-N8",1025,5426433
866IIFC34B-N3,"866IIFC34B-N3",1261,5134337
866NTPC33-N3,"866NTPC33-N3",1285,8131073
867NHPC33-N3,"867NHPC33-N3",1235,8059905
867PFCL33-N7,"867PFCL33-N7",1277.15,5126657
868NHB29-N3,"868NHB29-N3",5682.6,450049
86CIFC29-NN,"86CIFC29-NN",1048.03,5774337
86GS2028-GS,"GOI LOAN 8.6% 2028",108.4,1814529
871REC28-N9,"871REC28-N9",1159.01,7933441
872MMFSL26-N1,"872MMFSL26-N1",1010,5131777
873NTPC28-N5,"873NTPC28-N5",1156.01,8132097
875CIFC23B-NJ,"875CIFC23B-NJ",1090.19,5770753
875IHFL29-ND,"875IHFL29-ND",1000,1963777
875IIFL26-NM,"875IIFL26-NM",985.28,1587201
875IIFL26A-NQ,"875IIFL26A-NQ",1054.8,3544321
875NHAI29-N6,"875NHAI29-N6",1156.99,49153
875PCHFL26-N8,"875PCHFL26-N8",1069,1318657
875SCL23A-YI,"875SCL23A-YI",960,5383169
875SFL27-ZF,"875SFL27-ZF",1037,4392705
876HUDCO28-ND,"876HUDCO28-ND",1080,5111809
879NHPC28-N5,"879NHPC28-N5",1128,8060417
879SCL26-NC,"879SCL26-NC",975,4769793
87HFL26-N0,"87HFL26-N0",1010,7418625
87HFL27-N0,"87HFL27-N0",1400.25,7418113
87LTF27-NH,"87LTF27-NH",1025,5296897
87SCL27-Z6,"87SCL27-Z6",830,2907137
87SCL27A-ZK,"87SCL27A-ZK",1001.85,3032577
880IREDA29-N5,"880IREDA29-N5",1158,356097
880IREDA34-N6,"880IREDA34-N6",1298.79,356609
883GS2041-GS,"GOI LOAN 8.83% 2041",117.89,1795329
885AEL28-NB,"885AEL28-NB",1001.5,194014977
885IHL26-N1,"885IHL26-N1",1049.99,7386113
885MOFSL26-N0,"885MOFSL26-N0",1032.27,6066689
885SCL26-N9,"885SCL26-N9",990,4768257
885TCAPS29-NC,"885TCAPS29-NC",1053.98,5434625
886REC34-NG,"886REC34-NG",1310,755969
888ERFL28-N5,"888ERFL28-N5",955,576513
888IHFL25F-NC,"888IHFL25F-NC",1065,5229313
888IRFC29-NE,"888IRFC29-NE",1151,511745
888NHB29-N5,"888NHB29-N5",5785.01,8184065
888REC29-NF,"888REC29-NF",1177.4,754433
888SCL25E-N4,"888SCL25E-N4",780,4839937
888SCL26X-N1,"888SCL26X-N1",778.05,7398401
888SCL28-NA,"888SCL28-NA",938,193911297
889SCFL27-YC,"889SCFL27-YC",956.47,1990913
889SCL26-NS,"889SCL26-NS",1020.55,1498881
889SCL27-YT,"889SCL27-YT",910.5,2374913
889SCL28-NU,"889SCL28-NU",1000,1499905
88SCL25-ZG,"88SCL25-ZG",1038.8,3029249
890NHB34-N7,"890NHB34-N7",6350,452353
890SFIL23A-NZ,"890SFIL23A-NZ",660,3904769
891IIFCL34-N4,"891IIFCL34-N4",1319.99,5134849
891NTPC33-N6,"891NTPC33-N6",1314,8132609
892NHPC33-N6,"892NHPC33-N6",1274,8060673
892PFCL33-N8,"892PFCL33-N8",1325,5127169
893NHB29-N6,"893NHB29-N6",5685.49,451841
894SCL27-ZY,"894SCL27-ZY",890,3452673
895AEL27-N9,"895AEL27-N9",1002.01,194014465
897GS2030-GS,"GOI LOAN 8.97% 2030",111.01,1794817
897MOFSL29-N4,"897MOFSL29-N4",1015,6068737
898LTF29-N7,"898LTF29-N7",1090.55,5287681
89IHFL29-N1,"89IHFL29-N1",970,7390465
8ABCL26-N2,"8ABCL26-N2",995,193520897
901HUDCO34-NE,"901HUDCO34-NE",1321,5112321
901NHB34-N6,"901NHB34-N6",6699,8184321
902SCL26I-AW,"902SCL26I-AW",642,4485377
902SCL28-N1,"902SCL28-N1",965,7740929
903SFL28-YI,"903SFL28-YI",1044,127489
905LTF27-NF,"905LTF27-NF",1054,5295873
905SC24B-Z9,"905SC24B-Z9",941.6,2910209
910TCAP28-NA,"910TCAP28-NA",1040.04,5433601
915AEL28-NC,"915AEL28-NC",1010,194015233
915SCL26-NE,"915SCL26-NE",984,4770817
915SCL27-Z7,"915SCL27-Z7",960,2908417
915SCL27A-ZL,"915SCL27A-ZL",1062,3034625
916SCL25-ZW,"916SCL25-ZW",425,3451393
91D020126-TB,"GOI TBILL 91D-02/01/26",98.24,194390785
91D041225-TB,"GOI TBILL 91D-04/12/25",99,194288129
91D061125-TB,"GOI TBILL 91D-06/11/25",99.35,194100481
91D111225-TB,"GOI TBILL 91D-11/12/25",98.9,194274817
91D131125-TB,"GOI TBILL 91D-13/11/25",99.22,194153473
91D161025-TB,"GOI TBILL 91D-16/10/25",99.57,194024193
91D181225-TB,"GOI TBILL 91D-18/12/25",98.51,194354433
91D201125-TB,"GOI TBILL 91D-20/11/25",99,194198273
91D231025-TB,"GOI TBILL 91D-23/10/25",99.48,193975297
91D251225-TB,"GOI TBILL 91D-25/12/25",98.4,194314241
91D281125-TB,"GOI TBILL 91D-28/11/25",99,194234625
91D301025-TB,"GOI TBILL 91D-30/10/25",99.32,194041601
91MOFSL27-N2,"91MOFSL27-N2",1040,6067713
91SFL27-ZI,"91SFL27-ZI",1069.99,4396033
920IIFLS26-N8,"920IIFLS26-N8",985.09,6178049
921ISFL25-N0,"921ISFL25-N0",1000,5315073
923GS2043-GS,"GOI LOAN 9.23% 2043",114.99,1814273
925AEL26-N1,"925AEL26-N1",1008,6470913
925CAGL26-N9,"925CAGL26-N9",990,4728577
925ERFL28-N6,"925ERFL28-N6",1000,577025
925IHFL25E-N8,"925IHFL25E-N8",1000,4592641
925IHFL29-N1,"925IHFL29-N1",957.53,7391233
925IHFL31-N1,"925IHFL31-N1",910,7392257
925IIFL32-N0,"925IIFL32-N0",96777.35,193938177
925SCFL27-YA,"925SCFL27-YA",1023.65,1988865
925SCL2028-N8,"925SCL2028-N8",980,193910785
925SCL25A-NH,"925SCL25A-NH",995,5118209
925SCL25B-Y3,"925SCL25B-Y3",997,5370113
925SCL26-NR,"925SCL26-NR",835.05,1497601
925SCL26B-YQ,"925SCL26B-YQ",987.99,5961473
925SCL26D-ZD,"925SCL26D-ZD",972.01,6126593
925SCL26F-N1,"925SCL26F-N1",966.1,6537473
925SCL26G-N0,"925SCL26G-N0",107301.41,6621697
925SCL26W-N1,"925SCL26W-N1",984,7398657
925SCL27-YR,"925SCL27-YR",955.6,2371073
925SCL27B-N1,"925SCL27B-N1",920.5,7736321
925SCL28B-YC,"925SCL28B-YC",951,5380097
925SCL28C-BS,"925SCL28C-BS",715,4827905
925SCL29A-ZM,"925SCL29A-ZM",946.5,6132481
925SCL30-NF,"925SCL30-NF",935,193912577
92GS2030-GS,"GOI LOAN 9.20% 2030",115,1801985
92SFIL28-ND,"92SFIL28-ND",926.07,1265153
930AEL30-NF,"930AEL30-NF",1018,194016001
930APMD27-N0,"930APMD27-N0",100554.26,193837569
930APMD28-N0,"930APMD28-N0",102299,193838081
930APMD29-N0,"930APMD29-N0",103259.36,193838593
930APMD30-N0,"930APMD30-N0",100605.21,193839105
930APMD31-N0,"930APMD31-N0",103342.25,193839617
930APMD32-N0,"930APMD32-N0",103103.45,193835521
930APMD33-N0,"930APMD33-N0",103282.41,193836033
930APMD34-N0,"930APMD34-N0",103629.73,193836545
930APMD35-N0,"930APMD35-N0",102579.73,193837057
930IIFL27-NX,"930IIFL27-NX",1000,193572097
930SFL28-YP,"930SFL28-YP",1078,1574145
931SFL26-Z5,"931SFL26-Z5",1020,3307265
932AEL27-N3,"932AEL27-N3",1017,6472449
935IIFL28-NZ,"935IIFL28-NZ",985,193572609
935LTF29-N5,"935LTF29-N5",1090,5284609
935MOFSL29-N5,"935MOFSL29-N5",1079,6069249
935TSI27-N0,"935TSI27-N0",101268,7049473
935TSI29-N0,"935TSI29-N0",101679.32,7016449
935TSI30-N0,"935TSI30-N0",102143.18,7026689
935TSI31-N0,"935TSI31-N0",102782.33,7053569
935TSI32-N0,"935TSI32-N0",101760.72,7022337
935TSI34-N0,"935TSI34-N0",102637.27,7024897
935TSIIC28-N0,"935TSIIC28-N0",100000,7019777
935TSIIC33-N0,"935TSIIC33-N0",102646.16,7046657
939SCL27-ZZ,"939SCL27-ZZ",850,3453953
93HFL34-N0,"93HFL34-N0",1055,7417601
93MOFSL34-N6,"93MOFSL34-N6",1070.25,6069761
93SCL24A-ZN,"93SCL24A-ZN",965,3036417
93SCL25-ZH,"93SCL25-ZH",1080.8,3029761
940CAGL27-NB,"940CAGL27-NB",1000,4730881
943ECL28-NJ,"943ECL28-NJ",986.4,1097729
945SCL28-N0,"945SCL28-N0",95231,193948161
945SCL32-NL,"945SCL32-NL",953.03,193914113
948SCL26-N9,"948SCL26-N9",500,5060609
948SCL26A-NN,"948SCL26A-NN",759,5139201
948SCL26B-Y8,"948SCL26B-Y8",988,5376001
948SCL26D-AI,"948SCL26D-AI",400,3768577
948SCL26I-AX,"948SCL26I-AX",445,4487169
948SCL27-YV,"948SCL27-YV",960,5964033
948SCL27A-ZJ,"948SCL27A-ZJ",989.97,6130689
948SCL27D-N1,"948SCL27D-N1",965,6541313
948SCL27R-N1,"948SCL27R-N1",935,7403777
948SCL28-N1,"948SCL28-N1",910.2,7741441
94SCL27-ZG,"94SCL27-ZG",855.62,6129153
94SFL28-YL,"94SFL28-YL",1048.85,256257
950ISF27-N0,"950ISF27-N0",72900,7560449
950ISF27A-N0,"950ISF27A-N0",96325,193553665
950ISF27C-N0,"950ISF27C-N0",9907.65,193973249
955SCL25-ZU,"955SCL25-ZU",363,3447041
955SCL27A-ZJ,"955SCL27A-ZJ",1285.36,3031809
955SCL35-NO,"955SCL35-NO",985,193919745
956AEL29-N6,"956AEL29-N6",1022,6475265
957ICCL25-YW,"957ICCL25-YW",1055,2208001
957IIFLS27-NA,"957IIFLS27-NA",965,6179073
957ISFL26-N2,"957ISFL26-N2",1000,5316865
957NIDO26-N5,"957NIDO26-N5",985.67,4573185
957SCL30-BX,"957SCL30-BX",913.87,4833025
957SFIL28-NW,"957SFIL28-NW",1230,3902721
960CAGL25-N3,"960CAGL25-N3",976,3185665
960IIFL30-Y2,"960IIFL30-Y2",1129,193575169
960IIFLS26-N9,"960IIFLS26-N9",1008,6178561
960ISFL25-N1,"960ISFL25-N1",1060,5316353
965AEL27-N4,"965AEL27-N4",1014.89,6473473
965IFSL26-N6,"965IFSL26-N6",1002,3595521
965SCL25A-NF,"965SCL25A-NF",1083.8,5107457
965SCL25B-Y1,"965SCL25B-Y1",1065.66,5368321
965SCL25C-N0,"965SCL25C-N0",606,3455233
965SCL25F-NZ,"965SCL25F-NZ",970,5153281
965SCL26-YO,"965SCL26-YO",1069.99,5960449
965SCL26A-ZB,"965SCL26A-ZB",1000,6125569
965SCL26F-N1,"965SCL26F-N1",975,6536705
965SCL26Y-N1,"965SCL26Y-N1",1020,7397889
965SCL27-N1,"965SCL27-N1",1000.2,7734785
965SCL28-AK,"965SCL28-AK",600.01,3764225
965SCL30-ND,"965SCL30-ND",995,193912065
966SFIL25A-NI,"966SFIL25A-NI",960,3590657
96IIFL28-N5,"96IIFL28-N5",987.98,1334785
96IIFL28A-NF,"96IIFL28A-NF",986.67,736513
96SFIL24A-NB,"96SFIL24A-NB",1044,1262081
970CAGL28-ND,"970CAGL28-ND",1022,4732673
971SCL28-AN,"971SCL28-AN",562.75,3767809
971SCL28A-NT,"971SCL28A-NT",799,5147137
971SCL28I-BC,"971SCL28I-BC",710.5,4496385
971SCL29-Z0,"971SCL29-Z0",970,5966593
971SCL29A-ZN,"971SCL29A-ZN",991,6133249
971SCL29B-N1,"971SCL29B-N1",960,6543873
971SCL29T-N1,"971SCL29T-N1",979.9,7405313
971SCL30-N1,"971SCL30-N1",1000,7738881
971SCL30A-N1,"971SCL30A-N1",999,7737345
975IIFL28-Y0,"975IIFL28-Y0",1010,193572865
975ISF28-N0,"975ISF28-N0",98261.25,194019841
975SCL28-NT,"975SCL28-NT",976,1499393
975SCL28A-N0,"975SCL28A-N0",99590.54,6354177
975SCL29-N0,"975SCL29-N0",99500,6294273
975SCL35-N0,"975SCL35-N0",101896.58,193947649
97MOFSL34-N7,"97MOFSL34-N7",1098.5,6070273
97SFL26-Z9,"97SFL26-Z9",1020,3310849
97SFL28-YS,"97SFL28-YS",1113.06,1579009
97SFL29-YZ,"97SFL29-YZ",1097.65,2212353
980SCL33-NX,"980SCL33-NX",916,5150721
980SCL33C-ND,"980SCL33C-ND",900,5062657
980SCL33D-YG,"980SCL33D-YG",974,5382145
984SFIL26A-NK,"984SFIL26A-NK",460.8,3591681
985CCSP27-N0,"985CCSP27-N0",101037.58,194009089
985ECL28-NK,"985ECL28-NK",982.57,1098753
985SCL32-NJ,"985SCL32-NJ",977,193913601
985SFIL28-NO,"985SFIL28-NO",675.72,3593729
98SCL27-ZX,"98SCL27-ZX",1283,3451905
98SFIL26-NU,"98SFIL26-NU",226,3900161
990CCSP27-N0,"990CCSP27-N0",100030.78,193825025
990IIFL27A-N0,"990IIFL27A-N0",100787.52,7695105
990SCFL26-AJ,"990SCFL26-AJ",1255,3762177
990SCL26-N7,"990SCL26-N7",360,5058561
990SCL26A-NL,"990SCL26A-NL",692.4,5135617
990SCL26B-Y7,"990SCL26B-Y7",1030.2,5374721
990SCL26D-AH,"990SCL26D-AH",360,3768321
990SCL26I-AV,"990SCL26I-AV",570,4483841
990SCL27-YT,"990SCL27-YT",1026.3,5963009
990SCL27B-N1,"990SCL27B-N1",982.62,6540289
990SCL28-N1,"990SCL28-N1",1010,7736833
995SCL2035-NM,"995SCL2035-NM",945.7,193919233
99AEL29-N7,"99AEL29-N7",1025.01,6475777
99SCL27-ZH,"99SCL27-ZH",1007.01,6129665
99SCL27V-N1,"99SCL27V-N1",948.78,7402241
9AEL30-NE,"9AEL30-NE",1022.1,194015745
9IHFL27-N1,"9IHFL27-N1",1018,7387649
9IIFL26-NV,"9IIFL26-NV",1025,193571585
9IIFL28-Y0,"9IIFL28-Y0",980,4362497
9IIFL28A-NT,"9IIFL28A-NT",1030,3546625
9MMFSML-N2,"9MMFSML-N2",1032.21,5132289
9PCHFL31A-NA,"9PCHFL31A-NA",1022.95,1320961
9SCL26BA-NA,"9SCL26BA-NA",984,4768769
9SCL27-N2,"9SCL27-N2",972.8,193909249
9TCAP28-N9,"9TCAP28-N9",1205,5432577
A2ZINFRA-BE,"A2Z INFRA ENGINEERING",18.4,5352961
AAATECH-BE,"AAA TECHNOLOGIES",96.52,3210753
AADHARHFC,"AADHAR HOUSING FINANCE L",512.2,6074625
AAKAAR-SM,"AAKAAR MEDICAL TECHNO",88.8,193940225
AAKASH,"AAKASH EXPLORATION SER L",9.19,60161
AARADHYA-ST,"AARADHYA DISPOSAL INDUS L",174.9,194103297
AAREYDRUGS-BE,"AAREY DRUGS & PHARM",81.34,1343489
AARON,"AARON INDUSTRIES",188,263681
AARTECH,"AARTECH SOLONICS",53,4389121
AARTIDRUGS,"AARTI DRUGS",507,1147137
AARTIIND,"AARTI INDUSTRIES",381.2,1793
AARTIPHARM,"AARTI PHARMALABS",835.35,3550209
AARTISURF,"AARTI SURFACTANTS",463.8,4923649
AARTISURF-P1,"AARTI SURFACTANTS",138.1,3102977
AARVEEDEN-BE,"AARVEE DEN. & EXP.",155.52,3526401
AARVI,"AARVI ENCON",123.05,4882689
AATMAJ-SM,"AATMAJ HEALTHCARE",20.05,4342017
AAVAS,"AAVAS FINANCIERS",1628.9,1378561
ABAN-BE,"ABAN OFFSHORE",40.11,1986305
ABB,"ABB INDIA",5151,3329
ABBOTINDIA,"ABBOTT INDIA",29700,4583169
ABCAPITAL,"ADITYA BIRLA CAPITAL",298.1,5533185
ABCL26-N3,"ABCL26-N3",1165,193521153
ABCL28-N6,"ABCL28-N6",1101,193521921
ABCOTS,"A B COTSPIN INDIA",438.6,194337281
ABDL,"ALLIED BLEND N DISTILS L",545,6222849
ABFRL,"ADITYA BIRLA FASHION & RT",84.3,7707649
ABGSEC,"BIRLASLAMC - ABGSEC",110.65,6247425
ABHAPOWER-ST,"ABHA POWER N STEEL",42.7,6985473
ABINFRA,"A B INFRABUILD",198.85,6917121
ABLBL,"ADITYA BIRLA LIFES BRAN L",142.9,193751809
ABMINTLLTD,"ABM INTERNATIONAL",54.41,1420545
ABREL,"ADITYA BIRLA REAL EST",1610,160001
ABSLAMC,"ADIT BIRL SUN LIF AMC",803.95,1540609
ABSLBANETF,"BIRLASLAMC - ABSLBANETF",57.43,3580673
ABSLLIQUID,"BIRLASLAMC - ABSLLIQUID",1000.01,3716609
ABSLNN50ET,"BIRLASLAMC - ABSLNN50ET",71.55,1878785
ABSLPSE,"BIRLASLAMC-ABSLPSE",10.06,6094337
ABSMARINE-SM,"ABS MARINE SERVICES",176.05,6088449
ACC,"ACC",1875,5633
ACCELYA,"ACCELYA SOLN INDIA",1500,1805569
ACCENTMIC-ST,"ACCENT MICROCELL",257,5246977
ACCORD-SM,"ACCORD SYNERGY",22,5431553
ACCPL-SM,"ACCRETION PHARMA",58.8,193797377
ACCURACY,"ACCURACY SHIPPING",6.9,375041
ACE,"ACTION CONST EQUIP",1072,3478273
ACEINTEG,"ACE INTEGRATED SOLU.",23.9,3015425
ACI,"ARCHEAN CHEMICAL IND",643.7,3078145
ACL-BE,"ANDHRA CEMENTS",85.55,3950337
ACLGATI,"ALLCARGO GATI",58.02,3504129
ACMESOLAR,"ACME SOLAR HOLDINGS",281.45,6927617
ACTIVEINFR-SM,"ACTIVE INFRASTRUCTURES L",176.7,7798785
ACUTAAS,"ACUTAAS CHEMICALS",1425,1427969
ADANIENSOL,"ADANI ENERGY SOLUTION",931.8,2615553
ADANIENT,"ADANI ENTERPRISES",2547,6401
ADANIGREEN,"ADANI GREEN ENERGY",1052,912129
ADANIPORTS,"ADANI PORT & SEZ",1395.4,3861249
ADANIPOWER,"ADANI POWER",148.7,4451329
ADFFOODS,"ADF FOODS",205.58,5058817
ADL,"ARCHIDPLY DECOR",93,62721
ADOR,"ADOR WELDING",1008.6,8705
ADROITINFO,"ADROIT INFOTECH",10.88,1267969
ADSL,"ALLIED DIGITAL SERV.",191.75,3792129
ADVANCE-BE,"ADVANCE AGROLIFE",105.2,194407169
ADVANIHOTR,"ADVANI HOT.& RES.(I)",60,3774721
ADVENZYMES,"ADVANCED ENZYME TECH",310.7,4617985
AEGISLOG,"AEGIS LOGISTICS",809.9,10241
AEGISVOPAK,"AEGIS VOPAK TERMINALS",268,193878017
AEL120924-N2,"AEL120924-N2",1075.77,6471681
AEL120924A-N5,"AEL120924A-N5",1181.99,6474753
AEL120924B-N8,"AEL120924B-N8",1075,6476289
AEL170725-ND,"AEL170725-ND",1015,194015489
AEL170725A-NG,"AEL170725A-NG",1012,194016257
AEL17725-NA,"AEL17725-NA",1003.11,194014721
AEROENTER,"AEROFLEX ENTERPRISES",89.72,3075841
AEROFLEX,"AEROFLEX INDUSTRIES",173.3,4676609
AERON-SM,"AERON COMPOSITE",107,6416641
AERONEU,"AEROFLEX NEU",90,3504385
AESTHETIK-SM,"AESTHETIK ENGINEERS",127,6356481
AETHER,"AETHER INDUSTRIES",750,2511361
AFCONS,"AFCONS INFRASTRUCTURE",465,6650113
AFFLE,"AFFLE 3I",1953,2903809
AFFORDABLE,"AFFORD ROBO & AUTO",246.43,6618881
AFIL,"AKME FINTRADE (INDIA)",8.58,6184705
AFSL,"ABANS FINANCIAL SRVCS",201.06,3401729
AGARIND,"AGARWAL INDS CORP",896.4,867585
AGARWALEYE,"DR AGARWALS HEALTH CARE L",506,7539713
AGARWALFT-SM,"AGARWAL FLOAT GLASS I",65.9,3651329
AGARWALTUF-SM,"AGARWAL TOUGH GLASS IND L",160,6991105
AGI,"AGI GREENPAC",880,361473
AGIIL,"AGI INFRA",1238.1,6257921
AGNI-ST,"AGNI GREEN POWER",26,2687489
AGRITECH,"AGRI-TECH (INDIA)",131.51,2834433
AGROPHOS-BE,"AGRO PHOS INDIA",42.5,2330881
AGSTRA-BZ,"AGS TRANSACT TECH",4.79,194355713
AGUL-SM,"A G UNIVERSAL",67,3877633
AHCL-BE,"ANLON HEALTHCARE",130.92,194296065
AHIMSA-ST,"AHIMSA INDUSTRIES",24.5,2757121
AHLADA,"AHLADA ENGINEERS",61.61,513025
AHLEAST,"ASIAN HOTELS (EAST)",154.75,4976129
AHLUCONT,"AHLUWALIA CONT IND",980,4565249
AIAENG,"AIA ENGINEERING",3267,3350017
AIIL,"AUTHUM INVEST & INFRA",3290,6029569
AILIMITED-SM,"ABHISHEK INTEGRATIONS",38.5,1184257
AIMTRON-SM,"AIMTRON ELECTRONICS",688,6139905
AIRAN,"AIRAN",23.85,2533633
AIROLAM,"AIRO LAM",112.4,1553409
AIRTELPP-E1,"AIRTEL RS. 1.25 PPD UP",1466.25,1647361
AISL-SM,"ANI INTEGRATED SERV",94.25,123393
AJANTPHARM,"AJANTA PHARMA",2430,2079745
AJAXENGG,"AJAX ENGINEERING",628.55,7583745
AJMERA,"AJMERA REALTY & INF I",1015,4430593
AJOONI,"AJOONI BIOTECH",5.11,871169
AKANKSHA-SM,"AKANKSHA POWER N INFRA L",94.45,5406977
AKASH,"AKASH INFRA-PROJECTS",29.45,3458561
AKG,"AKG EXIM",13.5,557057
AKI-BE,"AKI INDIA",8.9,3813121
AKIKO-ST,"AKIKO GLOBAL SERVICES L",255.5,6222593
AKSHAR,"AKSHAR SPINTEX",0.7,2446849
AKSHARCHEM,"AKSHARCHEM INDIA",267.55,5165569
AKSHOPTFBR,"AKSH OPTIFIBRE",7.85,2199297
AKUMS,"AKUMS DRUGS AND PHARMA L",445.5,6327041
AKZOINDIA,"AKZO NOBEL INDIA",3326,375553
ALANKIT,"ALANKIT",12.29,2539777
ALBERTDAVD,"ALBERT DAVID",800,4417537
ALEMBICLTD,"ALEMBIC",100.19,20225
ALICON,"ALICON CASTALLOY",851.05,3495937
ALIVUS,"ALIVUS LIFE SCIENCES",942,1347841
ALKALI,"ALKALI METALS",101.05,4341505
ALKEM,"ALKEM LABORATORIES",5472,2995969
ALKYLAMINE,"ALKYL AMINES CHEM.",1835,1148673
ALLCARGO,"ALLCARGO LOGISTICS",31.54,3456257
ALLDIGI,"ALLDIGI TECH",893,3020289
ALLETEC-SM,"ALL E TECHNOLOGIES",258,3379969
ALLTIME,"ALL TIME PLASTICS",264.4,194162689
ALMONDZ,"ALMONDZ GLOBAL SEC",18.01,4280065
ALOKINDS,"ALOK INDUSTRIES",17.3,4524801
ALPA,"ALPA LABORATORIES",89,3801089
ALPEXSOLAR-SM,"ALPEX SOLAR",1107.5,5808129
ALPHA,"KOTAKMAMC - KOTAKALPHA",48.5,1897473
ALPHAETF,"MIRAEAMC - ALPHAETF",25.14,5027841
ALPHAGEO,"ALPHAGEO (INDIA)",246.61,3736833
ALPL30IETF,"ICICIPRAMC - ICICIALPLV",27.39,5720065
ALPSINDUS-BE,"ALPS INDUSTRIES",1.82,1951489
ALUWIND-SM,"ALUWIND INFRA-TECH",83.55,6009345
AMANTA,"AMANTA HEALTHCARE",132.9,194280705
AMBANIORGO-SM,"AMBANI ORGOCHEM",139.9,1045249
AMBER,"AMBER ENTERPRISES (I)",8250,303361
AMBEY-SM,"AMBEY LABORATORIES",42,6250241
AMBICAAGAR,"AMBICA AGAR & AROMAINDLTD",25.44,2942977
AMBIKCO,"AMBIKA COTTON MILL",1409,3899905
AMBUJACEM,"AMBUJA CEMENTS",565.8,325121
AMCL-ST,"ANB METAL CAST",276,194158081
AMDIND,"AMD INDUSTRIES",59.9,3685889
AMEYA-SM,"AMEYA PRECISION ENG",100.9,2789889
AMIABLE-SM,"AMIABLE LOGISTICS (I)",65,3056385
AMJLAND,"AMJ LAND HOLDINGS",54.99,665089
AMJUMBO-SM,"A AND M JUMBO BAGS",8.2,346369
AMNPLST,"AMINES & PLASTICIZERS",210,5085953
AMRUTANJAN,"AMRUTAJAN HEALTH",710,4492033
ANANDRATHI,"ANAND RATHI WEALTH",2951.7,1829121
ANANTRAJ,"ANANT RAJ",694,3486721
ANDHRAPAP,"ANDHRA PAPER",79.5,42497
ANDHRSUGAR,"ANDHRA SUGARS",80.86,34817
ANGELONE,"ANGEL ONE",2265,82945
ANIKINDS,"ANIK INDUSTRIES",63.5,4264193
ANKITMETAL-BZ,"ANKIT MET & POW",1.94,6624769
ANLON-SM,"ANLON TECHNOLOGY SOL",427,3496193
ANMOL,"ANMOL INDIA",15.27,954113
ANNAPURNA-SM,"ANNAPURNA SWADISHT",238,2866689
ANONDITA-SM,"ANONDITA MEDICARE",434,194237441
ANSALAPI-BZ,"ANSAL PROP & INFRA",4.4,5037313
ANTELOPUS,"ANTELOPUS SELAN ENRGY",544,3481089
ANTGRAPHIC,"ANTARCTICA",1.08,1329665
ANTHEM,"ANTHEM BIOSCIENCES",772.6,194018561
ANUHPHR,"ANUH PHARMA",82,7248385
ANUP,"THE ANUP ENGINEERING",2394.4,2307585
ANURAS,"ANUPAM RASAYAN INDIA",1101,724225
ANYA-SM,"ANYA POLYTECH & FERTI",24,7419649
ANZEN-IV,"ANZEN IND ENE YLD PLU TRU",118.5,3057921
AONEGOLD,"AONEAMC - AONEGOLD",11.51,194279425
AONELIQUID,"AONEAMC - AONELIQUID",1028.97,7800833
AONENIFTY,"AONEAMC - AONENIFTY",10.3,193816577
AONETOTAL,"AONEAMC - AONETOTAL",11.76,7673601
APARINDS,"APAR INDUSTRIES",8437,2941697
APCL,"ANJANI PORTLAND CEM",129.87,5235969
APCOTEXIND,"APCOTEX INDUSTRIES LIMITE",362.95,39425
APEX,"APEX FROZEN FOODS",220.6,5535489
APEXECO-SM,"APEX ECOTECH",136,6985729
APLAPOLLO,"APL APOLLO TUBES",1735,6599681
APLLTD,"ALEMBIC PHARMA",928.5,6483969
APOLLO,"APOLLO MICRO SYSTEMS",331.2,290305
APOLLOHOSP,"APOLLO HOSPITALS ENTER. L",7700,40193
APOLLOPIPE,"APOLLO PIPES",333,3676417
APOLLOTYRE,"APOLLO TYRES",488,41729
APOLSINHOT,"APOLLO SINDOORI HOTEL",1306.2,1613313
APRAMEYA-SM,"APRAMEYA ENGINEERING",250,6307329
APS-SM,"AUSTRALIAN PREM SOLAR I L",464,5491457
APTECHT,"APTECH",119.8,2753281
APTUS,"APTUS VALUE HSG FIN I",309.8,1391361
ARABIAN-SM,"ARABIAN PETROLEUM",70.2,4928769
ARCHIDPLY,"ARCHIDPLY IND.",103.01,4299521
ARCHIES,"ARCHIES",20.93,1456129
ARCIIL-SM,"ARC INSULATION & INSU",94.1,194219521
ARE&M,"AMARA RAJA ENERGY MOB",996.7,25601
ARENTERP,"RAJDARSHAN INDUSTRIES",48.35,46337
ARFIN-BE,"ARFIN INDIA",49.25,194227969
ARHAM-SM,"ARHAM TECHNOLOGIES",100.5,3351553
ARIES,"ARIES AGRO",389.1,3892225
ARIHANTACA-ST,"ARIHANT ACADEMY",495,3417089
ARIHANTCAP,"ARIHANT CAPITAL MKTS",113.8,976129
ARIHANTSUP,"ARIHANT SUPERSTRUCT",435,5160705
ARISINFRA,"ARISINFRA SOLUTIONS",159,193949185
ARISTO-SM,"ARISTO BIO T AND LIFESC L",136,3565057
ARKADE,"ARKADE DEVELOPERS",165.92,6501889
ARMANFIN,"ARMAN FIN SERV",1566.1,4419329
AROGRANITE,"ARO GRANITE IND.",36.8,3726593
ARROWGREEN,"ARROW GREENTECH",535.95,2370561
ARSHIYA-BZ,"ARSHIYA",1.88,7427841
ARSSBL,"ANAND RATHI SH N STK BR L",445.95,194548737
ARTEMISMED,"ARTEMIS MED SERVICE",235.6,4329729
ARTNIRMAN,"ART NIRMAN",49.6,1575937
ARUNAYA-ST,"ARUNAYA ORGANICS",21.5,193766145
ARVEE,"ARVEE LABORATORIES I",161.99,720385
ARVIND,"ARVIND",286.15,49409
ARVINDFASN,"ARVIND FASHIONS",502.9,2332417
ARVINDPORT-SM,"ARVIND PORT AND INFRA",48,5012225
ARVSMART,"ARVIND SMARTSPACES",603.95,2676993
ASAHIINDIA,"ASAHI INDIA GLASS",866.05,1376769
ASAHISONG,"ASAHI SONGWON COLOR",285.45,6422529
ASAL,"AUTOMOTIVE STAMPINGS & AS",562.5,2722305
ASALCBR,"ASSO ALCOHOLS & BREW",1019.6,4505089
ASCOM-ST,"ASCOM LEASIN & INVEST",106.05,3847681
ASHALOG-SM,"ASHAPURA LOGISTICS",69.45,6326017
ASHAPURMIN,"ASHAPURA MINECHEM",671,51969
ASHIANA,"ASHIANA HOUSING",296,6247169
ASHIMASYN,"ASHIMA",21.95,52737
ASHOKA,"ASHOKA BUILDCON",191.55,5166593
ASHOKAMET,"ASHOKA METCAST",16.8,4337409
ASHOKLEY,"ASHOK LEYLAND",138.84,54273
ASIANENE,"ASIAN ENERGY SERVICES",347.25,1799681
ASIANHOTNR,"ASIAN HOTELS (NORTH)",337.9,4716033
ASIANPAINT,"ASIAN PAINTS",2340,60417
ASIANTILES,"ASIAN GRANITO IND.",57.41,3811585
ASKAUTOLTD,"ASK AUTOMOTIVE",487.9,5158913
ASLIND-ST,"ASL INDUSTRIES",67.6,5248769
ASMS-BE,"BARTRONICS INDIA",13.29,3601665
ASPINWALL,"ASPINWALL & CO",260.5,4421121
ASPIRE-SM,"ASPIRE & INNOVATIVE ADV L",21.15,5989377
ASTEC,"ASTEC LIFESCIENCES",763,4538369
ASTERDM,"ASTER DM HEALTHCARE",696.05,386049
ASTRAL,"ASTRAL",1399.7,3691009
ASTRAMICRO,"ASTRA MICROWAVE",1169.9,2974209
ASTRAZEN,"ASTRAZENECA PHARMA IND LT",9230,1436161
ASTRON,"ASTRON PAPER BORD MIL",11.2,223745
ATALREAL,"ATAL REALTECH",22.9,4006145
ATAM,"ATAM VALVES",88.9,3943425
ATCENERGY-SM,"ATC ENERGIES SYSTEM",46.5,193638913
ATGL,"ADANI TOTAL GAS",627.95,1552897
ATHERENERG,"ATHER ENERGY",623.75,193957121
ATL,"ALLCARGO TERMINALS",35.55,4551169
ATLANTAA-BE,"ATLANTAA",61.41,3476993
ATLANTAELE,"ATLANTA ELECTRICALS",882,194305793
ATLASCYCLE,"ATLAS CYCLE (HARYANA)",117.07,1169409
ATMASTCO-SM,"ATMASTCO",204,5832961
ATUL,"ATUL",5991,67329
ATULAUTO,"ATUL AUTO",505,7685889
AUBANK,"AU SMALL FINANCE BANK",760.3,5436929
AURDIS-SM,"AURANGABAD DISTILLERY",132.25,4803073
AURIONPRO,"AURIONPRO SOLN",1106.3,3077633
AUROIMPEX-SM,"AURO IMPEX & CHEMICALS L",48,4062465
AUROPHARMA,"AUROBINDO PHARMA",1118.9,70401
AURUM,"AURUM PROPTECH",166.78,2639361
AUSL-ST,"ADITYA ULTRA STEEL",34.5,6464257
AUSOMENT,"AUSOM ENTERPRISE",107.43,1033473
AUTOAXLES,"AUTOMOTIVE AXLES",1720,71169
AUTOBEES,"NIPPONAMC - NETFAUTO",273.6,2017281
AUTOIETF,"ICICIPRAMC - ICICIAUTO",27.38,2008065
AUTOIND,"AUTOLINE INDUSTRIES",71.9,3611137
AVADHSUGAR,"AVADH SUG & ENERGY",437.8,5479937
AVALON,"AVALON TECHNOLOGIES",1225.2,3854849
AVANTEL,"AVANTEL",207.23,6300161
AVANTIFEED,"AVANTI FEEDS",640,2031617
AVG,"AVG LOGISTICS",240.7,3990785
AVIANSH-SM,"AVI ANSH TEXTILE",100,6533121
AVL,"ADITYA VISION",556.4,6651905
AVONMORE,"AVONMORE CAP&MGT SERV",19.19,3470593
AVPINFRA-SM,"AVP INFRACON",165,5928705
AVROIND,"AVRO INDIA",146.05,2259713
AVSL-ST,"AVSL INDUSTRIES",120,4785409
AVTNPL,"AVT NATURAL PRODUCTS",69.23,3586049
AWFIS,"AWFIS SPACE SOLUTIONS",598,6109185
AWHCL,"ANTONY WASTE HDG CELL",525.6,460033
AWL,"AWL AGRI BUSINESS",268.3,2076161
AXISBANK,"AXIS BANK",1168.1,1510401
AXISBNKETF,"AXISAMC - AXISBNKETF",577.5,267265
AXISBPSETF,"AXISAMC - AXISBPSETF",12.98,903681
AXISCADES-BE,"AXISCADES TECH",1688,2416641
AXISCETF,"AXISAMC - AXISCETF",126.98,1467393
AXISGOLD,"AXIS MF - AXIS GOLD ETF",102.44,5256193
AXISHCETF,"AXISAMC - AXISHCETF",148.58,923649
AXISILVER,"AXISAMC - AXISILVER",160.04,2865409
AXISNIFTY,"AXISAMC - AXISNIFTY",275.63,5440513
AXISTECETF,"AXISAMC - AXISTECETF",384.41,770561
AXISVALUE,"AXISAMC - AXISVALUE",29.78,7719681
AXITA,"AXITA COTTON",8.42,2534913
AXSENSEX,"AXISAMC - AXSENSEX",84.31,3773953
AYMSYNTEX,"AYM SYNTEX",186.9,2632961
AZAD,"AZAD ENGINEERING",1640,5351681
BABAFP-SM,"BABA FOOD PROCESSING",34.75,5156097
BAFNAPH-BE,"BAFNA PHARMACEUTICALS",162.47,4540161
BAGDIGITAL-ST,"B.A.G.CONVERGENCE",100.75,194412289
BAGFILMS,"B.A.G FILMS AND MEDIA",7.1,2873857
BAHETI-SM,"BAHETI RECYCLING IND",569,3325185
BAIDFIN,"BAID FINSERV",10.56,3531265
BAJAJ-AUTO,"BAJAJ AUTO",8812,4267265
BAJAJCON,"BAJAJ CONSUMER CARE",247.71,4999937
BAJAJELEC,"BAJAJ ELECT.LTD",538,3848705
BAJAJFINSV,"BAJAJ FINSERV",2014.6,4268801
BAJAJHCARE,"BAJAJ HEALTHCARE",469.5,1756929
BAJAJHFL,"BAJAJ HOUSING FINANCE",110.15,6469121
BAJAJHIND,"BAJAJ HINDUSTHAN SUGAR LT",22.05,78849
BAJAJHLDNG,"BAJAJ HOLDINGS & INVS",11903,78081
BAJAJINDEF,"INDEF MANUFACTURING",410.45,7597569
BAJEL,"BAJEL PROJECTS",200.73,5255937
BAJFINANCE,"BAJAJ FINANCE",1022.5,81153
BALAJEE,"SHREE TIRUPATI BALAJEE L",52.27,6451969
BALAJIPHOS-ST,"BALAJI PHOSPHATES",154,7688449
BALAJITELE,"BALAJI TELEFILMS",124.9,2344449
BALAMINES,"BALAJI AMINES",1361.7,3712257
BALAXI,"BALAXI PHARMA",42.8,2895105
BALCO-SM,"SOLVE PLASTIC PRODUCTS L",28.95,6369025
BALKRISHNA,"BALKRISHNA PAPER MILLS L",23.92,2606337
BALKRISIND,"BALKRISHNA IND.",2280,85761
BALMLAWRIE,"BALMER LAWRIE & CO",205.7,86529
BALPHARMA,"BAL PHARMA",83.18,3440897
BALRAMCHIN,"BALRAMPUR CHINI MILLS",478.15,87297
BALUFORGE,"BALU FORGE INDUSTRIES",646,6043393
BANARBEADS,"BANARAS BEADS",148,88833
BANARISUG,"BANNARI AMMAN SUGARS",3273,89601
BANCOINDIA,"BANCO PRODUCTS (I)",808,3553281
BANDHANBNK,"BANDHAN BANK",163.28,579329
BANG,"BANG OVERSEAS",53.65,3917569
BANKA,"BANKA BIOLOO",85.15,210433
BANKBARODA,"BANK OF BARODA",264.5,1195009
BANKBEES,"NIP IND ETF BANK BEES",580,2928385
BANKBETF,"BFAM - BANKBETF",56.9,5628417
BANKETF,"MIRAEAMC - BANKETF",569.7,4459265
BANKETFADD,"DSPAMC - DSPBANKETF",57.41,3492865
BANKIETF,"ICICIPRAMC - IPRU5008",57.57,2825473
BANKINDIA,"BANK OF INDIA",125.85,1214721
BANKNIFTY1,"KOTAKMAMC-KOTAKBKETF",580.98,1497857
BANKPSU,"MIRAEAMC - BANKPSU",76.05,6585601
BANSALWIRE,"BANSAL WIRE INDUSTRIES L",331.1,6242817
BANSWRAS,"BANSWARA SYNTEX",125,3714817
BARBEQUE,"BARBEQUE NATION HOSP.",224.7,800513
BARFLEX-SM,"BARFLEX POLYFILMS",74,7469057
BASF,"BASF INDIA",4667.1,94209
BASILIC-SM,"BASILIC FLY STUDIO",364.35,4721153
BASML,"BANNARI AM SPIN MILL",26.28,3080705
BATAINDIA,"BATA INDIA",1172.9,94977
BAWEJA-SM,"BAWEJA STUDIOS",45.65,5778177
BAYERCROP,"BAYER CROPSCIENCE",5031.5,4589313
BBETF0432,"EDELAMC - BBETF0432",1299,1842177
BBL,"BHARAT BIJLEE",3315,3522817
BBNPNBETF,"BARODABNP - BBNPNBETF",56.28,6173953
BBNPPGOLD,"BARODABNP - BBNPPGOLD",118.9,5260033
BBOX,"BLACK BOX",548,879361
BBTC,"BOMBAY BURMAH TRADING COR",1844,97281
BBTCL,"B&B TRIPLEWALL CONT",189,3111169
BCG,"BRIGHTCOM GROUP",14.36,2261249
BCLIND,"BCL INDUSTRIES",40.12,643329
BCONCEPTS-BE,"BRAND CONCEPTS",344.05,1992449
BDL,"BHARAT DYNAMICS",1524.1,548865
BDR-IT,"BDR BUILDCON",87.65,1099265
BEACON-SM,"BEACON TRUSTEESHIP",59.8,6124033
BEARDSELL,"BEARDSELL",33.38,4590849
BECTORFOOD,"MRS BECTORS FOOD SPE",1262.6,416769
BEDMUTHA,"BEDMUTHA INDUST",137.5,5170177
BEL,"BHARAT ELECTRONICS",409.9,98049
BELLACASA,"BELLA CASA FASH AND RET L",398,194032129
BELRISE,"BELRISE INDUSTRIES",156,193818113
BEML,"BEML",4365,101121
BEPL,"BHANSALI ENG. POLYMERS LT",101.48,107265
BERGEPAINT,"BERGER PAINTS (I)",532.05,103425
BESTAGRO,"BEST AGROLIFE",339.9,590337
BETA-SM,"BETA DRUGS",1747,20737
BEWLTD-SM,"BEW ENGINEERING",140.5,1449473
BFINVEST,"BF INVESTMENT",477,5404929
BFSI,"MIRAEAMC - MAFSETF",27.55,1336321
BFUTILITIE,"BF UTILITIES",805,3729153
BGRENERGY-BE,"BGR ENERGY SYSTEMS",319.6,3889409
BHADORA-SM,"BHADORA INDUSTRIES",94.5,194105601
BHAGCHEM,"BHAGIRADHA CHEM & INDS L",247.8,1577985
BHAGERIA,"BHAGERIA INDUSTRIES",183,3430401
BHAGYANGR-BE,"BHAGYANAGAR INDIA",100.5,5324545
BHANDARI,"BHANDARI HOSIERY EXP",4.6,5006337
BHARATFORG,"BHARAT FORGE",1212,108033
BHARATGEAR-BE,"BHARAT GEARS",121.9,2405633
BHARATRAS,"BHARAT RASAYAN",9600,981505
BHARATSE,"BHARAT SEATS",215.6,7742465
BHARATWIRE,"BHARAT WIRE ROPES",160.39,4127489
BHARTIARTL,"BHARTI AIRTEL",1941,2714625
BHARTIHEXA,"BHARTI HEXACOM",1746.1,6013185
BHEL,"BHEL",239.45,112129
BIKAJI,"BIKAJI FOODS INTERN",732.15,3063297
BIKEWO-SM,"BIKEWO GREEN TECH",15,6534145
BIL,"BHARTIYA INTERNATIONAL",807.2,2009089
BILVYAPAR,"BIL VYAPAR",12.02,3488001
BIOCON,"BIOCON",352.5,2911489
BIOFILCHEM,"BIOFIL CHEM & PHARMA",40.99,1058817
BIRDYS-ST,"GRILL SPLENDOUR SER",129,6031873
BIRET-RR,"BROOKFIELD INDIA RET",344.76,563969
BIRLACABLE,"BIRLA CABLE",158,122113
BIRLACORPN,"BIRLA CORPORATION",1185.8,122881
BIRLAMONEY,"ADITYA BIRLA MONEY",175.64,3901185
BIRLANU,"BIRLANU",1925,372481
BLACKBUCK,"BLACKBUCK",679.15,6948865
BLAL,"BEML LAND ASSETS",209,3857153
BLBLIMITED,"BLB",15.98,2081793
BLISSGVS,"BLISS GVS PHARMA",157.9,4931841
BLKASHYAP,"B.L.KASHYAP & SON",58.53,3402241
BLS,"BLS INTL SERVS",336.5,4423425
BLSE,"BLS E-SERVICES",183.55,5776897
BLUECOAST-BE,"BLUE COAST HOTELS",54.25,2189313
BLUEDART,"BLUE DART EXPRESS",5500,126721
BLUEJET,"BLUE JET HEALTHCARE",653,5039617
BLUEPEBBLE-SM,"BLUE PEBBLE",173.85,5992961
BLUESTARCO,"BLUE STAR",1896,2127617
BLUESTONE,"BLUESTONE JEWEL LFSTL",760,194378497
BLUEWATER-SM,"BLUE WATER LOGISTICS",162,194094593
BLUSPRING,"BLUSPRING ENTERPRISES",78.95,193925121
BMETRICS-SM,"BOMBAY METRICS S C",48.85,1549313
BMWVENTLTD-BE,"BMW VENTURES",57.55,194369793
BODALCHEM,"BODAL CHEMICALS",60.7,6404353
BOHRAIND,"BOHRA INDUSTRIES",21.75,2979841
BOMDYEING,"BOMBAY DYEING & MFG. CO L",171.21,131329
BORANA,"BORANA WEAVES",224.35,194027265
BOROLTD,"BOROSIL",346.75,4966657
BORORENEW,"BOROSIL RENEWABLES",604,806145
BOROSCI,"BOROSIL SCIENTIFIC",136.57,6147585
BOSCHLTD,"BOSCH",38495,558337
BOSS-SM,"BOSS PACKAGING SOLU",43.85,6430465
BPCL,"BHARAT PETROLEUM CORP  LT",344.5,134657
BPL,"BPL",76.9,135681
BRACEPORT-SM,"BRACE PORT LOGISTICS",77,6375681
BRIGADE,"BRIGADE ENTER.",920,3887105
BRIGHOTEL,"BRIGADE HOTEL VENTURE",81,193995265
BRITANNIA,"BRITANNIA INDUSTRIES",5877,140033
BRNL,"BHARAT ROAD NETWORK",24.81,5550849
BROOKS,"BROOKS LAB",131.49,6434817
BSE,"BSE",2332,5013761
BSE500IETF,"ICICIPRAMC - ICICI500",39.21,768257
BSHSL,"BOMBAY SUPER HYBRID SEEDS",124.11,207105
BSL,"BSL",161.03,143105
BSLGOLDETF,"ADITYBIRLA SL GOLD ETF-GR",109,6093825
BSLNIFTY,"ADITYBIRLA SL NIF ETF-GR",29.18,6343937
BSLSENETFG,"BIRLASLAMC - BSLSENETFG",82.07,1524993
BSOFT,"BIRLASOFT",359.75,1790465
BTML,"BODHI TREE MULTIMEDIA",8.55,3622401
BULKCORP-ST,"BULKCORP INTERNATIONAL L",75,6324225
BUTTERFLY,"BTRFLY GANDHI APPL",702.75,695297
BVCL-BE,"BARAK VALLEY CEM.",48,3859713
BYKE,"THE BYKE HOSPITALITY",68.79,2027265
C2C-ST,"C2C ADVANCED SYSTEMS",647.35,6982913
CADSYS-SM,"CADSYS (INDIA)",70,5586689
CAGL25A-N4,"CAGL25A-N4",1306,3188737
CAGL26-NA,"CAGL26-NA",1183,4729089
CAGL27-NC,"CAGL27-NC",1190,4732161
CAGL27A-N6,"CAGL27A-N6",1300,3192577
CAGL28-NE,"CAGL28-NE",1160,4735489
CALSOFT,"CALIFORNIA SOFTWARE CO LT",17.75,2135297
CALSOFTPP-E1,"CALSOFT RS.2.50 PPD UP",5.48,7668993
CAMLINFINE,"CAMLIN FINE SCIENCES",196,1591297
CAMPUS,"CAMPUS ACTIVEWEAR",277,2396673
CAMS,"COMPUTER AGE MNGT SER",3834,87553
CANARYS-SM,"CANARYS AUTOMATIONS",29.35,4958209
CANBK,"CANARA BANK",126.24,2763265
CANFINHOME,"CAN FIN HOMES",790,149249
CANTABIL,"CANTABIL RETAIL",247.35,5160961
CAPACITE,"CAPACITE INFRAPROJECT",277.1,5567745
CAPINVIT-IV,"CAPITAL INFRA TRUST",76.61,7464193
CAPITALSFB,"CAPITAL SMALL FIN BANK L",277.15,5804801
CAPLIPOINT,"CAPLIN POINT LAB",2028,999937
CAPTRUST,"CAPITAL TRUST",44.87,4978433
CARBORUNIV,"CARBORUNDUM UNIVERSAL",911.2,152321
CARERATING,"CARE RATINGS",1470.2,7452929
CARRARO,"CARRARO INDIA",460,7393025
CARTRADE,"CARTRADE TECH",2468.7,1384193
CARYSIL,"CARYSIL",910.55,481025
CASHIETF,"ICICIPRAMC - CASHIETF",1031.5,7715585
CASTROLIND,"CASTROL INDIA",200,320001
CBAZAAR-SM,"NET AVENUE TECHNOLOGIES L",4,5223937
CCCL,"CONS. CONST. CONSORT",23.96,3837953
CCHHL,"COUNTRY CLUB HOSP HOL",16.86,1634561
CCL,"CCL PRODUCTS (I)",826.05,2931713
CDSL,"CENTRAL DEPO SER (I)",1558,5420545
CEATLTD,"CEAT",3509,3905025
CEDAAR-SM,"CEDAAR TEXTILE",106.5,193967873
CEIGALL,"CEIGALL INDIA",260.9,6333953
CELEBRITY,"CELEBRITY FASHIONS",11.1,3369473
CELLECOR-SM,"CELLECOR GADGETS",34.75,4814337
CELLO,"CELLO WORLD",603.45,5067521
CELLPOINT-SM,"CELL POINT (INDIA)",18,4339201
CEMPRO,"CEMINDIA PROJECTS",808,1439233
CENTENKA,"CENTURY ENKA",481.45,158465
CENTEXT,"CENTURY EXTRUSIONS",28.86,2946817
CENTRALBK,"CENTRAL BANK OF INDIA",37.25,3812865
CENTRUM,"CENTRUM CAPITAL",33.46,628225
CENTUM,"CENTUM ELECTRONICS",2589.9,3835393
CENTURYPLY,"CENTURY PLYBOARDS (I)",785,3406081
CERA,"CERA SANITARYWARE",6020,3849985
CEREBRAINT-BZ,"CEREBRA INT TECH",8.5,7428097
CESC,"CESC",170.22,160769
CEWATER,"CONCORD ENVIRO SYSTEMS L",492.1,7363585
CGCL,"CAPRI GLOBAL CAPITAL",189.95,5204225
CGPOWER,"CG POWER AND IND SOL",761.8,194561
CGRAPHICS-SM,"CREATIVE GRAPHICS S IND L",224,6007809
CHALET,"CHALET HOTELS",941.5,2187777
CHAMBLFERT,"CHAMBAL FERTILIZERS",506.5,163073
CHAMUNDA-SM,"CHAMUNDA ELECTRICAL",52.45,7562497
CHANDAN-ST,"CHANDAN HEALTHCARE",274.3,7586817
CHAVDA-SM,"CHAVDA INFRA",101.1,4775425
CHEMCON,"CHEMCON SPECIAL CHEM",263,69121
CHEMFAB,"CHEMFAB ALKALIS",605,716545
CHEMPLASTS,"CHEMPLAST SANMAR",367.1,1394945
CHENNPETRO,"CHENNAI PETROLEUM CORP LT",799.1,524545
CHETANA-SM,"CHETANA EDUCATION",73.5,6304001
CHEVIOT,"CHEVIOT COMPANY",1144.5,2529025
CHOICEIN,"CHOICE INTERNATIONAL",797.75,2269697
CHOLAFIN,"CHOLAMANDALAM IN & FIN CO",1620.2,175361
CHOLAHLDNG,"CHOLAMANDALAM FIN HOL",1836.8,5565441
CIEINDIA,"CIE AUTOMOTIVE INDIA",416.6,3823873
CIF27-NM,"CIF27-NM",1075.3,5773569
CIF29-NO,"CIF29-NO",1111,5774849
CIFC26-NK,"CIFC26-NK",1121,5771521
CIFC26A-N9,"CIFC26A-N9",1173,4595713
CIFC28-NB,"CIFC28-NB",1187,4598785
CIFCZC25-ND,"CIFCZC25-ND",1154,5230849
CIFCZC26-NF,"CIFCZC26-NF",1147,5231873
CIFCZC26A-N3,"CIFCZC26A-N3",1210.38,3935233
CIFCZC28-NH,"CIFCZC28-NH",1121.05,5233921
CIFCZC28A-N5,"CIFCZC28A-N5",1187,3936257
CIFL,"CAPITAL INDIA FINANCE",34.95,193539841
CIGNITITEC,"CIGNITI TECHNOLOGIES",1646,1316353
CINELINE,"CINELINE INDIA",85.83,6953217
CINEVISTA,"CINEVISTA",17.48,2054145
CIPLA,"CIPLA",1513.4,177665
CLASSICEIL-SM,"CLASSIC ELECTRODE (IND) L",91.6,194236417
CLEAN,"CLEAN SCIENCE & TECH",1038.7,1292545
CLEDUCATE-BE,"CL EDUCATE",89.5,5179649
CLSEL,"CHAMAN LAL SETIA EXP",253.05,891393
CLSL-SM,"CROP LIFE SCIENCE",55.1,4674561
CMNL-SM,"CHAMAN METALLICS",151,3515137
CMRSL-SM,"CYBER MEDIA RES & SER",76.65,2930433
CMSINFO,"CMS INFO SYSTEMS",374.95,1946369
COALINDIA,"COAL INDIA",383.3,5215745
COASTCORP,"COASTAL CORPORATION",36.75,1537537
COCHINSHIP,"COCHIN SHIPYARD",1792.2,5506049
COFFEEDAY-BE,"COFFEE DAY ENTERPRISE",42.7,2859265
COFORGE,"COFORGE",1720.1,2955009
COHANCE,"COHANCE LIFESCIENCES",881,4593921
COLPAL,"COLGATE PALMOLIVE",2208.7,3876097
COMMITTED-ST,"COMMITTED CARGO CARE",238,4996097
COMMOIETF,"ICICIPRAMC - ICICICOMMO",92.45,3378689
COMPINFO-BZ,"COMPUAGE INFOCOM",1.7,5035521
COMPUSOFT,"COMPUCOM SOFTWARE",18.98,7971329
COMSYN,"COMMERCIAL SYN BAGS",158.5,5523969
CONCOR,"CONTAINER CORP OF IND",537.75,1215745
CONCORDBIO,"CONCORD BIOTECH",1588,4623361
CONFIPET,"CONFIDENCE PETRO IND",42.2,2620929
CONNPLEX-SM,"CONNPLEX CINEMAS",208.9,194163969
CONS,"KOTAKMAMC - KOTAKCONS",125.38,2691073
CONSOFINVT,"CONSO. FIN. & HOLD.",186.1,3003137
CONSUMBEES,"NIP IND ETF CONSUMPTION",135.89,623361
CONSUMER,"MIRAEAMC - CONSUMER",12.13,7416065
CONSUMIETF,"ICICIPRAMC - ICICICONSU",126.05,1650177
CONTI-SM,"CONTINENTAL SEED CHEM",26.25,647937
CONTROLPR,"CONTROL PRINT",777,4474113
COOLCAP-RE-ST,"COOL CAPS INDUSTRIES",2.8,194540801
COOLCAPS-SM,"COOL CAPS INDUSTRIES",81.95,2191361
CORALFINAC,"CORAL INDIA FIN & HOUS LT",43.3,1025793
CORDSCABLE,"CORDS CABLE INDUS",178.5,3909377
COROMANDEL,"COROMANDEL INTERNTL.",2236.5,189185
COSMOFIRST,"COSMO FIRST",900.2,189953
COUNCODOS,"COUNTRY CONDO S",6.96,4348417
CPCAP,"CP CAPITAL",124.73,5142017
CPEDU,"CAREER POINT EDUTECH",275.55,194288897
CPPLUS,"ADITYA INFOTECH",1360,194267649
CPS-SM,"C P S SHAPERS",728.95,4703233
CPSEETF,"CPSE ETF",92.9,595969
CRAFTSMAN,"CRAFTSMAN AUTOMATION",6585,730625
CRAYONS-SM,"CRAYONS ADVERTISING",49.5,4203265
CREATIVE,"CREATIVE NEWTECH",617.95,2855681
CREATIVEYE,"CREATIVE EYE",7.88,2402305
CREDITACC,"CREDITACCESS GRAMEEN",1380.3,1131777
CREST,"CREST VENTURES",352.15,3558401
CRISIL,"CRISIL",4635.8,193793
CRIZAC,"CRIZAC",280.65,194009601
CROMPTON,"CROMPT GREA CON ELEC",284.75,4376065
CROWN,"CROWN LIFTERS",155.55,2069249
CSBBANK,"CSB BANK",398.65,3831297
CSLFINANCE,"CSL FINANCE",281.75,2649601
CTE,"CAMBRIDGE TECH ENTER",38.71,3639809
CUB,"CITY UNION BANK",214.7,1459457
CUBEINVIT-IV,"CUBE HIGHWAYS TRUST",135.88,3859969
CUBEXTUB-BE,"CUBEXTUBINGS-ROLLSETT",95,2529537
CUDML-SM,"CASH UR DRIVE MARKETING L",140.1,194081025
CUMMINSIND,"CUMMINS INDIA",3950,486657
CUPID,"CUPID",239,4741121
CURAA-BE,"CURA TECHNOLOGIES",192.29,7728897
CURRENT-SM,"CURRENT INFRAPROJECTS",138.9,194294785
CYBERMEDIA-BE,"CYBER MEDIA (INDIA)",18.15,3032321
CYBERPP-X1,"CYBERMEDIA RS.5 PPD UP",8.26,194258433
CYBERTECH-BE,"CYBERTECH SYSTEMS & SOFTW",183.39,1549825
CYIENT,"CYIENT",1182.4,1471489
CYIENTDLM,"CYIENT DLM",458.4,4399873
DABUR,"DABUR INDIA",485.4,197633
DALBHARAT,"DALMIA BHARAT",2236.8,2067201
DALMIASUG,"DALMIA BHARAT SUG IN",367.5,199937
DAMCAPITAL,"DAM CAPITAL ADVISORS",246.62,7337473
DAMODARIND,"DAMODAR INDUSTRIES",32.93,4490497
DANGEE,"DANGEE DUMS",4.18,284161
DANISH-SM,"DANISH POWER",808,6637313
DATAMATICS,"DATAMATICS GLOBAL SER",876,2924289
DATAPATTNS,"DATA PATTERNS INDIA",2845,1883649
DAVANGERE,"DAVANGERE SUGAR COMPANY L",3.7,5579265
DBCORP,"D.B.CORP",264.1,4577537
DBEIL,"DEEPAK BUILDERS & ENG I L",168.1,6628353
DBL,"DILIP BUILDCON",516.5,4630017
DBOL,"DHAMPUR BIO ORGANICS",81.25,2788609
DBREALTY,"VALOR ESTATE",153.91,4639745
DBSTOCKBRO,"DB (INT) STOCK BROKERS",25.53,7963393
DCAL,"DISHMAN CARBO AMCIS",283,5556225
DCBBANK,"DCB BANK",129.45,3513601
DCCL-SM,"DAR CREDIT & CAPITAL",52.15,193819393
DCG-SM,"DCG CABLES & WIRES",67.05,6021121
DCI,"DC INFOTECH AND COMUN",246,2960897
DCM,"DCM",96.9,206081
DCMFINSERV,"DCM FINANCIAL SERVICES LT",5.75,1222401
DCMNVL,"DCM NOUVELLE",159.5,2825985
DCMSHRIRAM,"DCM SHRIRAM",1192.4,207617
DCMSRIND,"DCM SHRIRAM IND",170.95,1875201
DCW,"DCW",69.5,209153
DCXINDIA,"DCX SYSTEMS",242.5,3045121
DDEVPLSTIK,"DDEV PLASTIKS IND",327.25,7449089
DECCANCE,"DECCAN CEMENTS",1012,3798529
DECCANTRAN-SM,"DECCAN TRANSCON LEASING L",32.55,6507777
DEEDEV,"DEE DEVELOPMENT ENG",271,6183425
DEEM-SM,"DEEM ROLL TECH",53,5836545
DEEPAKFERT,"DEEPAK FERTILIZERS & PETR",1510,211713
DEEPAKNTR,"DEEPAK NITRITE",1780.5,5105409
DEEPINDS,"DEEP INDUSTRIES",486.5,842753
DELAPLEX-SM,"DELAPLEX",184.6,5766913
DELHIVERY,"DELHIVERY",468.9,2457345
DELPHIFX-BE,"DELPHI WORLD MONEY",239,6245121
DELTACORP,"DELTA CORP",78.99,3851265
DELTAMAGNT,"DELTA MANUFACTURING",74,310785
DELTIC-SM,"DELTA AUTOCORP",60.25,7447553
DEN,"DEN NETWORKS",34.01,4536833
DENEERS-SM,"DE NEERS TOOLS",176.6,3954945
DENORA,"DE NORA INDIA",812,1095425
DENTA,"DENTA WATER N INFRA SOL L",438,7489537
DENTALKART-SM,"VASA DENTICITY",591.9,4212225
DESTINY-SM,"DESTINY LOGISTICS & I",130.7,1558273
DEVIT,"DEV INFO TECHNOLOGY",40.95,2085377
DEVX,"DEV ACCELERATOR",50.11,194324225
DEVYANI,"DEVYANI INTERNATIONAL",165,1375489
DGCONTENT-BE,"DIGICONTENT",35.89,2651649
DHAMPURSUG,"DHAMPUR SUGAR MILLS",143,219393
DHANBANK,"DHANLAXMI BANK",25.27,2907905
DHANI,"DHANI SERVICES",60.25,3938305
DHANLAXMI-SM,"DHANLAXMI CROP SCIENCE L",41.5,7097089
DHANUKA,"DHANUKA AGRITECH",1485.3,6248705
DHARAN-BZ,"DHARAN INFRA-EPC",0.54,194355969
DHARIWAL-SM,"DHARIWALCORP",195.3,6335233
DHARMAJ,"DHARMAJ CROP GUARD",305.15,3328257
DHRUV,"DHRUV CONSULTANCY SER",52,1755649
DHTL-ST,"DOCMODE HEALTH TECH",100.4,5769473
DHUNINV,"DHUNSERI INVESTMENTS",1402,5691649
DIACABS,"DIAMOND POWER INFRA",143.3,4747009
DIAMINESQ,"DIAMINES & CHEMICALS",293.05,4772865
DIAMONDYD,"PRATAAP SNACKS",1015,5591041
DICIND,"DIC INDIA",542,179969
DIFFNKG,"DIFFUSION ENGINEERS",366.1,6572033
DIGIDRIVE,"DIGIDRIVE DISTRIBUTORS L",29.65,5439233
DIGIKORE-SM,"DIGIKORE STUDIOS",146,4899329
DIGISPICE-BE,"DIGISPICE TECHNOLOGIES LT",27.05,4271873
DIGITIDE,"DIGITIDE SOLUTIONS",170.07,193923841
DIGJAMLMTD-BE,"DIGJAM",56.8,1570817
DIL,"DEBOCK INDUSTRIES",2.07,2216193
DISHTV,"DISH TV INDIA",4.86,3721473
DIVGIITTS,"DIVGI TORQTRANSFER SYST L",632.5,3706625
DIVINEHIRA-ST,"DIVINE HIRA JEWELLERS",105,7747073
DIVISLAB,"DIVI S LABORATORIES",6123.5,2800641
DIVOPPBEES,"NIP IND ETF DIV OPP",78.5,674817
DIVYADHAN-SM,"DIVYADHAN RECYCLING IND L",40.2,6573313
DIXON,"DIXON TECHNO (INDIA)",17083,5552641
DJML,"DJ MEDIAPRINT & LOG",98.48,3263745
DKEGL-SM,"D K ENTERPRISES GLOBAL L",70.45,1599745
DLF,"DLF",729,3771393
DLINKINDIA,"D-LINK INDIA",473.1,4569857
DMART,"AVENUE SUPERMARTS",4311,5097729
DMCC,"DMCC SPECIALITY CHEMICALS",295,1785089
DNAMEDIA,"DILIGENT MEDIA CORP",4.6,164097
DODLA,"DODLA DAIRY",1323,1234433
DOLATALGO,"DOLAT ALGOTECH",79.5,3103745
DOLLAR,"DOLLAR INDUSTRIES",362.95,5263361
DOLLEX-SM,"DOLLEX AGROTECH",41,3410689
DOLPHIN,"DOLPHIN OFF ENT (IND) L",388,4643585
DOMS,"DOMS INDUSTRIES",2556,5261057
DONEAR,"DONEAR IND.",92.99,3542785
DPABHUSHAN,"D. P. ABHUSHAN",1420.1,239617
DPEL-ST,"DIVINE POWER ENERGY",270.1,6217985
DPSCLTD,"DPSC",12.03,3947265
DPWIRES,"D P WIRES",235,4326401
DRCSYSTEMS,"DRC SYSTEMS INDIA",19.96,677121
DREAMFOLKS-BE,"DREAMFOLKS SERVICES",120.34,2780673
DREDGECORP,"DREDGING CORP OF INDIA",615.45,2885377
DRL-SM,"DHANUKA REALTY",25,4804865
DRONE-SM,"DRONE DESTINATION",68.8,4447233
DRREDDY,"DR. REDDY S LABORATORIES",1246,225537
DRSCARGO-ST,"DRS CARGO MOVERS",50.3,6012929
DRSDILIP-SM,"DRS DILIP ROADLINES",93.1,1711617
DSSL,"DYNACONS SYS & SOLN",948.55,6576641
DTIL,"DHUNSERI TEA & IND.",183.5,1594113
DTL-SM,"DIENSTEN TECH",159,6224129
DUCOL-SM,"DUCOL ORGS AND COLOURS LT",165,3524097
DUCON,"DUCON INFRATECHNOLOGIES L",4.92,7411713
DUGLOBAL-SM,"DUDIGITAL GLOBAL",35.05,1396993
DURLAX-SM,"DURLAX TOP SURFACE",38,6185985
DVL,"DHUNSERI VENTURES",358,3894785
DWARKESH,"DWARIKESH SUGAR IND",43.3,2986753
DYCL,"DYNAMIC CABLES",396.8,2666753
DYNAMATECH,"DYNAMATIC TECHNOLOGIES",7723,1158401
DYNAMIC-SM,"DYNAMIC SRVCS & SEC",123.25,1556225
DYNPRO,"DYNEMIC PRODUCTS",320.4,5456385
E2E,"E2E NETWORKS",3458.9,2287873
EASEMYTRIP,"EASY TRIP PLANNERS",7.93,714753
EASTSILK-BE,"EASTERN SILK INDUSTRIES L",57.64,2500865
EBANKNIFTY,"EDELAMC - EBANKNIFTY",56.68,6466049
EBBETF0430,"EDELAMC - EBBETF0430",1546,4160769
EBBETF0431,"EDELAMC - EBBETF0431",1381.2,5693185
EBBETF0433,"EDELAMC - EBBETF0433",1262,3363585
EBGNG,"GNG ELECTRONICS",342.7,194012673
ECAPINSURE,"EDELAMC - ECAPINSURE",23.31,7428865
ECLERX,"ECLERX SERVICES",3969,3885825
ECOLINE-ST,"ECOLINE EXIM",135.8,194550785
ECOSMOBLTY,"ECOS (INDIA) MOB & HOSP L",225.9,6415361
EDELWEISS,"EDELWEISS FIN SERV",112.7,3870465
EEPL-SM,"EPPELTONE ENGINEERS",192,194136577
EFACTOR-SM,"E FACTOR EXPERIENCES",287.1,4932353
EFCIL,"EFC (I)",312.95,194220801
EFFWA-SM,"EFFWA INFRA & RESEARCH L",220.3,6255361
EFORCE-SM,"ELECTRO FORCE (INDIA)",36,5350145
EGOLD,"EDELAMC - EGOLD",122.7,5102849
EICHERMOT,"EICHER MOTORS",6880,232961
EIDPARRY,"EID PARRY INDIA",1039.5,234497
EIEL,"ENVIRO INFRA ENGINEERS L",243.62,6966529
EIFFL-BE,"EURO (I) FRESH FOODS",224.5,1546753
EIHAHOTELS,"EIH ASSOCIATED HOTELS - OBEROI HOTELS",380,3942145
EIHOTEL,"EIH - OBEROI HOTELS",389.2,235265
EIMCOELECO,"EIMCO ELECON (INDIA)",2010,1034241
EKC,"EVEREST KANTO CYLINDERLTD",142.48,3351297
ELDEHSG,"ELDECO HSG & IND",805.3,2291969
ELECON,"ELECON ENG. CO.",603.85,3492609
ELECTCAST,"ELECTROSTEEL CASTINGS",95.62,237569
ELECTHERM,"ELECTROTHERM (I)",1138,1144065
ELGIEQUIP,"ELGI EQUIPMENTS",486.1,239873
ELGIRUBCO-BE,"ELGI RUBBER CO.",65.4,6381569
ELGNZ-SM,"ELEGANZ INTERIORS",133.7,7576321
ELIN,"ELIN ELECTRONICS",200.65,3436289
ELLEN,"ELLENBARRIE INDUS GASES L",435.95,194192129
ELM250,"EDELAMC - ELM250",16.38,194291713
EMAMILTD,"EMAMI",541.5,3460353
EMAMIPAP,"EMAMI PAPER MILLS",101.51,2578945
EMAMIREAL,"EMAMI REALTY",100,4934913
EMAPARTNER-SM,"EMA PARTNERS INDIA",99.05,7482625
EMBASSY-RR,"EMBASSY OFFICE PARKS REIT",425.22,2402049
EMBDL,"EMBASSY DEVELOPMENTS",93.99,3699201
EMCURE,"EMCURE PHARMACEUTICALS L",1398.1,6245889
EMIL,"ELECTRONICS MART IND",143.45,2951681
EMKAY-BE,"EMKAY GLOBAL FIN SERV",318.55,3436545
EMKAYTOOLS-SM,"EMKAY TAP & CUT. TOOL",142.8,2624769
EMMBI,"EMMBI INDUSTRIES",96.2,4644353
EMMIL-SM,"ENERGY MISSION MACH IND L",171.85,6078721
EMSLIMITED,"EMS",544.75,4759809
EMUDHRA,"EMUDHRA",665.9,2497537
EMULTIMQ,"EDELAMC - EMULTIMQ",41.95,6654977
ENDURANCE,"ENDURANCE TECHNO.",2923,4818433
ENERGYDEV,"ENERGY DEVE. CO.LTD",20.16,3852545
ENFUSE-SM,"ENFUSE SOLUTIONS",190,5945345
ENGINERSIN,"ENGINEERS INDIA",202,1256193
ENIL,"ENTERTAIN NET. IND.",149,3377153
ENRIN,"SIEMENS ENERGY INDIA",3249,193758977
ENSER-SM,"ENSER COMMUNICATIONS",23,5946881
ENTERO,"ENTERO HEALTHCARE SOLU L",1132,5815553
ENVIRO-SM,"ENVIROTECH SYSTEMS",154,6505473
EPACK,"EPACK DURABLE",343.7,5750529
EPACKPEB,"EPACK PREFAB TECHN",190.5,194368257
EPIGRAL,"EPIGRAL",1710,1377793
EPL,"EPL",211.75,251137
EQUAL200,"MIRAEAMC - EQUAL200",13.19,7710977
EQUAL50,"MIRAEAMC - EQUAL50",323.76,193828353
EQUAL50ADD,"DSPAMC - DSPNEWETF",333.4,1691137
EQUIPPP-BE,"EQUIPPP SOC IMP TECH",20,909569
EQUITASBNK,"EQUITAS SMALL FIN BNK",55.83,233729
ERIS,"ERIS LIFESCIENCES",1592.4,5415425
ESABINDIA,"ESAB INDIA",4962.5,244481
ESAFSFB,"ESAF SMALL FINANCE BANK L",28.95,5088769
ESCONET-SM,"ESCONET TECHNOLOGIES",271.6,5827585
ESCORTS,"ESCORTS KUBOTA",3636,245249
ESFL-SM,"ESSEN SPECIALITY FILMS L",250.1,4373505
ESG,"MIRAEAMC - MAESGETF",42.96,307201
ESILVER,"EDELAMC - ESILVER",162,5185793
ESPRIT-SM,"ESPRIT STONES",71.95,6317569
ESSARSHPNG,"ESSAR SHIPPING",30.78,6562305
ESSENTIA,"INTEGRA ESSENTIA",1.7,7762689
ESTER,"ESTER INDUSTRIES",117.05,6211841
ETERNAL,"ETERNAL - ZOMATO",345.5,1304833
ETHOSLTD,"ETHOS",2701.2,2496001
ETL-SM,"EMKAY TOOLS",880,194199297
ETML-SM,"EMERALD TYRE MANUF",121,7073025
EUREKAFORB,"EUREKA FORBES",549.75,6441473
EUROPRATIK,"EURO PRATIK SALES",261.55,194508033
EUROTEXIND,"EUROTEX INDUSTRIES",14.26,255745
EVEREADY,"EVEREADY INDS. IND. ",368.9,3016193
EVERESTIND,"EVEREST INDUSTRIES",695,254209
EVIETF,"ICICIPRAMC - EVIETF",31.05,193505537
EVINDIA,"MIRAEAMC - EVINDIA",31.1,6262017
EXCEL-BE,"EXCEL REALTY N INFRA",1.63,4449281
EXCELINDUS,"EXCEL INDUSTRIES",1129,2936577
EXCELLENT-SM,"EXCELLENT WIRES N PACK L",47.5,6482945
EXICOM,"EXICOM TELE SYSTEMS",143.82,5874433
EXIDEIND,"EXIDE INDUSTRIES",399,173057
EXPLEOSOL,"EXPLEO SOLUTIONS",994.15,4476417
EXXARO,"EXXARO TILES",7.88,1370113
FABTECH-BE,"FABTECH TECHNOLOGIES",189.4,194592257
FACT,"FACT",889.95,258049
FAIRCHEMOR,"FAIRCHEM ORGANICS",760.2,413185
FALCONTECH-ST,"FALCON TECHNOPROJ IND",17.75,6183169
FAZE3Q,"FAZE THREE",489,3072001
FCL,"FINEOTEX CHEMICAL",240.49,1586689
FCSSOFT,"FCS SOFTWARE SOLN.",2.17,3071745
FDC,"FDC",450,1253889
FEDERALBNK,"FEDERAL BANK",207.2,261889
FEDFINA,"FEDBANK FINANCIAL SER L",158.38,5202433
FEL-BZ,"FUTURE ENTERPRISES",0.55,3535873
FELDVR-BZ,"FUTURE ENTERPRISES",3.45,7805697
FELIX-SM,"FELIX INDUSTRIES",196.95,146689
FIBERWEB,"FIBERWEB INDIA",43.01,2088705
FIDEL-SM,"FIDEL SOFTECH",174,2523649
FIEMIND,"FIEM INDUSTRIES",1972.8,3509761
FILATEX,"FILATEX INDIA",51.52,6280193
FILATFASH,"FILATEX FASHIONS",0.53,6053633
FINCABLES,"FINOLEX CABLES",808.4,265729
FINEORG,"FINE ORGANIC IND.",4572,958465
FINIETF,"ICICIPRAMC-ICICIFIN",30.9,3219969
FINKURVE,"FINKURVE FINANCIAL SERV L",120.99,194365185
FINOPB,"FINO PAYMENTS BANK",302.5,1684225
FINPIPE,"FINOLEX INDUSTRIES",194,266497
FIRSTCRY,"BRAINBEES SOLUTIONS",374.6,6352385
FISCHER,"FISCHER MEDICAL VENTURE L",91.53,193960449
FIVESTAR,"FIVE-STAR BUS FIN",524.95,3080193
FLAIR,"FLAIR WRITING INDUST",318,5215233
FLEXITUFF,"FLEXITUFF VENTURES INT L",21.81,6531073
FLFL-BZ,"FUT LIFESTYLE FASH",1.77,3806209
FLUOROCHEM,"GUJARAT FLUOROCHEM",3766,3520001
FLYSBS-ST,"FLYSBS AVIATION",535,194102017
FMCGIETF,"ICICIPRAMC - ICICIFMCG",58.52,1358337
FMGOETZE,"FEDERAL-MOGUL GOETZE (IND",494.95,304641
FMNL,"FUTURE MKT NETWORKS",9.18,5380353
FOCE-SM,"FOCE INDIA",1955,1890561
FOCUS,"FOCUS LIGHTG & FIXTRS",87,1750017
FONEBOX-SM,"FONEBOX RETAIL",97.9,5764353
FOODSIN,"FOODS & INNS",83,1708289
FORCAS-SM,"FORCAS STUDIO",107.05,6377985
FORCEMOT,"FORCE MOTORS",15310,2962689
FORGEAUTO-ST,"FORGE AUTO INTERNATION L",146.1,6570753
FORTIS,"FORTIS HEALTHCARE",1067.5,3735553
FOSECOIND,"FOSECO INDIA",5550.5,274689
FRESHARA-SM,"FRESHARA AGRO EXPORTS",170.35,6622209
FROG-SM,"FROG CELLSAT",227,2944257
FSC-BZ,"FUTURE SUPP CHAIN SOL",2.48,3744769
FSL,"FIRSTSOURCE SOLU.",328.4,3661825
FUSION,"FUSION FINANCE",193.2,3054593
FUSIONPP-E1,"FUSION RS.5 PPD UP",113,193749249
GABRIEL,"GABRIEL INDIA",1292,277761
GAEL,"GUJARAT AMBUJA EXPORTS LT",103.98,2259969
GAIL,"GAIL (INDIA)",178.49,1207553
GAJANAND-SM,"GAJANAND INTERNATIONAL L",11.45,6462465
GALAPREC,"GALA PRECISION ENG",770,6434305
GALAXYSURF,"GALAXY SURFACTANTS",2264,336641
GALLANTT,"GALLANTT ISPAT",662,3414273
GANDHAR,"GANDHAR OIL REFINE IND L",138.98,5197569
GANDHITUBE,"GANDHI SPL. TUBES",952,3613697
GANECOS,"GANESHA ECOSPHERE",1226.5,1777665
GANESHBE,"GANESH BENZOPLAST",87.6,1437185
GANESHCP,"GANESH CONSUMER PRODUCT L",294.35,194307073
GANESHHOU,"GANESH HOUSING",820,3670785
GANESHIN-SM,"GANESH INFRAWORLD",233,6998785
GANGABATH-SM,"GANGA BATH FITTINGS",25.2,193926401
GANGAFORGE,"GANGA FORGING",3.55,1268993
GANGESSECU,"GANGES SECURITIES",150,5478145
GARFIBRES,"GARWARE TECH FIBRES",750,281601
GARUDA,"GARUDA CONSTRUCT N ENG L",197,6604801
GATECH,"GACM TECHNOLOGIES",0.72,4579329
GATECHDVR-BE,"GACM TECHNOLOGIES",0.55,6913
GATEWAY,"GATEWAY DISTRIPARKS",62.35,2178561
GAYAHWS-BE,"GAYATRI HIGHWAYS",3.88,946945
GCHOTELS-ST,"GRAND CONTINENT HOTELS L",211.65,7753985
GCSL,"GRETEX CORPORATE SERVICES",240,194300417
GEECEE,"GEECEE VENTURES",333.5,3496449
GEEKAYWIRE,"GEEKAY WIRES",67.98,4588033
GEMAROMA,"GEM AROMATICS",250.65,194422017
GENCON,"GENERIC ENG CONS PROJ",49.79,560129
GENESYS,"GENESYS INTL CORPN",480.15,2791681
GENUSPAPER,"GENUS P&B",17.02,1689601
GENUSPOWER,"GENUS POWER INFRASTRU",303,3047681
GEOJITFSL,"GEOJIT FINANCIAL SER L",77.61,3045377
GESHIP,"THE GE SHPG.LTD",1049.3,3526657
GFLLIMITED,"GFL",61.9,329985
GHCL,"GHCL",632.4,288513
GHCLTEXTIL,"GHCL TEXTILES",76.92,4274177
GICHSGFIN,"GIC HOUSING FINANCE",172.6,291585
GICL-SM,"GLOBE INTL CARRIERS",171.95,4816641
GICRE,"GENERAL INS CORP OF INDIA",377.7,70913
GILLANDERS,"GILLANDERS ARBUTHNOT",126.7,4566785
GILLETTE,"GILLETTE INDIA",9500,403457
GILT5YBEES,"RELCAPAMC - NETFGILT5Y",63.17,812033
GINNIFILA-BE,"GINNIFILAMENTS",44.01,2379265
GIPCL,"GUJ IND POW CO.",182.5,293121
GIRIRAJ-SM,"GIRIRAJ CIVIL DEVP",360,605441
GKENERGY,"GK ENERGY",192.34,194316289
GKWLIMITED,"GKW",1705,4443393
GLAND,"GLAND PHARMA",1945,303617
GLAXO,"GLAXOSMITHKLINE PHARMA LT",2755,295169
GLENMARK,"GLENMARK PHARMACEUTICALS",1935.2,1895937
GLFL,"GUJARAT LEASE FINANCING L",6.16,295937
GLOBAL,"GLOBAL EDUCATION",61.51,362241
GLOBALE,"GLOBALE TESSILE",12.85,6382593
GLOBALPET-SM,"GLOBAL PET INDUSTRIES",145,4394753
GLOBALVECT,"GLOBAL VEC HELICORP",182.85,3516161
GLOBE,"GLOBE TEXTILES (I)",2.18,100609
GLOBECIVIL,"GLOBE CIVIL PROJECTS",71.9,194194433
GLOBUSSPR,"GLOBUS SPIRITS",1113,4460545
GLOSTERLTD,"GLOSTER",643,6039041
GLOTTIS,"GLOTTIS",82.64,194589697
GMBREW,"G M BREWERIES",896,299009
GMDCLTD,"GUJARAT MINERAL DEV CORP",630.1,1332225
GML-SM,"GALAXY MEDICARE",20.4,194326785
GMMPFAUDLR,"GMM PFAUDLER",1046.4,401921
GMRAIRPORT,"GMR AIRPORTS",90.64,3463169
GMRP&UI,"GMR POW AND URBAN INFRA L",113.19,2183425
GNA,"GNA AXLES",313.5,4754177
GNFC,"GUJ NAR VAL FER & CHEM L",495.55,300545
GOACARBON,"GOA CARBON",452,3759873
GOCLCORP,"GOCL CORPORATION",352.9,1014529
GOCOLORS,"GO FASHION INDIA",676.2,1782785
GODAVARIB,"GODAVARI BIOREFINERIES L",249,6640897
GODFRYPHLP,"GODFREY PHILLIPS INDIA LT",3295,302337
GODHA-BE,"GODHA CABCON INSULAT",0.58,412161
GODIGIT,"GO DIGIT GENERAL INS",360,6092545
GODREJAGRO,"GODREJ AGROVET",666,36865
GODREJCP,"GODREJ CONSUMER PRODUCTS",1128.9,2585345
GODREJIND,"GODREJ INDUSTRIES",1069.6,2796801
GODREJPROP,"GODREJ PROPERTIES",2034,4576001
GOENKA-BZ,"GOENKA DIAMOND&JEWELS",1.02,1282561
GOKEX,"GOKALDAS EXPORTS",740,3015169
GOKUL,"GOKUL REFOILS & SOLV",42.89,4276481
GOKULAGRO,"GOKUL AGRO RESOURCES",370,3706881
GOLD1,"KOTAK GOLD ETF",102.24,3803649
GOLD360,"360ONEAMC - GOLD360",122.85,7706881
GOLDBEES,"NIP IND ETF GOLD BEES",101.41,3693569
GOLDCASE,"ZERODHA GOLD ETF",19.31,5862657
GOLDENTOBC-BZ,"GOLDEN TOBACCO",34.19,2974465
GOLDETF,"MIRAEAMC - MAGOLDETF",119.4,3657217
GOLDETFADD,"DSPAMC - DSPGOLDETF",119,3931137
GOLDIAM,"GOLDIAM INTERNATIONAL",373.9,3064577
GOLDIETF,"ICICI PRUDENTIAL GOLD ETF",104.79,5037825
GOLDKART-ST,"GOLDKART JEWELS",252,3507457
GOLDSHARE,"UTI GOLD ETF",103.2,3720961
GOLDSTAR-SM,"GOLDSTAR POWER",8.5,257
GOLDTECH,"AION-TECH SOLUTIONS",60,2527745
GOODLUCK,"GOODLUCK INDIA",1298,1568001
GOPAL,"GOPAL SNACKS",353.85,5904897
GOYALALUM,"GOYAL ALUMINIUMS",7.1,3017473
GOYALSALT-SM,"GOYAL SALT",180,4955137
GPECO-ST,"GP ECO SOLUTIONS INDIA L",543,6172929
GPIL,"GODAWARI POW & ISP",242.95,3432705
GPPL,"GUJARAT PIPAVAV PORT",160,5051137
GPTHEALTH,"GPT HEALTHCARE",149.15,5848577
GPTINFRA,"GPT INFRAPROJECTS",111.92,4527361
GRANULES,"GRANULES INDIA",566,3039233
GRAPHISAD-SM,"GRAPHISADS",34,5236225
GRAPHITE,"GRAPHITE INDIA",586,151553
GRASIM,"GRASIM INDUSTRIES",2805.1,315393
GRAVITA,"GRAVITA INDIA",1616.8,5256705
GRCL-SM,"GAYATRI RUBB AND CHEM",388.5,3597313
GREAVESCOT,"GREAVES COTTON",208.75,316161
GREENCHEF-SM,"GREENCHEF APPLIANCES",61,4375553
GREENLAM,"GREENLAM INDUSTRIES",246,1753089
GREENLEAF-ST,"GREENLEAF ENVIROTECH",130.1,194413313
GREENPANEL,"GREENPANEL INDUSTRIES",303,3535361
GREENPLY,"GREENPLY INDUSTRIES",291.15,1020673
GREENPOWER,"ORIENT GREEN POWER CO",12.91,5148161
GRETEX-SM,"GRETEX INDUSTRIES",199,4797697
GRINDWELL,"GRINDWELL NORTON",1680,3471361
GRINFRA,"G R INFRAPROJECTS",1289,1293825
GRMOVER,"GRM OVERSEAS",400.1,2782977
GROBTEA,"THE GROB TEA COMPANY",1005,4549121
GROWWDEFNC,"GROWWAMC - GROWWDEFNC",80.95,6594049
GROWWEV,"GROWWAMC - GROWWEV",31.1,6348289
GROWWGOLD,"GROWWAMC - GROWWGOLD",120.47,6623233
GROWWLIQID,"GROWWAMC - GROWWLIQID",106.08,6514433
GROWWLOVOL,"GROWWAMC - GROWWLOVOL",10.39,194124801
GROWWMOM50,"GROWWAMC - GROWWMOM50",10.56,193558017
GROWWN200,"GROWWAMC - GROWWN200",11.34,7647233
GROWWNET,"GROWWAMC - GROWWNET",10.9,194000385
GROWWNIFTY,"GROWWAMC - GROWWNIFTY",10.07,194226433
GROWWNXT50,"GROWWAMC - GROWWNXT50",68.32,194421249
GROWWPOWER,"GROWWAMC - GROWWPOWER",10.12,194090241
GROWWRAIL,"GROWWAMC - GROWWRAIL",35.46,7558913
GROWWRLTY,"GROWWAMC - GROWWRLTY",9.96,194413569
GROWWSLVR,"GROWWAMC - GROWWSLVR",167.28,193747713
GRPLTD,"GRP",2160,1675009
GRSE,"GARDEN REACH SHIP&ENG",2735,1401601
GRWRHITECH,"GARWARE HI-TECH FILMS",2955.2,2043393
GS150626C-GS,"GOI STRIPS C 150626",77.55,1124609
GS151225C-GS,"GOI STRIPS C 151225",80.19,1104385
GS151226C-GS,"GOI STRIPS C 151226",74.95,1128705
GS220231C-GS,"GOI STRIPS C 220231",52.81,1133825
GSEC10ABSL,"BIRLASLAMC - GSEC10ABSL",110.09,6360833
GSEC10IETF,"ICICIPRAMC - ICICI10GS",258.89,3364609
GSEC10YEAR,"MIRAEAMC - MAGS813ETF",29.47,3824129
GSEC5IETF,"ICICIPRAMC - ICICI5GSEC",63.66,2135553
GSFC,"GUJ STATE FERT & CHEM",193.74,319233
GSLSU,"GLOBAL SURFACES",93.4,3737345
GSMFOILS-ST,"GSM FOILS",220.15,6116097
GSPL,"GUJARAT STATE PETRO",318,3378433
GSS,"GSS INFOTECH",26.29,3928833
GSTL-SM,"GLOBESECURE TECHNO",8.1,2499585
GTECJAINX,"G-TEC JAINX EDUCATION",24.12,289025
GTL,"GTL",9.37,297473
GTLINFRA,"GTL INFRA.LTD",1.48,3518721
GTPL,"GTPL HATHWAY",105.81,5425921
GUFICBIO,"GUFIC BIOSCIENCES",366,2971137
GUJALKALI,"GUJARAT ALKALIES & CHEM",560,324353
GUJAPOLLO-BE,"GUJ. APOLLO IND.",471.4,3758337
GUJGASLTD,"GUJARAT GAS",428,2713345
GUJRAFFIA,"GUJARAT RAFFIA INDUST",38.9,1164289
GUJTHEM,"GUJARAT THEMIS BIOSYN",416,7611137
GULFOILLUB,"GULF OIL LUB. IND.",1224,1124097
GULFPETRO,"GP PETROLEUMS",39.81,2964737
GULPOLY,"GULSHAN POLYOLS",143.4,1609217
GURUNANAK-ST,"GURUNANAK AGRICULTUR IN L",44.15,194371585
GVKPIL-BE,"GVK POW. & INFRA",3.57,3386625
GVPIL,"GE POWER INDIA",320.95,2012673
GVPTECH,"GVP INFOTECH",9.67,2781441
GVPTECHPP-E1,"GVPTECH RE.1 PPD UP",4.96,194082817
GVT&D,"GE VERNOVA T&D INDIA",3040.4,4296449
HAL,"HINDUSTAN AERONAUTICS",4857,589569
HANGSENG BEES-NAV,"HANGSENG BEES-NAV",2297.11,264713
HAPPSTMNDS,"HAPPIEST MINDS TECHNO",498,12289
HAPPYFORGE,"HAPPY FORGINGS",931,5338625
HARDWYN,"HARDWYN INDIA",13.4,2294273
HARIOMPIPE,"HARIOM PIPE INDUSTRIES L",469.2,2295809
HARRMALAYA,"HARRISON MALAYALAM",202,336129
HARSHA,"HARSHA ENGINEERS INT",390,2857473
HATHWAY,"HATHWAY CABLE & DATACOM",13.99,4647425
HATSUN,"HATSUN AGRO PRODUCT",885.2,996353
HAVELLS,"HAVELLS INDIA",1486,2513665
HAVISHA-BE,"SRI HAVISHA HOSP & INFR L",1.99,2154753
HBLENGINE,"HBL ENGINEERING",872.2,3575297
HBSL,"HB STOCKHOLDINGS",87.63,1053697
HCC,"HINDUSTAN CONSTRUCTION CO",27.8,352001
HCG,"HEALTHCARE GLOB. ENT.",686,3982081
HCL-INSYS,"HCL INFOSYSTEMS",15.09,339713
HCLTECH,"HCL TECHNOLOGIES",1484.5,1850625
HDBFS,"HDB FINANCIAL SERVICES L",732.55,193989633
HDFCAMC,"HDFC AMC",5473,1086465
HDFCBANK,"HDFC BANK",975,341249
HDFCBSE500,"HDFCAMC - HDFCBSE500",37.55,3642881
HDFCGOLD,"HDFC GOLD ETF",105.03,5003009
HDFCGROWTH,"HDFCAMC - HDFCGROWTH",123.2,2877697
HDFCLIFE,"HDFC LIFE INS CO",753.7,119553
HDFCLIQUID,"HDFCAMC - HDFCLIQUID",1031.03,4679425
HDFCLOWVOL,"HDFCAMC - HDFCLOWVOL",20.78,2956033
HDFCMID150,"HDFCAMC - HDFCMID150",21.88,3644417
HDFCMOMENT,"HDFCAMC - HDFCMOMENT",31.14,2953729
HDFCNEXT50,"HDFCAMC - HDFCNEXT50",69.54,2718465
HDFCNIF100,"HDFCAMC - HDFCNIF100",26.56,2722049
HDFCNIFBAN,"HDFCAMC - HDFCNIFBAN",57.57,5742849
HDFCNIFIT,"HDFCAMC - HDFCNIFIT",37.3,3097857
HDFCNIFTY,"HDFCAMC - HDFCNIFTY",281.5,2967297
HDFCPSUBK,"HDFCAMC HDFCPSUBK",77.6,5784321
HDFCPVTBAN,"HDFCAMC - HDFCPVTBAN",28.09,3099649
HDFCQUAL,"HDFCAMC - HDFCQUAL",58.37,2881281
HDFCSENSEX,"HDFCAMC - HDFCSENSEX",92.6,2967809
HDFCSILVER,"HDFCAMC - HDFCSILVER",161.5,2784257
HDFCSML250,"HDFCAMC - HDFCSML250",171.7,3643649
HDFCVALUE,"HDFCAMC - HDFCVALUE",134.39,2882561
HDIL-BZ,"HOUSING DEV & INFRA",2.91,4587521
HEADSUP,"HEADS UP VENTURES",10.6,4916481
HEALTHADD,"DSPAMC - HEALTHADD",147.28,5783553
HEALTHIETF,"ICICIPRAMC - ICICIPHARM",149.8,928257
HEALTHY,"BIRLASLAMC - HEALTHY",14.96,1612033
HECPROJECT,"HEC INFRA PROJECTS",130.11,1900801
HEG,"HEG",530,342017
HEIDELBERG,"HEIDELBERGCEMENT (I)",201,592897
HEMIPROP,"HEMISPHERE PROP IND",146.5,179457
HERANBA,"HERANBA INDUSTRIES",297.25,669185
HERCULES,"HERCULES HOI.",212.01,3913729
HERITGFOOD,"HERITAGE FOODS",483.35,1177089
HEROMOTOCO,"HERO MOTOCORP",5509,345089
HESTERBIO,"HESTER BIOSCIENCES",1760.2,1804289
HEUBACHIND,"HEUBACH COLORANTS IND",532.75,183041
HEXATRADEX,"HEXA TRADEX",173.05,6914049
HEXT,"HEXAWARE TECHNOLOGIES",718,7594497
HFCL,"HFCL",74.14,5619457
HGINFRA,"H.G.INFRA ENGINEERING",925,428033
HGM-BE,"HANDSON GBL MNGMNT",73.99,3480321
HGS,"HINDUJA GLOBAL SOLS.",490,3766273
HIGREEN-SM,"HI GREEN CARBON",212.1,4811265
HIKAL,"HIKAL",247,2475009
HILINFRA,"HIGHWAY INFRASTRUCTURE L",80.35,194330369
HILTON,"HILTON METAL FORGING",43.85,3744513
HIMATSEIDE,"HIMATSINGKA SEIDE",113.41,348161
HINDALCO,"HINDALCO  INDUSTRIES ",774.5,348929
HINDCOMPOS,"HINDUSTAN COMPOSITES",448.45,351233
HINDCON,"HINDCON CHEMICALS",31.58,1259521
HINDCOPPER,"HINDUSTAN COPPER",365.35,4592385
HINDOILEXP,"HINDUSTAN OIL EXPLORATION",164.6,359169
HINDPETRO,"HINDUSTAN PETROLEUM CORP",457.1,359937
HINDUNILVR,"HINDUSTAN UNILEVER",2522.4,356865
HINDWAREAP,"HINDWARE HME INOVATON",344.6,4066049
HINDZINC,"HINDUSTAN ZINC",512.9,364545
HIRECT,"HIND RECTIFIER",1610,3555841
HISARMETAL,"HISAR METAL IND.",183,4946433
HITECH,"HI-TECH PIPES",120,734209
HITECHCORP,"HITECH CORPORATION",188.05,3881217
HITECHGEAR-BE,"THE HI-TECH GEARS",807,2193409
HLEGLAS,"HLE GLASCOAT",520,585985
HLVLTD,"HLV",11.32,370689
HMAAGRO,"HMA AGRO INDUSTRIES",30.25,4365569
HMT-BZ,"HMT -",57.2,5042689
HMVL,"HINDUSTAN MEDIA VENT",81.21,4918017
HNDFDS,"HINDUSTAN FOODS",525.1,3116289
HOACFOODS-SM,"HOAC FOODS INDIA",239.35,6098433
HOLMARC-SM,"HOLMARC OPTO MECHATRO L",101.4,4774145
HOMEFIRST,"HOME FIRST FIN CO IND",1204.8,526337
HOMESFY-SM,"HOMESFY REALTY",210,3462657
HONASA,"HONASA CONSUMER - MAMAEARTH",287.1,5072129
HONAUT,"HONEYWELL AUTOMATION IND",36200,874753
HONDAPOWER,"HONDA I POWER PRODUCT",2692.2,803329
HPAL,"HP ADHESIVES",47.05,1888257
HPIL,"HINDPRAKASH INDUSTRY",127.51,3019777
HPL,"HPL ELECTRIC & POWER",444.95,4781825
HPTL-SM,"HP TELECOM INDIA",289,7648001
HRHNEXT-SM,"HRH NEXT SERVICES",32.05,5403393
HSCL,"HIMADRI SPECIALITY CHEM L",452.5,3669505
HTMEDIA-BE,"HT MEDIA",27.48,3067393
HUBTOWN,"HUBTOWN",308.55,3635969
HUDCO,"HSG & URBAN DEV CORPN",230,5331201
HUHTAMAKI,"HUHTAMAKI INDIA",233,655873
HVAX-SM,"HVAX TECHNOLOGIES",945,6581249
HYBRIDFIN,"HYBRID FINANCIAL SERVICE",19.77,3279105
HYUNDAI,"HYUNDAI MOTOR INDIA",2409.5,6616065
IBLFL-SM,"IBL FINANCE",69.95,5465089
ICDSLTD-BE,"ICDSLTD",51.99,2460161
ICEMAKE,"ICE MAKE REFRIGERAT",729.5,125185
ICICIB22,"ICICIPRAMC - BHARATIWIN",111.9,133633
ICICIBANK,"ICICI BANK",1374,1270529
ICICIGI,"ICICI LOMBARD GIC",1890,5573121
ICICIPRULI,"ICICI PRU LIFE INS CO",593.95,4774913
ICIL,"INDO COUNT INDUSTRIES",261.8,3068673
ICRA,"ICRA",6282,3717889
IDBI,"IDBI BANK",91.4,377857
IDEA,"VODAFONE IDEA",9.05,3677697
IDEAFORGE,"IDEAFORGE TECHNO",493.5,4387841
IDEALTECHO-ST,"IDEAL TECHNOPLAST IND",191.45,6388737
IDENTICAL-SM,"IDENTICAL BRAINS STUDIO L",39.15,7314945
IDFCFIRSTB,"IDFC FIRST BANK",73.28,2863105
IDFNIFTYET,"BANDHANAMC - IDFNIFTYET",275.92,4808449
IEL-BE,"INDIABULLS ENT",19.94,3406593
IEML-SM,"INDIAN EMULSIFIERS",131.9,6089985
IEX,"INDIAN ENERGY EXC",140.49,56321
IFBAGRO,"IFB AGRO INDUSTRIES",993,379393
IFBIND,"IFB INDUSTRIES",1695.5,380161
IFCI,"IFCI",57.63,381697
IFGLEXPOR,"IFGL REFRACTORIES",271,111617
IGARASHI,"IGARASHI MOTORS INDIA",532,162305
IGCL,"INDOGULF CROPSCIENCES",103.88,193997057
IGIL,"INTERNATIO GEMM INS (I) L",345.15,7264769
IGL,"INDRAPRASTHA GAS",217.55,2883073
IGPL,"I G PETROCHEMICALS",425.05,3606017
IHF261224-N1,"IHF261224-N1",955.5,7388417
IHFL261224-N1,"IHFL261224-N1",1020.2,7386625
IIFL,"IIFL FINANCE",494.65,3023105
IIFL210425-NW,"IIFL210425-NW",1033.02,193571841
IIFLCAPS,"IIFL CAPITAL SERVICES",302.2,3346433
IIFLHF29-NE,"IIFLHF29-NE",1310,1964545
IIFLHFZC27-NB,"IIFLHFZC27-NB",1273.3,1962497
IIFLZC26-NN,"IIFLZC26-NN",1367.5,1588993
IIFLZC26A-NR,"IIFLZC26A-NR",1228,3545601
IIFLZC26B-NY,"IIFLZC26B-NY",1174,4360705
IIFLZC28-NG,"IIFLZC28-NG",1454.5,738049
IIFLZC28A-NU,"IIFLZC28A-NU",1215,3547649
IIFLZC28B-Y1,"IIFLZC28B-Y1",1140,4363009
IIFLZC28C-N6,"IIFLZC28C-N6",1450,1335553
IITL,"INDUSTRIAL INV TRUST",196.43,4998401
IKIO,"IKIO TECHNOLOGIES",210.69,4306433
IKS,"INVENTURUS KNOWLEDGE SO L",1523.7,7200001
IL&FSENGG-BZ,"IL&FS ENG AND CONS CO",27.75,2401281
IL&FSTRANS-BZ,"IL&FS TRANS NET",3,2401537
IMAGICAA,"IMAGICAAWORLD ENT",54.57,1964033
IMC1-N0,"IMC1-N0",253.45,3638785
IMC1-N1,"IMC1-N1",253,3640065
IMC1-N2,"IMC1-N2",251,3641345
IMC1-N3,"IMC1-N3",256.95,3642369
IMFA,"INDIAN METALS & FERRO",1245,4924161
IMPAL,"IND MOTOR PART & ACC",1080,3074305
IMPEXFERRO-BZ,"IMPEX FERRO TECH",1.9,6625537
INCREDIBLE,"INCREDIBLE INDUSTRIES",44.6,4481793
INDBANK,"INDBANK MERCH BANK",40.65,4334849
INDGN,"INDEGENE",551.05,6065409
INDHOTEL,"THE INDIAN HOTELS CO.",734.9,387073
INDIA VIX,"INDIA VIX",10.12,264969
INDIACEM,"THE INDIA CEMENTS",393.4,387841
INDIAGLYCO,"INDIA GLYCOLS",929.4,389377
INDIAMART,"INDIAMART INTERMESH",2395,2745857
INDIANB,"INDIAN BANK",765.25,3663105
INDIANCARD,"INDIAN CARD CLOTHING CO.",250.1,1132033
INDIANHUME,"INDIAN HUME PIPE CO.",360.9,391681
INDIASHLTR,"INDIA SHELTER FIN CORP L",886.5,5262337
INDIFRA-ST,"INDIFRA",16.95,5391617
INDIGO,"INTERGLOBE AVIATION",5724.5,2865921
INDIGOPNTS,"INDIGO PAINTS",1049.1,524289
INDIGRID-IV,"INDIGRID INFRASTRUCT TRST",168.22,5372929
INDIQUBE,"INDIQUBE SPACES",224.96,194008321
INDNIPPON,"INDIA NIPPON ELECT ",978,1215233
INDOAMIN,"INDO AMINES",135,2333697
INDOBORAX-BE,"INDO BORAX & CHEMICAL",239.1,2207489
INDOCO,"INDOCO REMEDIES",290.3,2989313
INDOFARM,"INDO FARM EQUIPMENT",235.5,7430401
INDORAMA,"INDO RAMA SYNTHETICS",57.75,2814209
INDOSTAR,"INDOSTAR CAPITAL FIN",240.3,790529
INDOTECH,"INDO TECH TRANSFORM",1800,3398401
INDOTHAI,"INDO THAI SEC",358.95,6555649
INDOUS,"INDO US BIOTECH",132,6528769
INDOWIND,"INDOWIND ENERGY",16.07,3827713
INDRAMEDCO,"INDRAPRASTHA MEDICAL CORP",550,1216257
INDSWFTLAB-BE,"IND SWIFT LABORATORIES LT",103.99,2228737
INDTERRAIN,"IND TERRAIN FASHIONS",34.46,5620993
INDUSINDBK,"INDUSIND BANK",749.55,1346049
INDUSINVIT-IV,"INDUS INFRA TRUST",116.48,5897217
INDUSTOWER,"INDUS TOWERS",356.2,7458561
INFIBEAM,"INFIBEAM AVENUES",19.19,4159745
INFIBPP-E1,"INFIBEAM RE.0.5 PPD UP",12.16,194033409
INFINIUM-SM,"INFINIUM PHARMACHEM",250.5,3849217
INFLUX-ST,"INFLUX HEALTHTECH",171.25,193946881
INFOBEAN,"INFOBEANS TECHNO.",504,2822913
INFOLLION-SM,"INFOLLION RESEARCH SER L",430,4246529
INFOMEDIA-BE,"INFOMEDIA PRESS",7.6,3505665
INFRABEES,"NIP IND ETF INFRA BEES",944.62,5138433
INFRAIETF,"ICICIPRAMC - ICICIINFRA",93.59,2745089
INFY,"INFOSYS",1509.7,408065
INGERRAND,"INGERSOLL-RAND INDIA",4000.3,408833
INM-SM,"INTERIORS & MORE",645,5829121
INNOMET-SM,"INNOMET ADVANCED MATERI L",151.6,6481921
INNOVACAP,"INNOVA CAPTAB",845,5391873
INNOVANA-BE,"INNOVANA THINKLABS",503,7109889
INOXGREEN,"INOX GREEN ENERGY SER",228,3120129
INOXINDIA,"INOX INDIA",1179,5275393
INOXWIND,"INOX WIND",147.26,2010113
INSECTICID,"INSECTICIDES (I)",728.65,3752193
INSPIRE-SM,"INSPIRE FILMS",15.75,4903425
INSPIRISYS,"INSPIRISYS SOLUTIONS",93.5,3514881
INTEGRITY-SM,"INTEGRITY INFRABUILD DE L",102.95,194022913
INTELLECT,"INTELLECT DESIGN ARENA",978,1517057
INTENTECH-BE,"INTENSE TECHNOLOGIES",141.09,5139713
INTERARCH,"INTERARCH BLDNG SOLTN",1945,6376705
INTERISE-IV,"INTERISE TRUST",109.75,740353
INTERNET,"MIRAEAMC - INTERNET",14.75,194200321
INTLCONV,"INTL CONVEYORS",103.4,1435137
INVENTURE,"INVENTURE GRO & SEC",1.5,6366721
IOB,"INDIAN OVERSEAS BANK",39.17,2393089
IOC,"INDIAN OIL CORP",155.1,415745
IOLCP,"IOL CHEM AND PHARMA",100,5225729
IONEXCHANG,"ION EXCHANGE (INDIA)",398.4,417281
IPCALAB,"IPCA LABORATORIES",1338.9,418049
IPHL-SM,"INDIAN PHOSPHATE",51.4,6408449
IPL,"INDIA PESTICIDES",206,1263105
IPSL-SM,"INTEGRATED PERSO SER",285.05,3047169
IRB,"IRB INFRA DEV",42.33,3920129
IRBINVIT-IV,"IRB INVIT FUND",62.73,5329153
IRBIT-IV,"IRB INFRASTRUCTURE TRUST",220.22,3790337
IRCON,"IRCON INTERNATIONAL",178.01,1276417
IRCTC,"INDIAN RAIL TOUR CORP",710.5,3484417
IREDA,"INDIAN RENEWABLE ENERGY",149.6,5186817
IRFC,"INDIAN RAILWAY FIN CORP L",125.1,519425
IRIS-BE,"IRIS BUSINESS SERV",317,1664257
IRISDOREME,"IRIS CLOTHINGS",34.35,582401
IRMENERGY,"IRM ENERGY",345.4,5016833
ISFT,"INTRASOFT TECH.",100.3,4730625
ISGEC,"ISGEC HEAVY ENG",870,852225
ISHAN-SM,"ISHAN INTERNATIONAL",0.9,2814721
ISHANCH,"ISHAN DYES N CHEMICALS L",75.15,7743745
IT,"KOTAKMAMC - KOTAKIT",38.72,672513
ITALIANE-SM,"ITALIAN EDIBLES",36,5797121
ITBEES,"NIP IND ETF IT",38.8,4885505
ITC,"ITC",399.3,424961
ITCHOTELS,"ITC HOTELS",214.25,7488257
ITDC,"INDIA TOUR. DEV. CO.",633,4940545
ITETF,"MIRAEAMC - ITETF",36.98,5026049
ITETFADD,"DSPAMC - DSPITETF",36.88,4404993
ITI,"ITI",337.75,428801
ITIETF,"ICICIPRAMC - ICICITECH",38.72,5725441
ITTL-ST,"INNOVATIVE TYRE & TUBE LT",93,6980097
IVALUE,"IVALUE INFOSOLUTIONS",290,194314497
IVC,"IL&FS INVESTMENT MANAGERS",7.99,1718017
IVP,"IVP",164.6,430337
IVZINGOLD,"INVESCO INDIA GOLD ETF",10681.05,4682753
IVZINNIFTY,"INVESCO INDIA NIFTY ETF",2847.77,6199553
IWARE-ST,"IWARE SUPPLYCHAIN SER",152,193956865
IXIGO,"LE TRAVENUES TECHNOLOGY L",312.5,6161153
IZMO-BE,"IZMO",989.2,3629569
J&KBANK,"J & K BANK",103.1,1442049
JAGRAN,"JAGRAN PRAKASHAN",71.78,3382017
JAGSNPHARM,"JAGSONPAL PHARMACEUTICALS",214.98,1128961
JAIBALAJI,"JAI BALAJI INDUSTRIES",98.2,2881537
JAICORPLTD,"JAI CORP",157.65,1316609
JAINAM-SM,"JAINAM FER ALLOYS (I)",256,1539073
JAINIK-ST,"JAINIK POWER CABLES",135.75,194126337
JAINREC,"JAIN RESOURCE RECYCLING L",347,194366465
JAIPURKURT,"NANDANI CREATION",37,1412097
JAKHARIA-ST,"JAKHARIA FABRIC",173.6,1011201
JALAN-SM,"JALAN TRANSOLU. INDIA",4.25,5357825
JAMNAAUTO,"JAMNA AUTO IND",96.8,5319169
JARO,"JARO INS OF TEC MG N RE L",706,194547457
JASH,"JASH ENGINEERING",464.5,3579393
JAYAGROGN,"JAYANT AGRO ORGANICS",234.57,1034497
JAYBARMARU-BE,"JAYBHARATMARU-",98.6,2161665
JAYBEE-SM,"JAY BEE LAMINATIONS",195,6409473
JAYNECOIND,"JAYASWAL NECO INDUSTR",72.25,596737
JAYSREETEA,"JAYSHREE TEA & INDUSTRIES",96.51,440321
JBCHEPHARM,"J B CHEMICALS AND PHARMA",1670.1,441857
JBMA,"JBM AUTO",653.5,2983681
JCHAC,"JOHNSON CONTROLS HITACHI",1730,1149697
JETFREIGHT,"JET FREIGHT LOGISTICS",13.1,1846017
JETKNIT-ST,"JET KNITWEARS",109,4787201
JEYYAM-ST,"JEYYAM GLOBAL FOODS",60.25,6438401
JFLLIFE-SM,"JFL LIFE SCIENCES",12.5,2786561
JGCHEM,"J.G.CHEMICALS",425.05,5902337
JHS,"JHS SVEND. LAB.",11.2,3512321
JINDALPHOT,"JINDAL PHOTO",1386.7,3006209
JINDALPOLY,"JINDAL POLY FILMS",578.6,449537
JINDALSAW,"JINDAL SAW",203.8,774145
JINDALSTEL,"JINDAL STEEL",1036,1723649
JINDRILL,"JINDAL DRILLING IND.",587.75,3552001
JINDWORLD,"JINDAL WORLDWIDE",38.34,5284353
JIOFIN,"JIO FIN SERVICES",307.15,4644609
JISLDVREQS,"JAIN DVR EQUITY SHARES",32,6575105
JISLJALEQS,"JAIN IRRIGATION SYSTEMS",50.55,2661633
JITFINFRA-BE,"JITF INFRALOGISTICS",358.4,5041921
JIWANRAM-SM,"JIWANRAM SHEODUTTRA IND L",7.2,4750849
JKCEMENT,"JK CEMENT",6578,3397121
JKIL,"JKUMAR INFR.LTD.",641.05,3908097
JKIPL-BE,"JINKUSHAL INDUSTRIES",114,194356737
JKLAKSHMI,"JK LAKSHMI CEMENT",848.4,3453697
JKPAPER,"JK PAPER",413,3036161
JKTYRE,"JK TYRE & INDUSTRIES",381.2,3695361
JLHL,"JUPITER LIFE LINE HOSP L",1522,4749569
JMA,"JULLUNDUR MOT AGENCY",89,1819905
JMFINANCIL,"JM FINANCIAL",176,3491073
JNKINDIA,"JNK INDIA",311.5,6046977
JOCIL,"JOCIL",150,4333313
JPASSOCIAT-BE,"JAIPRAKASH ASSOCIATES",3.87,2934017
JPOLYINVST,"JIND POL INV & FIN CO",1029.25,8065793
JPPOWER,"JAIPRAKASH POWER VEN.",17.94,3011329
JSFB,"JANA SMALL FIN BANK",478,5801729
JSL,"JINDAL STAINLESS",771,2876417
JSLL,"JEENA SIKHO LIFECARE",774,194077441
JSWCEMENT,"JSW CEMENT",138,194165761
JSWENERGY,"JSW ENERGY",541.7,4574465
JSWHL,"JSW HOLDINGS",16380,3041281
JSWINFRA,"JSW INFRASTRUCTURE",307.4,4869121
JSWSTEEL,"JSW STEEL",1172,3001089
JTEKTINDIA,"JTEKT INDIA",154,828673
JTLIND,"JTL INDUSTRIES",69.24,1865473
JUBLCPL-BE,"JUBILANT AGRI N CON PRO L",2286.5,7575553
JUBLFOOD,"JUBILANT FOODWORKS",599.55,4632577
JUBLINGREA,"JUBILANT INGREVIA",648.25,712449
JUBLPHARMA,"JUBILANT PHARMOVA",1096.4,931073
JUNIORBEES,"NIP IND ETF JUNIOR BEES",735,2800385
JUNIPER,"JUNIPER HOTELS",267.45,5842945
JUSTDIAL,"JUSTDIAL",820.5,7670273
JWL,"JUPITER WAGONS",336.4,5177345
JYOTHYLAB,"JYOTHY LABS",311.85,3877377
JYOTICNC,"JYOTI CNC AUTOMATION",915,5461505
JYOTIGLOBL-SM,"JYOTI GLOBAL PLAST",62.3,194104577
JYOTISTRUC,"JYOTI STRUCTURES",14.47,461313
K2INFRA-SM,"K2 INFRAGEN",61,6005505
KABRAEXTRU,"KABRA EXTRUSION TECHNIK L",253.8,462081
KAJARIACER,"KAJARIA CERAMICS",1208,462849
KAKATCEM,"KAKATIYA CEM SUGAR &IND L",145,463617
KALAMANDIR,"SAI SILKS (KALAMANDIR) L",185.69,4801281
KALANA-SM,"KALANA ISPAT",34,6513409
KALPATARU,"KALPATARU",371.5,194190849
KALYANI-BE,"KALYANI COMMERCIALS",138.09,5031169
KALYANIFRG,"KALYANI FORGE",790,3879937
KALYANKJIL,"KALYAN JEWELLERS IND",482.95,756481
KAMATHOTEL,"KAMAT HOTELS (I)",310,467457
KAMDHENU,"KAMDHENU",28.19,3444993
KAMOPAINTS,"KAMDHENU VENTURES",8.53,3536385
KANANIIND,"KANANI INDUSTRIES",1.96,6601217
KANDARP-ST,"KANDARP DG SMART BPO",101.4,2870017
KANORICHEM,"KANORIA CHEMICALS & INDUS",82.01,469761
KANPRPLA,"KANPUR PLASTIPACK",208,456193
KANSAINER,"KANSAI NEROLAC PAINTS",245.55,306177
KAPSTON,"KAPSTON SERVICES",249.2,4855553
KARMAENG-BE,"KARMA ENERGY",63.34,6243585
KARNIKA-SM,"KARNIKA INDUSTRIES",181.65,4983041
KARURVYSYA,"KARUR VYSYA BANK",221,470529
KATARIA-SM,"KATARIA INDUSTRIES",103,6279169
KAUSHALYA-BE,"KAUSHALYA INFRA DEV",1100,3875841
KAVDEFENCE-BE,"KAVVERI DFS & WIR TEC",114.01,3903489
KAYA-BE,"KAYA",440,2632193
KAYNES,"KAYNES TECHNOLOGY IND",7100,3095553
KAYTEX-SM,"KAYTEX FABRICS",90,194270209
KCEIL-SM,"KAY CEE ENERGY & INFRA L",247,5420289
KCK-ST,"KCK INDUSTRIES",39.3,2635777
KCP,"KCP",199,471297
KCPSUGIND,"KCP SUGAR IND CORP",31.01,1231105
KDDL,"KDDL",2720,3816449
KDL-SM,"KORE DIGITAL",216,4290049
KEC,"KEC INTL.",855.2,3394561
KECL,"KIRLOSKAR ELECTRIC CO",117.65,4664321
KEEPLEARN,"DSJ KEEP LEARNING",2.62,199169
KEI,"KEI INDUSTRIES",4240,3407361
KEL-SM,"KUNDAN EDIFICE",91.8,4789249
KELLTONTEC,"KELLTON TECH SOL",23.75,3438081
KEN-SM,"KEN ENTERPRISES",45.25,7564033
KERNEX,"KERNEX MICROSYS(I)",1137.4,3358977
KESORAMIND,"KESORAM INDUSTRIES",5.32,475905
KEYFINSERV,"KEYNOTE FIN SERV",322.01,1064193
KFINTECH,"KFIN TECHNOLOGIES",1052.8,3419905
KHADIM,"KHADIM INDIA",247.6,108801
KHAICHEM,"KHAITAN CHEM & FERT",124.96,229377
KHAITANLTD,"KHAITAN (INDIA)LTD.",131.7,1001473
KHANDSE,"KHANDWALA SECURITIES",22.75,2468097
KHFM-SM,"KHFM HOS FAC MANA SER",70.25,2449921
KICL,"KALYANI INVEST CO",4995,5406465
KILITCH,"KILITCH DRUGS INDIA",361.7,5103873
KIMS,"KRISHNA INST OF MED SCI L",688.7,1240833
KINGFA-BE,"KINGFA SCI & TEC IND",4455,4850689
KIOCL,"KIOCL",511,4896257
KIRIINDUS,"KIRI INDUSTRIES",589.6,4259585
KIRLOSBROS,"KIRLOSKAR BROTHERS",1949.2,4756737
KIRLOSENG,"KIRLOSKAR OIL ENG",876.05,5359617
KIRLOSIND,"KIRLOSKAR INDUSTRIES",3896,4870401
KIRLPNU,"KIRLOSKAR PNEUMATIC COM L",1179.1,3886081
KITEX,"KITEX GARMENTS",178.63,7398145
KKCL,"KEWAL KIRAN CLOTHING",538.45,3425537
KKJEWELS-SM,"KABRA JEWELS",90.35,7473153
KKVAPOW-SM,"KKV AGRO POWERS",593,4551937
KLL-SM,"KAUSHALYA LOGISTICS",59.85,5423617
KMEW,"KNOWLEDGE MARINE & EN W L",2411.8,6933505
KMSUGAR,"K M SUGAR MILLS",28.97,3754753
KNAGRI-SM,"KN AGRI RESOURCES",230,2202113
KNRCON,"KNR CONSTRU",192.67,3912449
KODYTECH-SM,"KODY TECHNOLAB",681.85,4800257
KOHINOOR,"KOHINOOR FOODS",33.57,770305
KOKUYOCMLN,"KOKUYO CAMLIN",105.81,4307713
KOLTEPATIL,"KOLTE PATIL DEV.",429.1,3871745
KONSTELEC-SM,"KONSTELEC ENGINEERS",61.05,5752833
KONTOR-SM,"KONTOR SPACE",70,4937473
KOPRAN,"KOPRAN",173,491265
KORE-SM,"JAY JALARAM TECHNO",169.15,2787585
KOTAKBANK,"KOTAK MAHINDRA BANK",2140.9,492033
KOTARISUG,"KOTHARI SUG & CHEM",31.29,2981633
KOTHARIPET,"KOTHARI PETROCHEM",141.94,1176065
KOTHARIPRO,"KOTHARI PRODUCTS",86.7,1415169
KOTYARK-ST,"KOTYARK INDUSTRIES",294,1649665
KPEL,"K.P. ENERGY",389,6932225
KPIGREEN,"KPI GREEN ENERGY",422.2,1307649
KPIL,"KALPATARU PROJECT INT",1258,464385
KPITTECH,"KPIT TECHNOLOGIES",1161.9,2478849
KPRMILL,"KPR MILL",1003.1,3817473
KRBL,"KRBL",348.2,2707713
KREBSBIO,"KREBS BIOCHEMICALS & IND",71.35,495873
KRIDHANINF,"KRIDHAN INFRA",3.95,2938881
KRISHANA,"KRISHANA PHOSCHEM",551.8,3288833
KRISHCA-SM,"KRISHCA STRAPPING SLTN L",210.9,4130049
KRISHIVAL-BE,"KRISHIVAL FOODS",471,193736705
KRISHNADEF-SM,"KRISHNA DEF AND ALD IND L",828.65,2248193
KRITI,"KRITI INDUSTRIES IND",126.8,1642753
KRITIKA,"KRITIKA WIRES",8.33,2377729
KRITINUT,"KRITI NUTRIENTS",90.58,2926593
KRN,"KRN HEAT EXCHANGE N REF L",829,6564609
KRONOX,"KRONOX LAB SCIENCES",151.45,6150401
KROSS,"KROSS",188.17,6464513
KRSNAA,"KRSNAA DIAGNOSTICS",822.9,1371905
KRT-RR,"KNOWLEDGE REALTY TRUST",118,194158337
KRYSTAL,"KRYSTAL INTEGRATED SER L",610,5932801
KSB,"KSB",809.1,498945
KSCL,"KAVERI SEED CO.",1063.2,3832833
KSHITIJPOL,"KSHITIJ POLYLINE",2.91,2664193
KSL,"KALYANI STEELS",825,4835585
KSOLVES,"KSOLVES INDIA",326.85,2831361
KTKBANK,"KARNATAKA BANK",172.85,2061825
KUANTUM,"KUANTUM PAPERS",107.65,3550721
LAGNAM,"LAGNAM SPINTEX",84.65,1501441
LAKPRE-BZ,"LAKSHMI PRE SCRE",5.56,1222145
LAKSHYA-SM,"LAKSHYA POWERTECH",117.9,6620161
LAL,"LORENZINI APPARELS",10.71,3820545
LALPATHLAB,"DR. LAL PATH LABS",3070,2983425
LAMBODHARA,"LAMBODHARA TEXTILES",133.5,1640193
LAMOSAIC-SM,"LAMOSAIC INDIA",36.5,6967809
LANCORHOL,"LANCOR HOLDINGS",21.62,5894913
LANDMARK,"LANDMARK CARS",593,3398657
LAOPALA,"LA OPALA RG",239.19,3692289
LASA-BE,"LASA SUPERGENERICS",11.11,5561089
LATENTVIEW,"LATENT VIEW ANALYTICS",426.9,1745409
LATTEYS,"LATTEYS INDUSTRIES",22.3,4055041
LAURUSLABS,"LAURUS LABS",864.45,4923905
LAWSIKHO-SM,"ADDICTIVE LEARNING TECH L",137,5751809
LAXMICOT,"LAXMI COTSPIN",22.36,1681409
LAXMIDENTL,"LAXMI DENTAL",319.8,7467777
LAXMIINDIA,"LAXMI INDIA FINANCE",151.5,194268929
LCCINFOTEC,"LCC INFOTECH",4.45,1927425
LEMERITE-SM,"LE MERITE EXPORTS",444.9,2399233
LEMONTREE,"LEMON TREE HOTELS",164,667137
LEXUS,"LEXUS GRANITO (INDIA)",28.29,3701505
LFIC,"LAKSHMI FIN IND CORP",205.55,2022913
LGHL,"LAXMI GOLDORNA HOUSE",900.2,5088257
LIBAS,"LIBAS CONSU PRODUCTS",11.97,2836993
LIBERTSHOE,"LIBERTY SHOES",326,510465
LICHSGFIN,"LIC HOUSING FINANCE",560,511233
LICI,"LIFE INSURA CORP OF INDIA",896.7,2426881
LICMFGOLD,"LIC MF - LIC GOLD ETF",11111.1,6563841
LICNETFGSC,"LICNAMC - LICNMFET",28.57,1551873
LICNETFN50,"LICNAMC - LICNFENGP",279.1,2897665
LICNETFSEN,"LICNAMC - LICNFESGP",920,2928897
LICNFNHGP,"LICNAMC - LICNFNHGP",278.31,3898625
LICNMID100,"LICNAMC - LICNMID100",58.46,5816833
LIKHITHA,"LIKHITHA INFRASTRUC",233,147969
LINC,"LINC",125.32,1779457
LINCOLN,"LINCOLN PHARMA",527.6,2968577
LINDEINDIA,"LINDE INDIA",6190.5,416513
LIQGRWBEES,"NIPPONAMC - LIQGRWBEES",1011.06,193977601
LIQUID,"MIRAEAMC - LIQUID",1000,4498433
LIQUID1,"KOTAKMAMC - KOTAKLIQ",1072.29,3571201
LIQUIDADD,"DSPAMC - LIQUIDADD",1094.45,5992193
LIQUIDBEES,"NIP IND ETF LIQUID BEES",999.99,2817537
LIQUIDBETF,"BFAM - LIQUIDBETF",1051.35,6122241
LIQUIDCASE,"ZERODHA NIFTY 1D RATE LIQUID ETF",110.81,5568001
LIQUIDETF,"DSP LIQUID ETF",1000.01,493313
LIQUIDIETF,"ICICIPRAMC - ICICILIQ",999.99,1238529
LIQUIDPLUS,"MIRAEAMC - LIQUIDPLUS",1054.02,6931201
LIQUIDSBI,"SBIAMC - LIQUIDSBI",1000,5044481
LIQUIDSHRI,"SHRIRAM - LIQUIDSHRI",1074,6239745
LLOYDPP-E1,"LLOYD RE.0.50 PPD UP",47.7,194259457
LLOYDS-SM,"LLOYDS LUXURIES",84.3,2936833
LLOYDSENGG,"LLOYDS ENGG WORK",61.81,4557057
LLOYDSENPP-E1,"LLOYD RS.0.50 PPD UP",40.47,193895937
LLOYDSENT,"LLOYDS ENTERPRISES",70.11,6606593
LLOYDSME,"LLOYDS METALS N ENERGY L",1344,4432129
LMW,"LMW",14399,506625
LODHA,"LODHA DEVELOPERS",1128.8,824321
LOKESHMACH,"LOKESH MACHINES",195,3439617
LORDSCHLO-BE,"LORDS CHLORO ALKALI",193.66,4668161
LOTUSDEV,"SRI LOTUS DEVLPRS N RTY L",184.8,194085121
LOTUSEYE-BE,"LOTUS EYE HOSP & INST L",121.7,4303617
LOVABLE,"LOVABLE LINGERIE",92.72,5738241
LOWVOL,"MIRAEAMC - MANV30F",207.51,3785217
LOWVOL1,"KOTAKMAMC - KOTAKLOVOL",21.17,2209793
LOWVOLIETF,"ICICI PR NIF LW VL 30 ETF",22.29,5441025
LOYALTEX-BE,"LOYAL TEXTILE MILLS",272,2714881
LPDC,"LANDMARK PR.DEV.CO.LTD",8.45,4316929
LRRPL-SM,"LEAD REC AND RUB PROD",79,3636225
LT,"LARSEN & TOUBRO",3764.1,2939649
LTF,"L&T FINANCE",260.19,6386689
LTFOODS,"LT FOODS",387.2,3536897
LTGILTBEES,"NIP IND ETF LONGTERM GILT",28.96,4531201
LTGILTCASE,"ZERODHAAMC - LTGILTCASE",29.58,194228481
LTIM,"LTIMINDTREE",5445.5,4561409
LTTS,"L&T TECHNOLOGY SER.",4274,4752385
LUMAXIND,"LUMAX INDUSTRIES",4923,516609
LUMAXTECH,"LUMAX AUTO TECH",1189.5,3587585
LUPIN,"LUPIN",1955,2672641
LUXIND,"LUX INDUSTRIES",1279.4,2893057
LXCHEM,"LAXMI ORGANIC INDUS",202.5,727297
LYKALABS,"LYKA LABS",94.1,519169
LYPSAGEMS,"LYPSA GEMS & JEWEL",6.54,8055809
M&M,"MAHINDRA & MAHINDRA",3436,519937
M&MFIN,"M&M FIN. SERVICES",279.9,3400961
M&MFIN-N3,"M&MFIN-N3",2230,5132801
MAANALU,"MAAN ALUMINIUM",129.43,3844353
MACOBSTECH-SM,"MACOBS TECHNOLOGIES",203.9,6283521
MACPOWER,"MACPOWER CNC MACHINES",828.05,5720833
MADHAV,"MADHAV MARBLE & GRANITE",42.98,3878657
MADHAVBAUG-ST,"VAIDYA SANE AYUR LAB",272.4,2115073
MADHUCON,"MADHUCON PROJECTS",7.41,3499777
MADHUSUDAN-SM,"MADHUSUDAN MASALA",140,4794369
MADRASFERT,"MADRAS FERTILISERS",84,1257217
MAFANG,"MIRAEAMC - MAFANG",169.06,897793
MAGADSUGAR,"MAGADH SUGAR & ENERGY",593.9,5476353
MAGNUM,"MAGNUM VENTURES",24.3,3828993
MAGSON-SM,"MAGSON RETAIL AND DIST L",107.05,4374529
MAHABANK,"BANK OF MAHARASHTRA",56.68,2912513
MAHAPEXLTD,"MAHA RASHTRA APEX COPR. L",96,1341185
MAHASTEEL,"MAHAMAYA STEEL INDS",508,4486913
MAHEPC,"MAHINDRA EPC IRRIG",145,4506369
MAHESHWARI,"MAHESHWARI LOGISTICS",56.5,2451457
MAHICKRA-SM,"MAHICKRA CHEMICAL",156.9,726785
MAHKTECH,"MIRAEAMC - MAHKTECH",31.6,1810945
MAHLIFE,"MAHINDRA LIFESPACE DEVLTD",356.7,2060801
MAHLOG,"MAHINDRA LOGISTIC",355.1,98561
MAHSCOOTER,"MAHARASHTRA SCOOTERS",16812,533761
MAHSEAMLES,"MAHARASHTRA SEAMLESS",582.4,534529
MAITHANALL,"MAITHAN ALLOYS",1158.2,6281729
MAITREYA-SM,"MAITREYA MEDICARE",255.5,5071105
MAKEINDIA,"MIRAEAMC - MAMFGETF",152.31,2042625
MAKS-SM,"MAKS ENERGY SOL INDIA",33,2871809
MAL-SM,"MANGALAM ALLOYS",53,4898305
MALLCOM,"MALLCOM (INDIA)",1361.2,2039041
MALUPAPER,"MALU PAPER MILLS",38.11,3418113
MAMATA,"MAMATA MACHINERY",448.1,7343873
MANAKALUCO-BE,"MANAK ALUMINIUM CO.",29,1901313
MANAKCOAT,"MAN COAT METAL & IND",146.04,1897729
MANAKSIA,"MANAKSIA",66,3890945
MANAKSTEEL-BE,"MANAKSIA STEELS",59.69,1915393
MANALIPETC,"MANALI PETROCHEMICALS LT",71.01,3531777
MANAPPURAM,"MANAPPURAM FINANCE",293.65,4879617
MANAV-SM,"MANAV INFRA PROJECTS",26.3,5554433
MANBA,"MANBA FINANCE",133.55,6552833
MANCREDIT,"MANGAL CREDIT N FINCORP L",181.51,6354689
MANDEEP-SM,"MANDEEP AUTO INDUSTRIES L",26.05,6087425
MANGALAM,"MANGALAM DRUG & CHEM",69.45,3025153
MANGCHEFER,"MANG.CHEM.FERT.LTD",318,3841793
MANGLMCEM,"MANGALAM CEMENT",737.25,539137
MANINDS,"MAN INDUSTRIES (I)",370,3042305
MANINFRA,"MAN INFRA",144.3,4665857
MANKIND,"MANKIND PHARMA",2476.8,3937281
MANOMAY,"MANOMAY TEX INDIA",201.11,3520769
MANORAMA,"MANORAMA INDUSTRIES",1435,2618113
MANORG,"MANGALAM ORGANICS",518.6,1644033
MANUGRAPH-BE,"MANUGRAPH INDIA",23.1,3475201
MANYAVAR,"VEDANT FASHIONS",690.05,2090753
MAPMYINDIA,"C.E. INFO SYSTEMS",1696.9,1850113
MARALOVER,"MARAL OVERSEAS",45.51,540673
MARATHON,"MARATHON NXTGEN REALT",571.45,4776705
MARCO-SM,"MARCO CABLE & CONDUCTOR L",39,4805889
MARICO,"MARICO",717,1041153
MARINE,"MARINE ELECTRICAL (I)",209.38,339969
MARINETRAN-SM,"MARINETRANS INDIA",15.4,5224961
MARKSANS,"MARKSANS PHARMA",170.1,2708225
MARUTI,"MARUTI SUZUKI INDIA",15948,2815745
MASFIN,"MAS FINANCIAL SERV",301,50945
MASKINVEST,"MASK INVESTMENTS",150,4794113
MASON-ST,"MASON INFRATECH",198.1,6215937
MASPTOP50,"MIRAEAMC - MASPTOP50",68.97,1480193
MASTEK,"MASTEK",2105,543745
MASTER-SM,"MASTER COMPONENTS",357.25,4866817
MASTERTR,"MASTER TRUST",143.58,6924033
MATRIMONY,"MATRIMONY.COM",512.75,5561857
MAWANASUG,"MAWANA SUGARS",89.73,4357633
MAXESTATES,"MAX ESTATES",463,5029377
MAXHEALTH,"MAX HEALTHCARE INS",1155.8,5728513
MAXIND,"MAX INDIA",211.4,5741569
MAXPOSURE-SM,"MAXPOSURE",55,5552897
MAXVOLT-SM,"MAXVOLT ENERGY INDUS L",275,7589121
MAYASHEEL-SM,"MAYASHEEL VENTURES",60.4,193942273
MAYURUNIQ,"MAYUR UNIQUOTERS",495.65,7399937
MAZDA,"MAZDA",292.3,4829697
MAZDOCK,"MAZAGON DOCK SHIPBUIL",2897.3,130305
MBAPL,"MADHYA BHARAT AGRO P.",437.8,3247617
MBEL,"M AND B ENGINEERING",367.8,194086401
MBLINFRA,"MBL INFRASTRUCTURE",42.5,4615425
MCL-BE,"MADHAV COPPER",52.6,5724673
MCLEODRUSS,"MCLEOD RUSSEL INDIA",55,3057409
MCLOUD,"MAGELLANIC CLOUD",72,7547393
MCON-SM,"MCON RASAYAN INDIA",56.2,3730945
MCX,"MULTI COMMODITY EXCHANGE",8710,7982337
MDL-SM,"MARVEL DECOR",90,545793
MEDANTA,"GLOBAL HEALTH",1371.6,3060737
MEDIASSIST,"MEDI ASSIST HEALTH SER L",533,5556481
MEDICAMEQ,"MEDICAMEN BIOTECH",308.2,1607169
MEDICO-BE,"MEDICO REMEDIES",52,2476289
MEDIORG-SM,"MEDICAMEN ORGANICS",34.2,6205185
MEDISTEP-SM,"MEDISTEP HEALTHCARE",30,194156289
MEDPLUS,"MEDPLUS HEALTH SERV",775,1857025
MEGAFLEX-SM,"MEGA FLEX PLASTICS",55,2808577
MEGASOFT,"MEGASOFT",153.1,3787009
MEGASTAR,"MEGASTAR FOODS",221,2087169
MEGATHERM-SM,"MEGATHERM INDUCTION",273.1,5775361
MEIL,"MANGAL ELECTRICAL IND L",441.25,194239489
MENONBE,"MENON BEARINGS",122.37,1782017
MEP-BZ,"MEP INFRA. DEVELOPERS",2.04,6625793
METAL,"MIRAEAMC - METAL",10.41,6590465
METALIETF,"ICICIPRAMC - METALIETF",10.44,6364417
METROBRAND,"METRO BRANDS",1211,1853953
METROPOLIS,"METROPOLIS HEALTHCARE",2040,2452737
MFML,"MAHALAXMI FABRIC MILLS LT",29.35,6383873
MFSL,"MAX FINANCIAL SERV",1590.2,548353
MGEL,"MANGALAM GLOBAL ENT",16.79,407809
MGL,"MAHANAGAR GAS",1294.4,4488705
MGSL-ST,"MATRIX GEO SOLUTIONS",111,194546689
MHHL-SM,"MOHINI HEALTH&HYGIENE",49.95,365057
MHLXMIRU,"MAHALAXMI RUBTECH",219.2,2018817
MHRIL,"MAHINDRA HOLIDAYS",342.9,4437249
MICEL,"MIC ELECTRONICS",56.93,1835265
MICROPRO-SM,"MICROPRO SOFTWARE SOL L",22.25,5091073
MID150,"KOTAKMAMC - MID150",21.92,7800065
MID150BEES,"NIP IND ETF MIDCAP 150",223.08,2177537
MID150CASE,"ZERODHA NIFTY MIDCAP 150 ETF",10.79,6163713
MIDCAP,"KOTAKMAMC - KOTAKMID50",166.82,2067713
MIDCAPETF,"MIRAEAMC - MAM150ETF",22.05,2153729
MIDCAPIETF,"ICICIPRAMC - ICICIM150",22.36,4390913
MIDHANI,"MISHRA DHATU NIGAM",394.9,630529
MIDQ50ADD,"DSPAMC - DSPQ50ETF",250.35,1908737
MIDSELIETF,"ICICI PRUD MIDCAP SEL ETF",17.72,4531713
MIDSMALL,"MIRAEAMC - MIDSMALL",48.44,6106881
MIEL-ST,"MANGLAM INFRA & ENG",22.6,6305793
MILTON-SM,"MILTON INDUSTRIES",27.5,40705
MINDACORP,"MINDA CORPORATION",583,6629633
MINDPOOL-SM,"MINDPOOL TECHNOLOGIES",71.1,2278401
MINDSPACE-RR,"MINDSPACE BUSINESS P REIT",454.25,5710849
MINDTECK,"MINDTECK (INDIA)",288,4620545
MIRCELECTR-BE,"MIRCELECTR-DEPO",24.65,1754369
MIRZAINT,"MIRZA INTERNATIONAL LIMIT",36.5,1124865
MITCON,"MITCON CON & ENG SER",66.29,2168065
MITTAL,"MITTAL LIFE STYLE",1.5,4751873
MKPL,"M K PROTEINS",6.95,4284417
MMEL-SM,"MOVING MEDIA ENTER",63.8,193999361
MMFL,"MM FORGINGS",308.8,3544065
MMP,"MMP INDUSTRIES",274,4197121
MMTC,"MMTC",71.48,4596993
MNC,"KOTAKMAMC - KOTAKMNC",30.51,2733057
MOALPHA50,"MOTILALAMC - MOALPHA50",50.33,193963265
MOBIKWIK,"ONE MOBIKWIK SYSTEMS",285,7179777
MOCAPITAL,"MOTILALAMC - MOCAPITAL",44.28,7696641
MODEFENCE,"MOTILALAMC - MODEFENCE",89.3,6385665
MODIRUBBER,"MODI RUBBER",123.31,570625
MODISONLTD,"MODISON",156.7,848897
MODTHREAD,"MODERN THREADS INDIA",47.5,573697
MOGOLD,"MOTILALAMC - MOGOLD",122.1,193994497
MOGSEC,"MOTILALAMC - G5",63.3,385793
MOHEALTH,"MOTILALAMC - MOHEALTH",44.82,2690049
MOHITIND-BE,"MOHIT INDUSTRIES",32.85,7533313
MOIL,"MOIL",388.95,5332481
MOINFRA,"MOTILALAMC - MOINFRA",60.64,193799937
MOKSH,"MOKSH ORNAMENTS",14.98,918017
MOL,"MEGHMANI ORGANICS",81.7,1380865
MOLDTECH,"MOLD-TEK TECHNOLOGIES",205,4512001
MOLDTKPAC,"MOLD-TEK PACKAGING",743.5,1718529
MOLOWVOL,"MOTILALAMC - MOLOWVOL",37.87,2215425
MOM100,"MOTILAL OS MIDCAP100 ETF",62.5,5484289
MOM30IETF,"ICICIPRAMC - ICICIMOM30",31.5,2709761
MOM50,"MOTILAL OSWAL M50 ETF",261.68,4937985
MOMENTUM,"BIRLASLAMC - MOMENTUM",31.31,2737409
MOMENTUM50,"MOTILALAMC - MOMENTUM50",52.46,6555137
MOMGF,"MOTILALAMC - MOMGF",149.32,193817345
MOMIDMTM,"MOTILALAMC - MOMIDMTM",62.28,194001153
MOMOMENTUM,"MOTILALAMC - MOMOMENTUM",62.7,2094593
MON100,"MOTILAL OS NASDAQ100 ETF",241.75,5821185
MON50EQUAL,"MOTILALAMC - MON50EQUAL",32.34,193766401
MONARCH,"MONARCH NETWORTH CAP",311,1965825
MONEXT50,"MOTILALAMC - MONEXT50",67.9,193834753
MONIFTY500,"MOTILALAMC - MONIFTY500",23.67,4924673
MONOLITH-ST,"MONOLITHISCH INDIA",457.95,193782017
MONOPHARMA-SM,"MONO PHARMACARE",21.7,4708353
MONQ50,"MOTILALAMC - MONQ50",102.39,1900033
MONTECARLO,"MONTE CARLO FASHIONS",676,1520129
MOPSE,"MOTILALAMC - MOPSE",99.67,193902337
MOQUALITY,"MOTILALAMC - MOQUALITY",194.5,2770433
MORARJEE-BZ,"MORARJEE TEXTILES",9.58,6624257
MOREALTY,"MOTILALAMC - MOREALTY",88.28,5935105
MOREPENLAB,"MOREPEN LAB.",47.88,578305
MOS-SM,"MOS UTILITY",49.85,3853057
MOSCHIP,"MOSCHIP TECHNOLOGIES",271.9,7541505
MOSILVER,"MOTILALAMC - MOSILVER",158,194164993
MOSMALL250,"MOTILALAMC - MOSMALL250",17.07,5934337
MOTHERSON,"SAMVRDHNA MTHRSN INTL",103.31,1076225
MOTILALOFS,"MOTILAL OSWAL FIN",979,3826433
MOTISONS,"MOTISONS JEWELLERS",17.65,5321729
MOTOGENFIN,"MOTOR & GENERAL FINANCE L",26.49,580609
MOTOUR,"MOTILALAMC - MOTOUR",89.2,193905409
MOVALUE,"MOTILALAMC - MOVALUE",107.57,2771201
MOXSH-SM,"MOXSH OVERSEAS EDUCON",36.6,3456513
MPEL-ST,"MANAS POLYMER N ENERGIE L",136.35,194394625
MPHASIS,"MPHASIS",2810,1152769
MPSLTD,"MPS",2230.4,2707969
MPTODAY-SM,"M P TODAY MEDIA",47.15,5578753
MRF,"MRF",156355,582913
MRIL-SM,"MAHENDRA REALTO & INFRA L",52,194223361
MRPL,"MRPL",144.75,584449
MSCIINDIA,"KOTAKMAMC - MSCIINDIA",29.89,7618049
MSPL,"MSP STEEL & POWER",37.86,3051265
MSTCLTD,"MSTC",544,2395137
MSUMI,"MOTHERSON SUMI WRNG IND L",45,2200577
MTARTECH,"MTAR TECHNOLOGIES",1940,693505
MTEDUCARE-BE,"MT EDUCARE",2.11,8041729
MTNL,"MAHANAGAR TELEPHONE NIGAM",42.71,587265
MUFIN,"MUFIN GREEN FINANCE",89,5064449
MUFTI,"CREDO BRANDS MARKETING L",111.99,5344769
MUKANDLTD,"MUKAND",136,2899201
MUKKA,"MUKKA PROTEINS",26.5,5882881
MUKTAARTS,"MUKTA ARTS",68.95,2223873
MULTICAP,"MIRAEAMC - MULTICAP",16.28,6420481
MUNISH-ST,"MUNISH FORGE",115.75,194411265
MUNJALAU,"MUNJAL AUTO IND.",100.4,3458817
MUNJALSHOW,"MUNJAL SHOWA",139.4,590593
MURUDCERA,"MURUDESHWAR CERAMICS",41.55,592129
MUTHOOTCAP,"MUTHOOT CAP SERV",273.9,2666241
MUTHOOTFIN,"MUTHOOT FINANCE",3245,6054401
MUTHOOTMF,"MUTHOOT MICROFIN",165.9,5332737
MVGJL,"MANOJ VAIBHAV GEM N JEW L",189.05,4867841
MVKAGRO-ST,"M.V.K. AGRO FOOD PROD",549.9,5882625
MWL,"MANGALAM WORLDWIDE",241.99,194347265
MYMUDRA-ST,"MY MUDRA FINCORP",90.05,6454017
NACLIND-BE,"NACL INDUSTRIES",227.35,5229825
NAGAFERT,"NAGARJUN FERT AND CHE",5.07,4427521
NAGREEKCAP,"NAGREEKA CAP & INFR.LTD",36.5,3825153
NAGREEKEXP,"NAGREEKA EXPORTS",34.03,3763713
NAHARCAP,"NAHAR CAP & FIN.",285.1,3932161
NAHARINDUS,"NAHAR INDS ENT",114.35,3355137
NAHARPOLY,"NAHAR POLY FILMS",307.5,3697921
NAHARSPING,"NAHAR SPINNING MILLS",203.97,3696641
NAM-INDIA,"NIPPON L I A M",857,91393
NAMAN-SM,"NAMAN IN-STORE (INDIA) L",85,5985025
NAMOEWASTE-SM,"NAMO EWASTE MANAGEMENT L",195,6442753
NARMADA,"NARMADA AGROBASE",25.3,2976513
NATCAPSUQ-BE,"NATURAL CAPSULES",243.6,7574529
NATCOPHARM,"NATCO PHARMA",814.45,1003009
NATHBIOGEN-BE,"NATH BIO-GENES (I)",173.5,2833665
NATIONALUM,"NATIONAL ALUMINIUM CO",229.49,1629185
NAUKRI,"INFO EDGE (I)",1344.8,3520257
NAVA,"NAVA",626,1027585
NAVINFLUOR,"NAVIN FLUORINE INT.",4596.6,3756033
NAVKARCORP,"NAVKAR CORPORATION",119.21,2702593
NAVKARURB-BE,"NAVKAR URBANSTRUCTURE",2.25,7462145
NAVNETEDUL,"NAVNEET EDUCATION",155.88,610561
NAZARA,"NAZARA TECHNOLOGIES",267.5,764673
NBCC,"NBCC (INDIA)",114,8042241
NBIFIN,"N.B.I. IND. FIN. CO.",2655,4892417
NCC,"NCC",210.31,593665
NCLIND,"NCL INDUSTRIES",204.65,3709441
NDGL,"NAGA DHUNSERI GROUP",3902,4702977
NDL,"NANDAN DENIM",3.19,8002049
NDLVENTURE-BE,"NDL VENTURES",84.84,3724801
NDRAUTO,"NDR AUTO COMPONENTS",996.9,5697281
NDRINVIT-IV,"NDR INVIT TRUST",121,5806081
NDTV,"NDTV",111.5,2925313
NECCLTD,"NORTH EAST CARRY CORP",20.17,3461633
NECLIFE-BE,"NECTAR LIFESCIENCES",14.1,3054081
NEELAM-SM,"NEELAM LINENS & GAR (I) L",19.65,6943489
NELCAST,"NELCAST",110.5,3778817
NELCO,"NELCO",875.8,611329
NEOGEN,"NEOGEN CHEMICALS",1505,2538753
NEPHROCARE-ST,"NEPHRO CARE INDIA",141,6234369
NEPTUNE-SM,"NEPTUNE PETROCHEMICALS L",169,193918209
NESCO,"NESCO",1392,3944705
NESTLEIND,"NESTLE INDIA",1187,4598529
NETF,"TATAAML - NETF",270.76,2006529
NETWEB,"NETWEB TECH INDIA",3945,4462849
NETWORK18,"NETWORK18 MEDIA & INV",52.31,3612417
NEULANDLAB,"NEULAND LAB",15690,615937
NEWGEN,"NEWGEN SOFTWARE TECH",872,297985
NEWJAISA-ST,"NEWJAISA TECHNOLOGIES",39.4,4905217
NEXT30ADD,"DSPAMC - NEXT30ADD",39.31,7542785
NEXT50,"MIRAEAMC - MANXT50",702.6,4398337
NEXT50IETF,"ICICIPRAMC - ICICINXT50",71.8,1159425
NEXTMEDIA,"NEXT MEDIAWORKS",6.94,2525953
NFL,"NATIONAL FERT.",92.88,3564801
NGIL,"NAKODA GROUP OF IND.",32.1,1382657
NGLFINE,"NGL FINE CHEM",1435,2630913
NH,"NARAYANA HRUDAYALAYA",1776.8,3031041
NHIT-IV,"NATIONAL HIGHW INFRA TRUS",141.5,1671937
NHPC,"NHPC",86.85,4454401
NIACL,"THE NEW INDIA ASSU CO",189.43,102145
NIBE,"NIBE",1344,7548673
NIBL,"NRB INDUS. BEARINGS",29.78,7611649
NIDAN-SM,"NIDAN LABS AND HEALTH",18.15,1687553
NIDOZC26-N7,"NIDOZC26-N7",2349,4574209
NIF100BEES,"NIP IND ETF NIFTY 100",272.58,7571713
NIF100IETF,"ICICI PRUD NIFTY 100 ETF",28.69,7780353
NIF10GETF,"UTIAMC - NIF10GETF",26.11,5766145
NIF5GETF,"UTIAMC - NIF5GETF",62.83,5765377
NIFITETF,"UTIAMC - NIFITETF",366.06,5756929
NIFMID150,"UTIAMC - NIFMID150",217.61,4696833
NIFTY 100,"NIFTY 100",25825.7,260617
NIFTY 200,"NIFTY 200",14059.05,264457
NIFTY 50,"NIFTY 50",25181.8,256265
NIFTY 500,"NIFTY 500",23241.75,268041
NIFTY ALPHA 50,"NIFTY ALPHA 50",50522.4,265993
NIFTY ALPHALOWVOL,"NIFTY ALPHALOWVOL",26562.35,273673
NIFTY AQL 30,"NIFTY ALPHA QUALITY LOW-VOLATILITY 30",22583.2,404745
NIFTY AQLV 30,"NIFTY ALPHA QUALITY VALUE LOW VOLATILITY 30",20864.4,405001
NIFTY AUTO,"NIFTY AUTO",26587,263433
NIFTY BANK,"NIFTY BANK",56192.05,260105
NIFTY CAPITAL MKT,"NIFTY CAPITAL MARKETS",4406.55,414473
NIFTY COMMODITIES,"NIFTY COMMODITIES",9128.9,257289
NIFTY CONSR DURBL,"NIFTY CONSR DURBL",38251.55,288777
NIFTY CONSUMPTION,"NIFTY CONSUMPTION",12227.45,257545
NIFTY COREHOUSING,"NIFTY CORE HOUSING",15894.8,410377
NIFTY CORP MAATR,"NIFTY INDIA SELECT 5 CORPORATE GROUPS",37037.5,405257
NIFTY CPSE,"NIFTY CPSE",6489.8,268297
NIFTY DIV OPPS 50,"NIFTY DIV OPPS 50",6031.65,257033
NIFTY ENERGY,"NIFTY ENERGY",35244.15,261641
NIFTY EV,"NIFTY EV & NEW AGE AUTOMOTIVE",3095.75,405513
NIFTY FIN SERVICE,"NIFTY FIN SERVICE",26724.3,257801
NIFTY FINSEREXBNK,"NIFTY FINANCIAL SERVICES",30344.35,410633
NIFTY FINSRV25 50,"NIFTY FINSRV25 50",28870.4,288265
NIFTY FMCG,"NIFTY FMCG",54707.45,261897
NIFTY GROWSECT 15,"NIFTY GROWSECT 15",11915.45,270345
NIFTY GS 10YR,"NIFTY GS 10YR",2603.08,269065
NIFTY GS 10YR CLN,"NIFTY GS 10YR CLN",901.51,269321
NIFTY GS 11 15YR,"NIFTY GS 11 15YR",3236.87,269577
NIFTY GS 15YRPLUS,"NIFTY GS 15YRPLUS",3500.78,269833
NIFTY GS 4 8YR,"NIFTY GS 4 8YR",3201.03,268553
NIFTY GS 8 13YR,"NIFTY GS 8 13YR",2946.51,268809
NIFTY GS COMPSITE,"NIFTY GS COMPSITE",3038.2,270089
NIFTY HEALTHCARE,"NIFTY HEALTHCARE",14593.5,288521
NIFTY HIGHBETA 50,"NIFTY HIGHBETA 50",3825.65,405769
NIFTY HOUSING,"NIFTY HOUSING",11656.15,410889
NIFTY IND DEFENCE,"NIFTY INDIA DEFENCE",8111.25,413961
NIFTY IND DIGITAL,"NIFTY IND DIGITAL",9198.3,291337
NIFTY IND TOURISM,"NIFTY INDIA TOURISM",8883.3,414217
NIFTY INDIA MFG,"NIFTY INDIA MFG",14988.4,291081
NIFTY INFRA,"NIFTY INFRA",9152.55,261385
NIFTY IPO,"NIFTY IPO",2166.8,411145
NIFTY IT,"NIFTY IT",35628.5,259849
NIFTY LARGEMID250,"NIFTY LARGEMID250",16347.45,289545
NIFTY LOW VOL 50,"NIFTY LOW VOLATILITY 50",25049.55,406025
NIFTY M150 QLTY50,"NIFTY M150 QLTY50",24366.9,290825
NIFTY MEDIA,"NIFTY MEDIA",1557.55,263945
NIFTY METAL,"NIFTY METAL",10356.2,263689
NIFTY MICROCAP250,"NIFTY MICROCAP250",23368.4,290569
NIFTY MID LIQ 15,"NIFTY MID LIQ 15",15351.15,270601
NIFTY MID SELECT,"NIFTY MIDCAP SELECT (MIDCPNIFTY)",13034.55,288009
NIFTY MIDCAP 100,"NIFTY MIDCAP 100",58429.85,256777
NIFTY MIDCAP 150,"NIFTY MIDCAP 150",21655.9,266249
NIFTY MIDCAP 50,"NIFTY MIDCAP 50",16522.4,260873
NIFTY MIDSML 400,"NIFTY MIDSML 400",19981.1,266505
NIFTY MIDSML HLTH,"NIFTY MIDSML HLTH",44241.45,295689
NIFTY MNC,"NIFTY MNC",29897.1,262153
NIFTY MOBILITY,"NIFTY MOBILITY",22629.95,406281
NIFTY MS FIN SERV,"NIFTY MIDSMALL FINANCIAL SERVICES",18829.8,411401
NIFTY MS IND CONS,"NIFTY MIDSMALL INDIA CONSUMPTION",19646.9,411657
NIFTY MS IT TELCM,"NIFTY MIDSMALL IT & TELECOM",9740.7,411913
NIFTY MULTI INFRA,"NIFTY MULTI INFRA",14079.25,295433
NIFTY MULTI MFG,"NIFTY MULTI MFG",15583.7,295177
NIFTY MULTI MQ 50,"NIFTY500 MULTICAP MOMENTUM QUALITY 50",41702.5,406537
NIFTY NEW CONSUMP,"NIFTY INDIA NEW AGE CONSUMPTION",12088.6,406793
NIFTY NEXT 50,"NIFTY NEXT 50",68520.25,270857
NIFTY NONCYC CONS,"NIFTY NON-CYCLICAL CONSUMER",16235.7,412169
NIFTY OIL AND GAS,"NIFTY OIL AND GAS",11467.25,289033
NIFTY PHARMA,"NIFTY PHARMA",21936.2,262409
NIFTY PSE,"NIFTY PSE",9885.1,262665
NIFTY PSU BANK,"NIFTY PSU BANK",7569.3,262921
NIFTY PVT BANK,"NIFTY PVT BANK",27518.35,271113
NIFTY QLTY LV 30,"NIFTY QUALITY LOW VOLATILITY 30",17244.25,407049
NIFTY REALTY,"NIFTY REALTY",881.9,261129
NIFTY RURAL,"NIFTY RURAL",15520.4,412425
NIFTY SERV SECTOR,"NIFTY SERV SECTOR",32847.95,263177
NIFTY SHARIAH 25,"NIFTY SHARIAH 25",8229,412681
NIFTY SML250 Q50,"NIFTY SMALLCAP250 QUALITY 50",26280.95,407305
NIFTY SMLCAP 100,"NIFTY SMLCAP 100",18000.25,267017
NIFTY SMLCAP 250,"NIFTY SMLCAP 250",17007.8,267273
NIFTY SMLCAP 50,"NIFTY SMLCAP 50",8604,266761
NIFTY TATA 25 CAP,"NIFTY TATA 25 CAP",14827.25,294921
NIFTY TOP 10 EW,"NIFTY TOP 10 EQUAL WEIGHT",9534.45,407561
NIFTY TOP 15 EW,"NIFTY TOP 15 EQUAL WEIGHT",10561.05,407817
NIFTY TOP 20 EW,"NIFTY TOP 20 EQUAL WEIGHT",9320.7,408073
NIFTY TOTAL MKT,"NIFTY TOTAL MKT",13070.85,290313
NIFTY TRANS LOGIS,"NIFTY TRANSPORTATION & LOGISTICS",25693.3,412937
NIFTY1,"KOTAK NIFTY ETF",275.98,4634113
NIFTY100 ALPHA 30,"NIFTY100 ALPHA 30",18474.2,408329
NIFTY100 ENH ESG,"NIFTY100 ENHANCED ESG",5032.05,408585
NIFTY100 EQL WGT,"NIFTY100 EQL WGT",33320.7,271881
NIFTY100 ESG,"NIFTY100 ESG",4992.25,291593
NIFTY100 LIQ 15,"NIFTY100 LIQ 15",7280.5,267785
NIFTY100 LOWVOL30,"NIFTY100 LOWVOL30",20315.85,272137
NIFTY100 QUALTY30,"NIFTY100 QUALTY30",5652.8,272393
NIFTY100ESGSECLDR,"NIFTY100ESGSECLDR",4213.75,289801
NIFTY100EW,"KOTAKMAMC - NIFTY100EW",33.58,7665665
NIFTY200 ALPHA 30,"NIFTY200 ALPHA 30",25120.8,294409
NIFTY200 QUALTY30,"NIFTY200 QUALTY30",20804.25,265737
NIFTY200 VALUE 30,"NIFTY200 VALUE 30",13517.55,408841
NIFTY200MOMENTM30,"NIFTY200MOMENTM30",31010.4,290057
NIFTY50 DIV POINT,"NIFTY50 DIV POINT",210.91,265225
NIFTY50 EQL WGT,"NIFTY50 EQL WGT",32227.3,271625
NIFTY50 PR 1X INV,"NIFTY50 PR 1X INV",205.35,259081
NIFTY50 PR 2X LEV,"NIFTY50 PR 2X LEV",13837.35,258825
NIFTY50 SHARIAH,"NIFTY50 SHARIAH",4636.55,413193
NIFTY50 TR 1X INV,"NIFTY50 TR 1X INV",168.25,259593
NIFTY50 TR 2X LEV,"NIFTY50 TR 2X LEV",20644.45,259337
NIFTY50 VALUE 20,"NIFTY50 VALUE 20",12767.05,267529
NIFTY500 EW,"NIFTY500 EQUAL WEIGHT",14356.4,409097
NIFTY500 LMS EQL,"NIFTY500 LARGEMIDSMALL EQUAL CAP WEIGHTED",17828.05,413449
NIFTY500 MULTICAP,"NIFTY500 MULTICAP",16173.5,289289
NIFTY500 SHARIAH,"NIFTY500 SHARIAH",7082.05,413705
NIFTY500 VALUE 50,"NIFTY500 VALUE 50",14627.8,409353
NIFTY500MOMENTM50,"NIFTY500 MOMENTUM 50",52717.45,409609
NIFTY50ADD,"DSPAMC - DSPN50ETF",262.9,1907457
NIFTYBEES,"NIP IND ETF NIFTY BEES",284,2707457
NIFTYBETF,"BFAM - NIFTYBETF",256.29,5621505
NIFTYETF,"MIRAEAMC - MAN50ETF",271.02,1626369
NIFTYIETF,"ICICI PRUD NIFTY ETF",282.5,7565569
NIFTYM150MOMNTM50,"NIFTYM150MOMNTM50",61288.6,294665
NIFTYMS400 MQ 100,"NIFTY MIDSMALLCAP400 MOMENTUM QUALITY 100",48207.8,409865
NIFTYQLITY,"BIRLASLAMC - NIFTYQLITY",21.55,2736641
NIFTYSML250MQ 100,"NIFTY SMALLCAP250 MOMENTUM QUALITY 100",45448.5,410121
NIITLTD,"NIIT",106.4,2949633
NIITMTS,"NIIT LEARNING SYSTEMS",329.4,4543233
NIKITA-SM,"NIKITA PAPERS",136.95,194093569
NILAINFRA,"NILA INFRASTRUCTURES",10.44,2368769
NILASPACES-BE,"NILA SPACES",19,1907201
NILKAMAL,"NILKAMAL",1565,619777
NINSYS,"NINTEC SYSTEMS",437.75,3633665
NIPPOBATRY,"INDO-NATIONAL",451.8,1736193
NIRAJ,"NIRAJ CEMENT STRUC",35.35,65281
NIRAJISPAT,"NIRAJ ISPAT IND",272,4823041
NIRMAN-SM,"NIRMAN AGRI GENTICS",185.25,3768833
NITCO,"NITCO",107.82,3404801
NITINSPIN,"NITIN SPINNERS",320.75,3372801
NITIRAJ,"NITIRAJ ENGINEERS",202,831233
NIVABUPA,"NIVA BUPA HEALTH INS CO L",80.13,6936833
NKIND,"NK INDUSTRIES",73.93,624385
NLCINDIA,"NLC INDIA",271.8,2197761
NMDC,"NMDC",78.82,3924993
NMSTEEL-SM,"NEWMALAYALAM STEEL",31.8,7373057
NOCIL,"NOCIL",180.65,625153
NOIDATOLL-BE,"NOIDA TOLL BRIDGE CO",3.87,2870785
NORBTEAEXP-BE,"NORBEN TEA &EXPORTS",49.98,2414337
NORTHARC,"NORTHERN ARC CAPITAL",270.25,6509057
NOVAAGRI,"NOVA AGRITECH",46.3,5754113
NPBET,"TATAAML - NPBET",282.91,3322369
NPST,"NETWORK PEOPLE SRV TECH L",1892,193618945
NRAIL,"N R AGARWAL INDS",455.1,5200385
NRBBEARING,"NRB BEARING",271.4,1933569
NRL,"NUPUR RECYCLERS",69.7,3500801
NRVANDANA-SM,"N R VANDANA TEX IND",52.2,193917185
NSIL,"NALWA SONS INVESTMENT",7780,2877185
NSLNISP,"NMDC STEEL",46.37,3630081
NTPC,"NTPC",335.8,2977281
NTPCGREEN,"NTPC GREEN ENERGY",98.05,6957057
NUCLEUS,"NUCLEUS SOFTWARE EXPORTS",1004.75,2762497
NURECA,"NURECA",231.98,601601
NUVAMA,"NUVAMA WEALTH MANAGE",7130,4792577
NUVOCO,"NUVOCO VISTAS CORP",432.75,1389057
NV20,"KOTAKMAMC - KTKNV20ETF",148.29,2932993
NV20BEES,"NIP IND ETF ETF NV20",149.16,2520833
NV20IETF,"ICICI PRUDENTIAL NV20 ETF",14.43,4473601
NXST-RR,"NEXUS SELECT TRUST",162.59,4048641
NXT-INFRA-IV,"NXT-INFRA TRUST",100.2,6220289
NYKAA,"FSN E COMMERCE VENTURES",263.98,1675521
OAL,"ORIENTAL AROMATICS",341.45,2756609
OBCL,"ORISSA BENGAL CARRIER",55.5,2252033
OBEROIRLTY,"OBEROI REALTY",1587,5181953
OBSCP-SM,"OBSC PERFECTION",294.9,6636289
OCCLLTD,"OCCL",126,6635009
ODIGMA-BE,"ODIGMA CONSULTANCY SOL L",38.95,7059201
OFSS,"ORACLE FIN SERV SOFT",9299.5,2748929
OIL,"OIL INDIA",419.25,4464129
OILCOUNTUB,"OIL COUNTRY TUBULAR",72.11,632833
OILIETF,"ICICIPRAMC - OILIETF",11.65,6280449
OLAELEC-BE,"OLA ELECTRIC MOBILITY",50.19,6343425
OLECTRA,"OLECTRA GREENTECH",1534.2,2723073
OLIL-SM,"ONECLICK LOGISTICS IND L",276.95,4962817
OMAXAUTO-BE,"OMAX AUTOS",128.48,3616001
OMAXE,"OMAXE",80.04,3802369
OMFREIGHT-BE,"OM FREIGHT FORWARDERS",89.84,194409473
OMFURN-SM,"OMFURN INDIA",123.5,29953
OMINFRAL,"OM INFRA",123.57,6203137
OMKARCHEM-BZ,"OMKAR SPL CHEM",5.69,3459841
ONDOOR-SM,"ON DOOR CONCEPTS",140,5041153
ONELIFECAP,"ONELIFE CAP ADVISORS",12.48,6525953
ONEPOINT,"ONE POINT ONE SOL",48.61,2544385
ONESOURCE,"ONESOURCE SPECL PHARMA L",1880,7481345
ONGC,"OIL AND NATURAL GAS CORP.",243.36,633601
ONMOBILE,"ONMOBILE GLOBAL",66.35,3911169
ONWARDTEC,"ONWARD TECHNOLOGIES",302.8,635137
ONYX-SM,"ONYX BIOTEC",41.5,6946817
OPTIEMUS,"OPTIEMUS INFRACOM",650.6,5496065
OPTIVALUE-SM,"OPTIVALUE TEK CONSULT",92.1,194278401
ORBTEXP,"ORBIT EXPORTS",220.4,8057601
ORCHASP,"ORCHASP",3.09,7549953
ORCHPHARMA,"ORCHID PHARMA",745,237057
ORIANA-SM,"ORIANA POWER",2793,4577793
ORICONENT,"ORICON ENTERPRISES",55,2600705
ORIENTALTL,"ORIENTAL TRIMEX",10.2,3672577
ORIENTBELL,"ORIENT BELL",309,3655169
ORIENTCEM,"ORIENT CEMENT",221.3,7702785
ORIENTCER,"ORIENT CERATECH",36.9,3356417
ORIENTELEC,"ORIENT ELECTRIC",202.33,760833
ORIENTHOT,"ORIENT HOTELS",129.2,638209
ORIENTLTD,"ORIENT PRESS",83.42,4661249
ORIENTPPR,"ORIENT PAPER AND INDS",26.3,638977
ORIENTTECH,"ORIENT TECHNOLOGIES",476.1,6390017
ORISSAMINE,"ORISSA MIN DEV CO",5638,5102337
ORTEL-BZ,"ORTEL COMMUNICATIONS",1.7,3410177
ORTINGLOBE-BE,"ORTIN GLOBAL",12,762881
OSEINTRUST-IV,"ORIENTAL INFRATRUST",88.21,2671361
OSELDEVICE-ST,"OSEL DEVICES",590.35,6499585
OSIAHYPER-BE,"OSIA HYPER RETAIL",22.1,3236609
OSWALAGRO,"OSWAL AGRO MILLS",72.24,643585
OSWALGREEN,"OSWAL GREENTECH",39.8,120577
OSWALPUMPS,"OSWAL PUMPS",729.45,193741313
OSWALSEEDS-BE,"SHREEOSWAL S AND CHE",14.6,3663361
OWAIS-SM,"OWAIS METAL & MINERAL",534,5865217
PACEDIGITK,"PACE DIGITEK",222.4,194391553
PAGEIND,"PAGE INDUSTRIES",41740,3689729
PAISALO,"PAISALO DIGITAL",38.58,6519809
PAKKA,"PAKKA",149.5,4402433
PALASHSECU,"PALASH SECURITIES",118.3,5474049
PALREDTEC,"PALRED TECHNOLOGIES",66.91,4367873
PANACEABIO,"PANACEA BIOTEC",439,1038081
PANACHE-BE,"PANACHE DIGILIFE",455.2,4186881
PANAMAPET,"PANAMA PETROCHEM",275.7,6500353
PANSARI,"PANSARI DEVELOPERS",254.35,1572097
PAR-BE,"PAR DRUGS AND CHEM",103,1443073
PARACABLES,"PARAMOUNT COMM",43.68,3571457
PARADEEP,"PARADEEP PHOSPHATES",180.54,2493697
PARAGMILK,"PARAG MILK FOODS",274.65,4385281
PARAGON-SM,"PARAGON FINE S.C.",57.15,5063425
PARAMATRIX-SM,"PARAMATRIX TECHNOLOGIES L",75,6417665
PARAMOUNT-SM,"PARAMOUNT DYE TEC",54.2,6583297
PARAS,"PARAS DEF AND SPCE TECH L",722.8,1513217
PARASPETRO,"PARAS PETROFILS",2.24,1016833
PARIN-ST,"PARIN ENTERPRISES",537,1399041
PARKHOTELS,"PARKHOTELS",153.61,5798145
PARSVNATH-BE,"PARSVNATH DEVELOPER",14.35,3531521
PARTH-ST,"PARTH ELEC & ENG",242.95,194104321
PARTYCRUS-SM,"PARTY CRUISERS",74.7,665345
PASHUPATI,"PASHUPATI COTSPIN",710,194036481
PASUPTAC,"PASUPATI ACRYLON",44.4,1547521
PATANJALI,"PATANJALI FOODS",593.2,4359425
PATELENG,"PATEL ENGINEERING",37.25,2994945
PATELRMART,"PATEL RETAIL",224.9,194416385
PATILAUTOM-SM,"PATIL AUTOMATION",173.95,193782529
PATINTLOG,"PATEL INT. LOG.",14.2,3896065
PATTECH-ST,"PATTECH FITWELL TUB COM L",111.2,3876609
PAVNAIND,"PAVNA INDUSTRIES",36,4145153
PAYTM,"ONE 97 COMMUNICATIONS",1249.1,1716481
PCBL,"PCBL CHEMICAL",389.8,678145
PCCL-SM,"PETRO CARBON AND CHEMI L",175.95,6218241
PCJEWELLER,"PC JEWELLER",12.96,7455745
PDMJEPAPER,"PUDUMJEE PAPER PRO.",120.7,3936513
PDSL,"PDS",310,1347585
PEARLPOLY,"PEARL POLYMERS",29.8,668161
PELATRO-SM,"PELATRO",373.1,6504449
PENIND,"PENNAR INDUSTRIES",232.13,5278977
PENINLAND,"PENINSULA LAND",34.06,577537
PENTAGON-SM,"PENTAGON RUBBER",72.6,4385793
PERFECT-SZ,"PERFECT INFRAENGINEER",4.85,194078977
PERSISTENT,"PERSISTENT SYSTEMS",5333,4701441
PETRONET,"PETRONET LNG",282.95,2905857
PFC,"POWER FIN CORP",403,3660545
PFIZER,"PFIZER",5252,676609
PFOCUS,"PRIME FOCUS",165.5,3454977
PFS,"PTC INDIA FIN SERV",35.1,5786113
PGEL,"PG ELECTROPLAST",556.55,6491649
PGHH,"P&G HYGIENE & HEALTH CARE",14090,648961
PGHL,"PROCTER & GAMBLE HEALTH L",6100,240641
PGIL,"PEARL GLOBAL IND",1294,3650561
PGINVIT-IV,"POWERGRID INFRA. INVITS",95,894465
PHANTOMFX-ST,"PHANTOM DIGITAL EFF",239.5,2973697
PHARMABEES,"NIPPONAMC - NETFPHARMA",22.5,1273089
PHOENIXLTD,"THE PHOENIX MILLS",1586.1,3725313
PHOGLOBAL-SM,"PHOENIX OVERSEAS",20.5,6531329
PICCADIL,"PICCADILY AGRO INDUSTRI L",675.4,193985025
PIDILITIND,"PIDILITE INDUSTRIES",1506.5,681985
PIGL-BE,"POWER INSTRUMENT (G)",178,4026881
PIIND,"PI INDUSTRIES",3529.2,6191105
PILANIINVS,"PILANI INV & IND COR",5281,2929921
PILITA,"PIL ITALICA LIFESTYLE",13.11,7893761
PIONEEREMB,"PIONEER EMBROIDERIES",36,3446529
PITTIENG,"PITTI ENGINEERING",965.9,3618305
PIXTRANS,"PIX TRANSMISSIONS",1444,2326273
PKTEA-BE,"THE P K TEA PROD CO",809.95,2641409
PLADAINFO-SM,"PLADA INFOTECH SERVICES L",17.3,4989953
PLASTIBLEN,"PLASTIBLENDS INDIA",181.71,3563521
PLATIND,"PLATINUM INDUSTRIES",288.85,5870081
PLAZACABLE,"PLAZA WIRES",52.6,4981249
PNB,"PUNJAB NATIONAL BANK",114.23,2730497
PNBGILTS,"PNB GILTS",96.95,2236417
PNBHOUSING,"PNB HOUSING FIN",876.25,4840449
PNC-BE,"PRITISH NANDY COMMUNICATI",30,2392577
PNCINFRA,"PNC INFRATECH",289.1,2402561
PNGJL,"P N GADGIL JEWELLERS",672.4,6479873
POCL,"PONDY OXIDES & CHEM",1308,3682561
PODDARMENT,"PODDAR PIGMENTS",277.65,4873217
POKARNA,"POKARNA",725.35,4518657
POLICYBZR,"PB FINTECH",1734,1703937
POLYCAB,"POLYCAB INDIA",7629,2455041
POLYMED,"POLY MEDICURE",1900.5,6583809
POLYPLEX,"POLYPLEX CORPORATION",991.9,687873
POLYSIL-ST,"POLYSIL IRRIGATION SYST L",282.35,5814785
PONNIERODE,"PONNIE SUGARS (ERODE)",289.6,2729217
POONAWALLA,"POONAWALLA FINCORP",531,2919169
POSITRON-SM,"POSITRON ENERGY",326.95,6365185
POWERGRID,"POWER GRID CORP.",285.75,3834113
POWERINDIA,"HITACHI ENERGY INDIA",17776,4724993
POWERMECH,"POWER MECH PROJECTS",2669.1,2681089
PPAP-BE,"PPAP AUTOMOTIVE",229,3894529
PPL,"PRAKASH PIPES",293.7,2636033
PPLPHARMA,"PIRAMAL PHARMA",197.35,2962177
PPSL-ST,"PICTUREPOST STUDIOS",13.5,6346497
PRABHA,"PRABHA ENERGY",216.62,7714305
PRAENG-BE,"PRAJAY ENG. SYN.",27.62,3569921
PRAJIND,"PRAJ INDUSTRIES",350.9,692481
PRAKASH,"PRAKASH INDUSTRIES",165,693249
PRAKASHSTL,"PRAKASH STEELAGE",5.21,5017345
PRAMARA-SM,"PRAMARA PROMOTIONS",285.55,4739585
PRANIK-SM,"PRANIK LOGISTICS",72.5,6609409
PRATHAM-SM,"PRATHAM EPC PROJECTS",136,5916929
PRAXIS-BE,"PRAXIS HOME RETAIL",13.76,311297
PRECAM,"PRECISION CAMSHAFTS",193.86,3226369
PRECISION-SM,"PRECISION METALIKS",20,2035201
PRECOT-BE,"PRECOT",370.35,1506305
PRECWIRE,"PRECISION WIRES INDIA",214.04,695553
PREMEXPLN,"PREMIER EXPLOSIVES",644,4453633
PREMIER-BE,"PREMIER",3.78,1599489
PREMIERENE,"PREMIER ENERGIES",1030.7,6412545
PREMIERPOL,"PREMIER POLYFILM",45.13,1000449
PREMIUM-SM,"PREMIUM PLAST",38,6629889
PRESSTONIC-SM,"PRESSTONIC ENGINEERING L",70,5247489
PRESTIGE,"PRESTIGE ESTATE",1584.4,5197313
PRICOLLTD,"PRICOL",518.6,5025537
PRIMECAB-ST,"PRIME CABLE INDUSTRIES L",82.2,194323201
PRIMESECU,"PRIME SECURITIES",303.95,3037185
PRIMO,"PRIMO CHEMICALS",23.21,193772801
PRINCEPIPE,"PRINCE PIPES FITTINGS",332.45,4107521
PRITI,"PRITI INTERNATIONAL",69,2125825
PRITIKA-SM,"PRITIKA ENG COMPO",87.9,3320577
PRITIKAUTO,"PRITIKA AUTO INDUS",16.58,1354753
PRIVISCL,"PRIVI SPECIALITY CHE",2475,2259201
PRIZOR-ST,"PRIZOR VIZTECH",343,6274817
PRLIND-SM,"PREMIER ROADLINES",83.25,6083585
PROFX-SM,"PRO FX TECH",90.15,193998337
PROLIFE-SM,"PROLIFE INDUSTRIES",112.5,4954113
PROPEQUITY-SM,"P. E. ANALYTICS",183.8,2236161
PROSTARM,"PROSTARM INFO SYSTEMS",193.75,194092289
PROTEAN,"PROTEAN EGOV TECHNO",859.75,7544833
PROV-SM,"PROVENTUS AGROCOM",1080,4219649
PROZONER-BE,"PROZONE REALTY",58.3,7388929
PRSMJOHNSN,"PRISM JOHNSON",156,701185
PRUDENT,"PRUDENT CORP ADV SER",2621.3,2445569
PRUDMOULI,"PRUDENTIAL SUGAR CORPORAT",25.63,5254913
PSB,"PUNJAB & SIND BANK",29.41,5376257
PSFL-SM,"PARAMOUNT SPECIALI FORG L",34.9,6510337
PSPPROJECT,"PSP PROJECTS",778,5344513
PSRAJ-ST,"P S RAJ STEELS",265,7594241
PSUBANK,"KOTAK PSU BANK",755.5,3855617
PSUBANKADD,"DSPAMC - DSPPSBKETF",76.55,4509697
PSUBNKBEES,"NIP IND ETF PSU BANK BEES",84.3,3848193
PSUBNKIETF,"ICICIPRAMC - PSUBANKICI",76.41,3733505
PTC,"PTC INDIA",164.8,2906881
PTCIL,"PTC INDUSTRIES",16630,4270593
PTL,"PTL ENTERPRISES",39.51,3609857
PULZ-SM,"PULZ ELECTRONICS",38.05,129793
PUNJABCHEM,"PUNJAB CHEM & CROP PROT L",1292.1,1112065
PURPLEUTED-ST,"PURPLE UNITED SALES",478,7179265
PURVA,"PURAVANKARA",248,3820033
PURVFLEXI-ST,"PURV FLEXIPACK",96.2,5873153
PUSHPA-SM,"PUSHPA JEWELLERS",129.65,193966849
PVP-BE,"PVP VENTURES",29.51,1605889
PVRINOX,"PVR INOX",1093.4,3365633
PVSL,"POPULAR VEHICLES N SER L",147.68,5924353
PVTBANIETF,"ICICIPRAMC - ICICIBANKP",27.67,2914817
PVTBANKADD,"DSPAMC - DSPPVBKETF",27.89,4499457
PYRAMID,"PYRAMID TECHNOPLAST",164,4672001
QFIL-SM,"QUALITY FOILS (INDIA)",70,3740929
QGOLDHALF,"QUANTUM GOLD FUND",101.83,3924481
QMSMEDI-SM,"QMS MEDICAL ALLIED S",107,2935553
QNIFTY,"QUANTUM NIFTY 50 ETF",2755.5,4305665
QPOWER,"QUALITY POWER ELEC EQUP L",1010.4,7606017
QUADFUTURE,"QUADRANT FUTURE TEK",383,7446273
QUADPRO-SM,"QUADPRO ITES",3,1502721
QUAL30IETF,"ICICIPRAMC - ICICIQTY30",21.5,4558849
QUALITY30,"KOTAKMAMC - QUALITY30",20.94,194034177
QUESS,"QUESS CORP",237.35,4532225
QUESTLAB-SM,"QUEST LABORATORIES",86.2,6091009
QUICKHEAL,"QUICK HEAL TECH",306.5,3357697
QUICKTOUCH-SM,"QUICKTOUCH TECHNOLOGIES L",47,3912961
QVCEL-SM,"QVC EXPORTS",32.65,6388993
RACE,"RACE ECO CHAIN",212,3940097
RACLGEAR,"RACL GEARTECH",1230,6955777
RADAAN,"RADAAN MEDIAWORKS (I)",3.42,2798593
RADHIKAJWE,"RADHIKA JEWELTECH",88.4,2647809
RADIANTCMS,"RADIANT CASH MGMT SER",55.9,3476481
RADICO,"RADICO KHAITAN",2987.8,2813441
RADIOCITY,"MUSIC BROADCAST",8.32,5088513
RADIOCITY-P1,"MUSIC BROADCAST",115.25,3860993
RADIOWALLA-SM,"RADIOWALLA NETWORK",69,6001153
RAILTEL,"RAILTEL CORP OF IND",384,622337
RAIN,"RAIN INDUSTRIES",132.55,3926273
RAINBOW,"RAINBOW CHILDRENS MED",1319.9,2408449
RAJESHEXPO,"RAJESH EXPORTS",181.35,1894657
RAJINDLTD-SM,"RAJPUTANA INDUSTRIES",75.7,6324993
RAJMET,"RAJNANDINI METAL",4.39,555009
RAJOOENG,"RAJOO ENGINEERS",91.11,193804545
RAJPUTANA-SM,"RAJPUTANA BIODIESEL",270.1,6980865
RAJRATAN,"RAJRATAN GLOBAL WIRE",319.9,4854273
RAJRILTD-BE,"RAJ RAYON INDUSTRIES",25.74,2157569
RAJSREESUG,"RAJSHREE SUGAR & CHEMICAL",38.85,719105
RAJTV,"RAJ TV NETWORK",40.75,3687169
RALLIS,"RALLIS INDIA",303.5,720897
RAMANEWS,"SHREE RAMA NEWSPRINT",31.9,3472641
RAMAPHO,"RAMA PHOSPHATES",171.45,2705409
RAMASTEEL,"RAMA STEEL TUBES",10.02,2636801
RAMCOCEM,"THE RAMCO CEMENTS",1010,523009
RAMCOIND,"RAMCO INDUSTRIES",341,1174273
RAMCOSYS,"RAMCO SYSTEMS",587.05,2009857
RAMKY,"RAMKY INFRA",633.9,5154305
RAMRAT,"RAM RATNA WIRES",645,2684161
RANASUG,"RANA SUGARS",14.85,726273
RANEHOLDIN,"RANE HOLDINGS",1576.5,728065
RAPIDFLEET-SM,"RAPID FLEET MGT SERVICE L",192,7797761
RAPPID-SM,"RAPPID VALVES (INDIA)",318.9,6556161
RATEGAIN,"RATEGAIN TRAVEL TECHN",695.3,1837313
RATNAMANI,"RATNAMANI MET & TUB",2340,3443457
RATNAVEER,"RATNAVEER PRECISION ENG L",156.82,4716289
RAYMOND,"RAYMOND",579,731905
RAYMONDLSL,"RAYMOND LIFESTYLE",1214,6418689
RAYMONDREL,"RAYMOND REALTY",591,194189057
RBA,"RESTAURANT BRAND ASIA",71.1,382465
RBLBANK,"RBL BANK",286.25,4708097
RBMINFRA-SM,"RBM INFRACON",426.45,3473921
RBS-SM,"RAMDEVBABA SOLVENT",123,6032641
RBZJEWEL,"RBZ JEWELLERS",145.2,5343745
RCDL-SM,"RAJGOR CASTOR DERIVATI L",26.9,5038337
RCF,"RASHTRIYA CHEMICALS & FER",146.5,733697
RCOM-BE,"RELIANCE COMMUNICATIONS L",1.36,3376129
READYMIX-ST,"READYMIX CONSTRU MACHI L",139,7568385
RECLTD,"REC",372.95,3930881
REDINGTON,"REDINGTON",268.6,3649281
REDTAPE,"REDTAPE",135.06,4571905
REFEX,"REFEX INDUSTRIES",358.2,4547585
REFRACTORY-SM,"REFRACTORY SHAPES",40.85,6071809
REGAAL,"REGAAL RESOURCES",90,194222081
REGENCERAM,"REGENCY CERAMICS",41.85,1057281
RELAXO,"RELAXO FOOT",437.9,6201601
RELCHEMQ,"RELIANCE CHEMOTEX IND",155,2470913
RELIABLE-BE,"RELIABLE DATA SERVICE",116.69,6241281
RELIANCE,"RELIANCE INDUSTRIES",1376.5,738561
RELIGARE,"RELIGARE ENTER.",255,3857409
RELINFRA-BE,"RELIANCE INFRASTRUCTU",230.9,1226497
RELTD,"RAVINDRA ENERGY",154.5,6296577
REMSONSIND,"REMSONS INDUSTRIES",131.3,1015041
REMUS-SM,"REMUS PHARMACEUTICALS L",680,4135425
RENUKA,"SHREE RENUKA SUGARS",30.41,3078657
REPCOHOME,"REPCO HOME FINANCE",386.95,7577089
REPL,"RUDRABHISHEK ENTERP",144.56,378881
REPRO,"REPRO INDIA",505.5,3360257
RESPONIND,"RESPONSIVE INDUSTRIES",181.67,5202689
RETAIL,"JHS SVENDGAARD RETAIL V L",34.1,6181121
REXPIPES-ST,"REX PIPES AND CABLES",160,1359873
REXPRO-SM,"REXPRO ENTERPRISES",80.95,7493121
RGL,"RENAISSANCE GLOBAL",136.09,3873025
RHETAN,"RHETAN TMT",21.44,194319873
RHFL-BZ,"RELIANCE HOME FINANCE",3.8,194356225
RHIM,"RHI MAGNESITA INDIA",451.55,7977729
RHL,"ROBUST HOTELS",251.35,3880193
RICHA-SM,"RICHA INFO SYSTEMS",55,2101249
RICOAUTO,"RICO AUTO INDUSTRIES",89.69,744705
RIIL,"RELIANCE INDUSTRIAL INFRA",918,745473
RILINFRA-SM,"RACHANA INFRA",33,2522625
RISHABH-BE,"RISHABH INSTRUMENTS",406,4715265
RITCO,"RITCO LOGISTICS",256.75,2289665
RITES,"RITES",252.8,962817
RITEZONE-SM,"RITE ZONE CHEMCON IND",24,3048961
RKDL,"RAVI KUMAR DIST.",26.97,5363201
RKEC,"RKEC PROJECTS",68.9,396033
RKFORGE,"RAMKRISHNA FORGINGS",550,2921217
RKSWAMY,"R K SWAMY",141,5899009
RMDRIP,"R M DRIP & SPRINK SYS",69.1,194005505
RML,"RANE (MADRAS)",850,3065601
RNBDENIMS,"R&B DENIMS",127,194299137
RNFI-SM,"RNFI SERVICES",330.8,6294785
RNPL-SM,"RENOL POLYCHEM",78,194088193
ROCKINGDCE-SM,"ROCKINGDEALS CIRCU ECO L",199.15,5193985
ROHLTD,"ROYAL ORCHID HOTELS",517,3374593
ROLEXRINGS,"ROLEX RINGS",1315.8,1351425
ROLLT,"ROLLATAINERS",1.24,4890625
ROLTA-BZ,"ROLTA INDIA",1.92,1602049
ROML,"RAJ OIL MILLS",51.55,91905
ROSSARI,"ROSSARI BIOTECH",668,4968961
ROSSELLIND,"ROSSELL INDIA",63.64,7401729
ROSSTECH,"ROSSELL TECHSYS",685,7002369
ROTO,"ROTO PUMPS",73.91,2316545
ROUTE,"ROUTE MOBILE",762.05,32769
ROXHITECH-SM,"ROX HI TECH",46.25,5162753
ROYALARC-SM,"ROYAL ARC ELECTRODES",162,7610113
RPEL,"RAGHAV PRODUCTIVITY ENH L",725,6332161
RPGLIFE,"RPG LIFE SCIENCES",2277,4281601
RPOWER,"RELIANCE POWER",44.43,3906305
RPPINFRA,"R.P.P INFRA PROJECTS",121.5,5314561
RPPL,"RAJSHREE POLYPACK",19.16,1769729
RPSGVENT,"RPSG VENTURES",810,2078465
RPTECH,"RASHI PERIPHERALS",336.2,5803521
RRKABEL,"R R KABEL",1257.1,4752897
RSSOFTWARE,"R. S. SOFTWARE (INDIA) LI",70.1,1645825
RSWM,"RSWM",142.71,715265
RSYSTEMS,"R SYS INTERNATIONAL",420.05,3433985
RTL-SM,"RAMA TELECOM",63.05,193990913
RTNINDIA,"RATTANINDIA ENT",51.14,6988033
RTNPOWER,"RATTANINDIA POWER",11.18,4485121
RUBFILA,"RUBFILA INTERNATIONAL",81.3,6330881
RUBYMILLS,"THE RUBY MILLS",219.15,752385
RUCHINFRA,"RUCHI INFRASTRUCTURE",7.35,1168897
RUCHIRA,"RUCHIRA PAPERS",136.99,3538177
RULKA-SM,"RULKA ELECTRICALS",131.1,6100481
RUPA,"RUPA & COMPANY",201.5,6585345
RUSHIL,"RUSHIL DECOR",27.44,6296321
RUSTOMJEE,"KEYSTONE REALTORS",616,3128065
RVHL-BE,"RAVINDER HEIGHTS",59.34,402433
RVNL,"RAIL VIKAS NIGAM",344.5,2445313
RVTH,"REVATHI EQUIPMENT INDIA L",1107,6440193
S&SPOWER,"S&S POWER SWITCHGEARS",360,755457
SAAKSHI-ST,"SAAKSHI MEDTEC N PANELS L",167.75,4892673
SAATVIKGL,"SAATVIK GREEN ENERGY",551.7,194318593
SABAR-ST,"SABAR FLEX INDIA",5.65,2812161
SABEVENTS-BE,"SAB EVENTS & GOVERNANCE",5.95,4736257
SABTNL-BE,"SRI ADHIKARI BRO TELE N L",856,5981953
SACHEEROME-SM,"SACHEEROME",214.5,193896705
SADBHAV,"SADBHAV ENGINEERING",12.7,3388417
SADBHIN-BE,"SADBHAV INFRA PROJ",3.71,2719233
SADHAV-SM,"SADHAV SHIPPING",106,5861633
SADHNANIQ-BE,"SADHANA NITROCHEM",9.62,3929345
SAFARI,"SAFARI IND (INDIA)",2268.7,3336961
SAFEENTP-SM,"SAFE ENTER RETAIL FIX",187.1,193941249
SAGARDEEP,"SAGARDEEP ALLOYS",28.1,2092801
SAGCEM,"SAGAR CEMENTS",245,3601409
SAGILITY,"SAGILITY",45.25,6925313
SAHAJSOLAR-SM,"SAHAJ SOLAR",223,6266369
SAHANA-SM,"SAHANA SYSTEM",1024.75,4278017
SAHASRA-SM,"SAHASRA ELECTRONIC SOLU L",254,6571009
SAHYADRI,"SAHYADRI INDUSTRIES",262.9,3814401
SAIFL-SM,"SAMEERA AGRO AND INFRA L",17.95,5400577
SAIL,"STEEL AUTHORITY OF INDIA",136.5,758529
SAILIFE,"SAI LIFE SCIENCES",851.6,7126785
SAJHOTELS-SM,"SAJ HOTELS",70,6582273
SAKAR,"SAKAR HEALTHCARE",359.9,2441985
SAKHTISUG,"SAKTHI SUGARS",20.68,760065
SAKSOFT,"SAKSOFT",195,3019265
SAKUMA,"SAKUMA EXPORTS",2.5,3392257
SALASAR,"SALASAR TECHNO ENGG.",8.77,5468673
SALONA,"SALONA COTSPIN",252,4441857
SALSTEEL-BE,"S.A.L. STEEL",27.4,2979073
SALZERELEC,"SALZER ELECTRONICS",864,2918145
SAMAY-SM,"SAMAY PROJECT SERVICES L",35,193753089
SAMBHAAV,"SAMBHAAV MEDIA",7.63,1056513
SAMBHV,"SAMBHV STEEL TUBES",115.35,193988353
SAMHI,"SAMHI HOTELS",193.24,4765185
SAMMAANCAP,"SAMMAAN CAPITAL",161.25,7712001
SAMPANN,"SAMPANN UTPADAN INDIA",32.52,6989569
SANATHAN,"SANATHAN TEXTILES",505.95,7374081
SANDESH,"SANDESH",1155,764929
SANDHAR,"SANDHAR TECHNOLOGIES",481,613633
SANDUMA,"SANDUR MANG & IRON ORES L",204,4699905
SANGAMIND,"SANGAM (INDIA)",398.5,1071105
SANGANI-SM,"SANGANI HOSPITALS",69.25,4616961
SANGHIIND,"SANGHI INDUSTRIES",64,767233
SANGHVIMOV,"SANGHVI MOVERS",396,3598849
SANGINITA,"SANGINITA CHEMICALS",10.36,2824193
SANOFI,"SANOFI INDIA",4708.5,369153
SANOFICONR,"SANOFI CONS HEALTHC IND L",4675,6456833
SANSERA,"SANSERA ENGINEERING",1417.9,1472257
SANSTAR,"SANSTAR",96.6,6292993
SANWARIA-BZ,"SANWARIA CONSUMER",0.32,11777
SAPPHIRE,"SAPPHIRE FOODS INDIA",286.5,1719809
SARDAEN,"SARDA ENERGY & MIN",571.25,4546049
SAREGAMA,"SAREGAMA INDIA",452.15,1252353
SARLAPOLY,"SARLA PERF. FIBERS",95,3595009
SAROJA-ST,"SAROJA PHARMA INDUS IND L",45.85,4739329
SARTELE-SM,"SAR TELEVENTURE",175.7,5084929
SARVESHWAR,"SARVESHWAR FOODS",6.06,3305729
SASKEN,"SASKEN TECHNOLOGIES",1374,3067649
SASTASUNDR,"SASTASUNDAR VENTURES",306.5,5136129
SATECH-SM,"S A TECH SOFTWARE INDIA L",56.1,6316545
SATIA,"SATIA INDUSTRIES",79.99,2827521
SATIN,"SATIN CREDIT NET",147.59,2675969
SATIPOLY-SM,"SATI POLY PLAST",63.75,6273025
SATKARTAR-SM,"SAT KARTAR SHOPPING",159,7462657
SATTVAENGG-SM,"SATTVA ENGINEERING CSTN L",84.5,194293761
SAURASHCEM,"SAURASHTRA CEMENT",104.23,772609
SAVY-SM,"SAVY INFRA AND LOGI",138.1,193972225
SAWALIYA-SM,"SAWALIYA FOOD PRODUCTS L",219,194161665
SBC,"SBC EXPORTS",22.77,1738753
SBCL,"SHIVALIK BIMETAL CON.",506,1191937
SBFC,"SBFC FINANCE",108.51,4614657
SBGLP,"SURATWWALA BUS GROUP",33.79,3619585
SBIBPB,"SBIAMC - SBIBPB",44.3,7754241
SBICARD,"SBI CARDS & PAY SER",925,4600577
SBIETFCON,"SBIAMC - SBIETFCON",125.75,1323009
SBIETFIT,"SBIAMC - SBIETFIT",387.15,189441
SBIETFPB,"SBIAMC - SBIETFPB",280.67,184833
SBIETFQLTY,"SBIAMC - SBIETFQLTY",224.83,1847809
SBILIFE,"SBI LIFE INSURANCE CO",1813,5582849
SBILIQETF,"SBIAMC - SBILIQETF",1009.07,194174977
SBIN,"STATE BANK OF INDIA",861.4,779521
SBINEQWETF,"SBIAMC - SBINEQWETF",32.5,6278145
SBISILVER,"SBIAMC - SBISILVER",160.05,6237697
SCHAEFFLER,"SCHAEFFLER INDIA",4170,258817
SCHAND,"S CHAND AND COMPANY",182,5298689
SCHNEIDER,"SCHNEIDER ELECTRIC INFRA",825,7995905
SCI,"SHIPPING CORP OF INDIA LT",221.16,780289
SCILAL,"SHIPPING CORP OF ILA",49.68,5920513
SCL0182025-NC,"SCL0182025-NC",870.3,193911809
SCL01825-N6,"SCL01825-N6",934.1,193910273
SCL190325A-N1,"SCL190325A-N1",999.9,7737857
SCL19325A-N1,"SCL19325A-N1",1009.81,7733761
SCL25924A-N1,"SCL25924A-N1",1061,6539265
SCL25924C-N1,"SCL25924C-N1",820,6541825
SCL25924D-N1,"SCL25924D-N1",1038,6542337
SCL271224A-N1,"SCL271224A-N1",1032.5,7400449
SCL271224B-N1,"SCL271224B-N1",1000,7404289
SCL310524-ZF,"SCL310524-ZF",1090.2,6127873
SCL310524A-ZK,"SCL310524A-ZK",1095,6131201
SCLZC25D-NJ,"SCLZC25D-NJ",1183,5129985
SCLZC25F-Y5,"SCLZC25F-Y5",1162,5371905
SCLZC26-NB,"SCLZC26-NB",2050.65,4769281
SCLZC26A-NF,"SCLZC26A-NF",2114.5,4771329
SCLZC26B-AY,"SCLZC26B-AY",1205,4488961
SCLZC26C-NB,"SCLZC26C-NB",1146,5061633
SCLZC26E-NP,"SCLZC26E-NP",1173.04,5142529
SCLZC26G-YA,"SCLZC26G-YA",1140,5378049
SCML-SM,"SHARP CHUCKS N MACHINES L",95,4984065
SCODATUBES,"SCODA TUBES",172,193914369
SCPL,"SHEETAL COOL PRODUCTS",245,3090433
SDBL,"SOM DIST & BREW",126.43,342529
SDREAMS-SM,"S D RETAIL",119.85,6535169
SEAMECLTD,"SEAMEC",865,669697
SECMARK,"SECMARK CONSULTANCY",115.45,4990977
SECURKLOUD,"SECUREKLOUD TECH",22.99,2830849
SEITINVIT-IV,"SUSTAINABLE ENERGY INFRA",109,5458177
SEJALLTD,"SEJAL GLASS",787,1815297
SEL-SM,"SUNGARNER ENERGIES",230,4675585
SELECTIPO,"MIRAEAMC - SELECTIPO",49.11,7707905
SELLOWRAP-SM,"SELLOWRAP INDUSTRIES",101,194043393
SELMC,"SEL MANUFACTURING CO",29.7,1603073
SEMAC-BE,"SEMAC CONSTRUCTION",495,3062785
SENCO,"SENCO GOLD",324.85,4421377
SENORES,"SENORES PHARMACEUTICALS L",720.25,7395329
SENSEXADD,"DSPAMC - DSPSENXETF",84.12,4508929
SENSEXETF,"MIRAEAMC - SENSEXETF",84.13,4921345
SENSEXIETF,"ICICI PRUD SENSEX ETF",936.9,1120769
SEPC,"SEPC",11.7,3918849
SEQUENT,"SEQUENT SCIENTIFIC",214.2,3659777
SERVICE-SM,"SERVICE CARE",49.7,4454145
SERVOTECH,"SERVOTECH REN POW SYS",127.4,1409793
SESHAPAPER,"SESHASAYEE PAPER & BOARDS",256,784897
SETCO,"SETCO AUTOMOTIVE",17,4483585
SETF10GILT,"SBIAMC - SETF10GILT",258.24,4453121
SETFGOLD,"SBI-ETF GOLD",105.05,4421633
SETFNIF50,"SBI-ETF NIFTY 50",268.35,2605057
SETFNIFBK,"SBI-ETF NIFTY BANK",575.71,1884417
SETFNN50,"SBI-ETF NIFTY NEXT 50",725,1882369
SETUINFRA-BZ,"SETUBANDHAN INFRA",0.58,4614145
SEYAIND-BE,"SEYA INDUSTRIES",17.9,2774017
SFL,"SHEELA FOAM",658,4911105
SFLZC26A-ZC,"SFLZC26A-ZC",1750,3312897
SFML-SM,"SUPREME FACILITY MGMT",40,7185665
SGFIN,"SG FINSERVE",355,194266369
SGIL,"SYNERGY GREEN IND.",538.2,1309185
SGL,"STL GLOBAL",14.48,3421953
SGLTL,"STANDARD GLASS LIN TECH L",178.8,7443201
SGMART,"SG MART",341.8,194275585
SHAH,"SHAH METACORP",3.91,5195777
SHAHALLOYS,"SHAH ALLOYS",68.5,3035137
SHAILY,"SHAILY ENG PLASTICS",2356.1,2234113
SHAIVAL-ST,"SHAIVAL REALITY",30.5,2735105
SHAKTIPUMP,"SHAKTI PUMPS (I)",807.5,6546945
SHALBY,"SHALBY",252.75,182785
SHALPAINTS,"SHALIM PAINTS",82,3927553
SHANKARA,"SHANKARA BLDG PRODUCT",148.02,5202177
SHANTHALA-SM,"SHANTHALA FMCG PRODUCTS L",35.8,5056513
SHANTI,"SHANTI OVERSEAS INDIA",11.79,1446401
SHANTIGEAR,"SHANTHI GEARS",518,787969
SHANTIGOLD,"SHANTI GOLD INTERNATION L",208.72,194048513
SHARDACROP,"SHARDA CROPCHEM",820.95,1277953
SHARDAMOTR,"SHARDA MOTOR INDS",1043.3,2695681
SHAREINDIA,"SHARE IND. SECURITIES",143.1,26625
SHARIABEES,"NIP IND ETF SHARIAH BEES",494.9,4363265
SHEEL-ST,"SHEEL BIOTECH",90.8,194408961
SHEETAL-SM,"SHEETAL UNIVERSAL",143.3,5226241
SHEKHAWATI,"SHEKHAWATI INDUSTRIES",21.03,5400321
SHEMAROO,"SHEMAROO ENTER.",114.89,1297409
SHERA-SM,"SHERA ENERGY",123.5,3628033
SHIGAN-SM,"SHIGAN QUANTUM TECH",68.65,2148865
SHILPAMED,"SHILPA MEDICARE",372,4544513
SHIVALIK,"SHIVALIK RASAYAN",423.35,1796097
SHIVAMAUTO,"SHIVAM AUTO.LTD",30,3521537
SHIVAMILLS,"SHIVA MILLS",68.65,383233
SHIVASHRIT-SM,"SHIVASHRIT FOODS",123,194238465
SHIVATEX,"SHIVA TEXYARN",181.6,205825
SHIVAUM-SM,"SHIV AUM STEELS",300,3442177
SHK,"S H KELKAR AND CO.",228.13,2870273
SHKSIL-SM,"SHRI HARE-KRI SPO IRON L",64.85,194193409
SHOPERSTOP,"SHOPPERS STOP",530.1,3024129
SHRADHA,"SHRADHA INFRAPROJECTS",47.46,181249
SHREDIGCEM,"SHREE DIGVIJAY CEM CO",89.32,793345
SHREECEM,"SHREE CEMENT",29480,794369
SHREEJISPG,"SHREEJI SHIPPING GLOBAL L",245.78,194418689
SHREEKARNI-SM,"SHREE KARNI FABCOM",582.5,5906945
SHREEOSFM-SM,"SHREE OSFM E-MOBILITY",112.25,5274369
SHREEPUSHK,"SHRE PUSH CHEM & FERT",424.5,2710529
SHREERAMA-BE,"SHREE RAMA MULTI TECH",59.5,1954305
SHREMINVIT-IV,"SHREM INVIT",102.05,1463809
SHRENIK,"SHRENIK",0.55,2854145
SHREYANIND,"SHREYANS INDUSTRIES",224.43,800257
SHRIAHIMSA-ST,"SHRI AHIMSA NATURALS",219.5,193640705
SHRINGARMS,"SHRINGAR HOU OF MANGALS L",206.24,194327809
SHRIPISTON,"SHRIRAM PIST. & RING",2660,4399617
SHRIRAMFIN,"SHRIRAM FINANCE",668.5,1102337
SHRIRAMPPS,"SHRIRAM PROPERTIES",90.36,1843201
SHRITECH-SM,"SHRI TECHTEX",65.95,4527105
SHUBHLAXMI-SM,"SHUBHLAXMI JEWEL ART",15.75,1651457
SHUBHSHREE-SM,"SHUBHSHREE BIOFUELS ENE L",435,6461441
SHYAMCENT,"SHYAM CENTURY FERROUS",7,2608129
SHYAMMETL,"SHYAM METALICS AND ENGY L",946,1201409
SHYAMTEL,"SHYAM TELECOM",13.39,3517441
SIDDHICOTS-ST,"SIDDHI COTSPIN",54.55,194318337
SIDDHIKA-SM,"SIDDHIKA COATINGS",198.9,805889
SIEMENS,"SIEMENS",3183,806401
SIGACHI,"SIGACHI INDUSTRIES",39.01,1705729
SIGIND,"SIGNET INDUSTRIES",52.83,1157633
SIGMA-BE,"SIGMA SOLVE",52.1,4265985
SIGNATURE,"SIGNATUREGLOBAL INDIA",1007.2,4798209
SIGNORIA-SM,"SIGNORIA CREATION",78,5925633
SIGNPOST,"SIGNPOST INDIA",260.35,5799937
SIKKO,"SIKKO INDUSTRIES",86.35,1591809
SIL,"STANDARD INDUSTRIES",18.67,2892033
SILGO-BE,"SILGO RETAIL",66.35,638721
SILINV,"SIL INVESTMENTS",633,1050881
SILKFLEX-SM,"SILKFLEX POLYMERS INDIA L",88.7,6076417
SILKY-SM,"SILKY OVERSEAS",123,193965825
SILLYMONKS,"SILLY MONKS ENTERTAIN",16.84,4888833
SILVER,"BIRLASLAMC - SILVER",162.95,2048769
SILVER1,"KOTAKMAMC - KOTAKSILVE",156,3348993
SILVER360,"360ONEAMC - SILVER360",155.32,193574401
SILVERADD,"DSPAMC - DSPSILVETF",155.9,2754817
SILVERAG,"MIRAEAMC - MASILVER",156.5,4294913
SILVERBEES,"NIPPONAMC - NETFSILVER",156.45,2068481
SILVERCASE,"ZERODHAAMC - SILVERCASE",17.27,7750145
SILVERETF,"UTIAMC - SILVERETF",160.87,3861761
SILVERIETF,"ICICIPRAMC - ICICISILVE",159,2033153
SILVERTUC,"SILVER TOUCH TECHNO",738.05,2412033
SIMBHALS-BE,"SIMBHAOLI SUGARS",13.44,3741697
SIMPLEXINF,"SIMPLEX INFRASTRUCTURES L",286.9,809473
SINCLAIR,"SINCLAIRS HOTELS",97.99,6010881
SINDHUTRAD,"SINDHU TRADE LINKS",26.46,4315905
SINTERCOM,"SINTERCOM INDIA",122,97537
SIRCA,"SIRCA PAINT INDIA",478.65,2828801
SIS,"SIS",323,5504257
SITINET-BZ,"SITI NETWORKS",0.47,7477761
SIYSIL,"SIYARAM SILK MILLS",738,3608577
SJLOGISTIC-SM,"S J LOGISTICS (INDIA)",357.05,5258753
SJS,"SJS ENTERPRISES",1502.1,1700609
SJVN,"SJVN",90,4834049
SKFINDIA,"SKF INDIA",4888,815617
SKIPPER,"SKIPPER",512.1,2413569
SKMEGGPROD-BE,"SKM EGG PROD-ROLL SETT",340,2574337
SKP-SM,"SKP BEARING INDUSTRI.",223,2643201
SKYGOLD,"SKY GOLD AND DIAMONDS",337.4,3489537
SLONE-SM,"SLONE INFOSYSTEMS",311.8,6064385
SMALLCAP,"MIRAEAMC - SMALLCAP",45.52,5844993
SMARTEN-SM,"SMARTEN POWER SYSTEMS",89.55,193950465
SMARTLINK,"SMARTLINK HOLDINGS",144.63,2531585
SMARTWORKS,"SMARTWORKS COWORKING SP L",602.9,194039041
SMCGLOBAL,"SMC GLOBAL SECURITIES",140.73,593921
SML100CASE,"ZERODHAAMC - SML100CASE",10.13,194292481
SMLISUZU,"SML ISUZU",3065,867073
SMLT,"SARTHAK METALS",101.62,1751809
SMSLIFE,"SMS LIFESCIENCES (I)",1128,5517057
SMSPHARMA,"SMS PHARMACEUTICALS",271,3668225
SMVD-SM,"SMVD POLY PACK",5.65,216833
SNEHAA-SM,"SNEHAA ORGANICS",88,194290177
SNOWMAN,"SNOWMAN LOGISTICS",52.3,1239809
SNXT30BEES,"NIPPONAMC - SNXT30BEES",39.39,193908481
SOBHA,"SOBHA",1439.3,3539457
SOFTTECH,"SOFTTECH ENGINEERS",379,2116097
SOLARA,"SOLARA ACTIVE PHA SCI",602,940033
SOLARAPP1-E1,"SOLARA RS. 7 PPD UP",423.25,193776385
SOLARINDS,"SOLAR INDUSTRIES (I)",14260,3412993
SOLARWORLD,"SOLARWORLD ENERGY SOL",332,194541825
SOLEX,"SOLEX ENERGY",1629.6,194405633
SOMANYCERA,"SOMANY CERAMICS",455.5,993281
SOMATEX-BE,"SOMA TEXTILEI NDUSTRIES L",72.33,2330625
SOMICONVEY,"SOMI CONVEYOR BELT.",144,4555265
SONACOMS,"SONA BLW PRECISION FRGS L",429.9,1199105
SONAMAC-SM,"SONA MACHINERY",77,5901313
SONAMLTD,"SONAM",41.25,2254337
SONATSOFTW,"SONATA SOFTWARE",373.95,1688577
SONUINFRA-SM,"SONU INFRATECH",99,2421249
SOTAC-SM,"SOTAC PHARMACEUTICALS",125,3838209
SOTL,"SAVITA OIL TECHNOLO.",405.5,773377
SOUTHBANK,"THE SOUTH INDIAN BANK",31.13,1522689
SOUTHWEST,"SOUTH WEST PINNACLE",129.5,2477569
SPAL,"S. P. APPARELS",712.75,4672513
SPANDANA,"SPANDANA SPHOORTY FIN",252.5,2927361
SPARC,"SUN PHARMA ADV.RES.CO.LTD",128.9,3785729
SPCENET,"SPACENET ENTERS IND",8.74,4959233
SPCL-SM,"SHIVALIC POWER CONTROL L",97.5,6207745
SPECIALITY,"SPECIALITY REST",137.1,6939393
SPECTRUM,"SPECTRUM ELECTRIC IND",1340,7796481
SPECTSTM-SM,"SPECTRUM TALENT MGMT",98,4320257
SPENCERS,"SPENCER S RETAIL",56.6,2089729
SPIC,"SPIC",93.4,832513
SPLIL,"SPL INDUSTRIES",38.2,3055361
SPLPETRO,"SUPREME PETROCHEM",802,2461953
SPMLINFRA,"SPML INFRA",235.25,850177
SPORTKING,"SPORTKING INDIA",99.69,2747649
SPPPOLY-SM,"SPP POLYMER",16.65,6478337
SPRL-SM,"SP REFRACTORIES",158.2,2181377
SPUNWEB-SM,"SPUNWEB NONWOVEN",148.7,194013441
SRD-BE,"SHANKAR LAL RAMPAL",74,6589441
SREEL,"SREELEATHERS",222.5,8150273
SRF,"SRF",2999.8,837889
SRGHFL,"SRG HOUSING FINANCE L",305.9,4638465
SRHHYPOLTD,"SREE RAYALSEEMA HHP",577.9,3732993
SRIVASAVI-SM,"SRIVASAVI ADHESIVE TAPE L",62.25,3689217
SRM,"SRM CONTRACTORS",570.45,5990913
SRPL-BZ,"SHREE RAM PROTEINS",0.68,7330561
SSEGL-SM,"SATHLOKHAR SYN E&C GLOB L",479.95,6322433
SSFL-SM,"SRIVARI SPICES N FOODS L",146,4622337
SSFLPP-E1,"SPANDANA RS.5 PPD UP",130,194155521
SSWL,"STEEL STRIPS WHEELS",219.4,3028225
STALLION,"STALLION IND FLUOROCHEM L",333.8,7476225
STANLEY,"STANLEY LIFESTYLES",299.9,6201857
STAR,"STRIDES PHARMA SCI",851.4,1887745
STARCEMENT,"STAR CEMENT",265.9,5399297
STARHEALTH,"STAR HEALTH & AL INS CO L",479,1813249
STARPAPER,"STAR PAPER MILLS",167.99,842497
STARTECK,"STARTECK FINANCE",324,2382081
STCINDIA,"THE STATE TRADING CORPN",137.5,2802689
STEELCAS,"STEELCAST",229.5,1741569
STEELCITY,"STEEL CITY SECURITIES",99.22,2663937
STEELXIND,"STEEL EXCHANGE INDIA",10.91,5462785
STEL,"STEL HOLDINGS",401,5499905
STERTOOLS,"STERLING TOOLS",310.95,1100545
STLNETWORK,"STL NETWORKS",29.15,194293249
STLTECH,"STERLITE TECHNOLOGIES",118.27,2383105
STOVEKRAFT,"STOVE KRAFT",678.5,539393
STUDIOLSD-SM,"STUDIO LSD",19.7,194182913
STYL,"SESHAASAI TECHNOLOGIES L",408.8,194543105
STYLAMIND,"STYLAM INDUSTRIES",2031,1327617
STYLEBAAZA,"BAAZAR STYLE RETAIL",334.85,6429185
STYRENIX,"STYRENIX PERFORMANCE",2330.6,4865
SUBAHOTELS-ST,"SUBA HOTELS",178.4,194589441
SUBEXLTD,"SUBEX",12,247553
SUBROS,"SUBROS",1161,850945
SUDARSCHEM,"SUDARSHAN CHEMICAL INDS L",1299,851713
SUKHJITS,"SUKHJIT STARCH & CHEM",164.2,3021825
SULA,"SULA VINEYARDS",258.85,3383809
SUMEETINDS,"SUMEET IND",33.21,5322241
SUMICHEM,"SUMITOMO CHEM INDIA",525.65,4378881
SUMIT,"SUMIT WOODS",99.8,2851841
SUMMITSEC,"SUMMIT SECURITIES",2186.9,5446401
SUNCLAY,"SUNDARAM CLAYTON",1642,5364737
SUNDARAM,"SUNDARAM MULTI PAP",1.87,4846337
SUNDARMFIN,"SUNDARAM FINANCE",4398,854785
SUNDARMHLD,"SUNDARAM FINANCE HOLD",661.7,558849
SUNDRMBRAK,"SUNDARAM BRAK LININGS",775.85,1069825
SUNDRMFAST,"SUNDRAM FASTENERS",992,856321
SUNDROP,"SUNDROP BRANDS",789,425729
SUNFLAG,"SUNFLAG IRON AND STEEL CO",270.1,857089
SUNLITE-SM,"SUNLITE RECYCLING IND",171.5,6366209
SUNPHARMA,"SUN PHARMACEUTICAL IND L",1654.6,857857
SUNREST-SM,"SUNREST LIFESCIENCE",43,5174529
SUNTECH-SM,"SUNTECH INFRA SOLUTIONS L",49.05,193987329
SUNTECK,"SUNTECK REALTY",433.45,4516097
SUNTV,"SUN TV NETWORK",578.35,3431425
SUPERHOUSE,"SUPERHOUSE",162.7,5277697
SUPERSPIN,"SUPER SPINNING MILLS",9.29,859393
SUPRAJIT,"SUPRAJIT ENGINEERING",443.9,2992385
SUPREME,"SUPREME HOLDIN N HOSP I L",93.5,7536385
SUPREMEIND,"SUPREME INDUSTRIES",4173,860929
SUPREMEINF-BZ,"SUPREME INFRA.",108.1,3435265
SUPREMEPWR-SM,"SUPREME POWER EQUIPMENT L",211,5393153
SUPRIYA,"SUPRIYA LIFESCIENCE",722,1891841
SURAJEST,"SURAJ ESTATE DEVELOPERS L",277,5330433
SURAJLTD,"SURAJ",316,6391297
SURAKSHA,"SURAKSHA DIAGNOSTIC",293.85,6997505
SURANASOL,"SURANA SOLAR",31.48,5395713
SURANAT&P,"SURANA TELECOM AND POW LT",22.29,2739201
SURANI-SM,"SURANI STEEL TUBES",87,2179329
SURYALAXMI,"SURYALAKSHMI COT MIL",63.35,3034113
SURYAROSNI,"SURYA ROSHNI",289.3,864001
SURYODAY,"SURYODAY SMALL FIN BK",148.96,760321
SUTLEJTEX,"SUTLEJ TEXT & INDUS",33.54,3533057
SUVEN,"SUVEN LIFE SCIENCES",203.15,2875649
SUVIDHAA-BE,"SUVIDHAA INFOSERVE",3.94,769281
SUYOG,"SUYOG TELEMATICS",784.7,6361857
SUZLON,"SUZLON ENERGY",53.25,3076609
SVLL-BE,"SHREE VASU LOGISTICS",775,3872257
SVPGLOB,"SVP GLOBAL TEXTILES",3.75,1285121
SWANCORP,"SWAN CORP",439,6936321
SWARAJ-SM,"SWARAJ SUITING",162.2,2203649
SWARAJENG,"SWARAJ ENGINES",4176,866305
SWASTIK-SM,"SWASTIK PIPE",29,2941953
SWELECTES,"SWELECT ENERGY SYS",888.85,3048705
SWIGGY,"SWIGGY",436.1,6928897
SWSOLAR,"STRLNG & WIL REN ENE",239.25,3197185
SYLVANPLY-SM,"SYLVAN PLYBOARD (INDIA) L",62.2,6212353
SYMPHONY,"SYMPHONY",894.5,6192641
SYNCOMF,"SYNCOM FORMU (I)",16.99,3069953
SYNGENE,"SYNGENE INTERNATIONAL",636.8,2622209
SYNOPTICS-SM,"SYNOPTICS TECHNOLOGIES L",81.95,4403969
SYRMA,"SYRMA SGS TECHNOLOGY",823,2763009
SYSTANGO-SM,"SYSTANGO TECHNOLOGIES",234.7,3713537
SYSTMTXC,"SYSTEMATIX CORP SERVICE L",145,194394881
TAC-ST,"TAC INFOSEC",1255.8,6000897
TAINWALCHM,"TAINWALA CHEMICAL AND PLA",207.4,869377
TAJGVK,"TAJ GVK HOTELS & RESORTS",420.1,2394625
TAKE,"TAKE SOLUTIONS",15.37,3818753
TALBROAUTO,"TALBROS AUTO. COMP.",286.85,3493889
TANKUP-ST,"TANKUP ENGINEERS",483,193622529
TANLA,"TANLA PLATFORMS",720,3577857
TAPIFRUIT-ST,"TAPI FRUIT PROCESSING",94.85,2814465
TARACHAND,"TARA CHAND INFRA SOLN",81.3,6019073
TARAPUR,"TARAPUR TRANSFORMERS",28.96,4819713
TARC,"TARC",152.75,404737
TARIL,"TRANS & RECTI.",491.4,3884545
TARMAT,"TARMAT",55.5,3781377
TARSONS,"TARSONS PRODUCTS",298,1777409
TASTYBITE,"TASTY BITE EATABLES",8850,5143553
TATACHEM,"TATA CHEMICALS",906,871681
TATACOMM,"TATA COMMUNICATIONS",1696.9,952577
TATACONSUM,"TATA CONSUMER PRODUCT",1115,878593
TATAELXSI,"TATA ELXSI",5580,873217
TATAGOLD,"TATAAML-TATAGOLD",11.95,5478657
TATAINVEST,"TATA INVESTMENT CORP",9020,414977
TATAMOTORS,"TATA MOTORS",684.4,884737
TATAPOWER,"TATA POWER CO",388,877057
TATASTEEL,"TATA STEEL",176.21,895745
TATATECH,"TATA TECHNOLOGIES",717.8,5195009
TATSILV,"TATAAML-TATSILV",16.14,5485569
TATVA,"TATVA CHIN PHARM CHEM",1050,1321473
TAURIAN-ST,"TAURIAN MPS",363.25,194498305
TBI-SM,"TBI CORN",88.5,6148865
TBOTEK,"TBO TEK",1535,6077441
TBZ,"TRIB BHIMJI ZAVERI",187.27,6921473
TCHF30-NB,"TCHF30-NB",1089.99,4324865
TCI,"TRANSPORT CORPN OF INDIA",1190,2708481
TCIEXP,"TCI EXPRESS",686.5,4921089
TCIFINANCE,"TCI FINANCE",12.98,1221377
TCL-SM,"THAAI CASTING",124,5830913
TCPLPACK,"TCPL PACKAGING",3410,47105
TCS,"TATA CONSULTANCY SERV LT",3060.2,2953217
TDPOWERSYS,"TD POWER SYSTEMS",612.5,6445569
TEAMGTY-BE,"TEAM INDIA GUARANTY",246,2871553
TEAMLEASE,"TEAMLEASE SERVICES",1781.2,3255297
TECH,"BIRLASLAMC - TECH",37.65,1654273
TECHD-SM,"TECHD CYBERSECURITY",609.85,194339329
TECHERA-SM,"TECHERA ENGINEER (IND) L",260.55,6566913
TECHLABS-SM,"TRIDENT TECHLABS",480.8,5395969
TECHM,"TECH MAHINDRA",1463.1,3465729
TECHNOE,"TECHNO ELEC & ENG CO.",1319.5,1649921
TECILCHEM-BE,"TECIL CHEMICALS",18.03,3773185
TEGA,"TEGA INDUSTRIES",1950,1818881
TEJASCARGO-ST,"TEJAS CARGO INDIA",284.15,7609857
TEJASNET,"TEJAS NETWORKS",595,5409537
TEMBO,"TEMBO GLOBAL IND",568,838401
TERASOFT-BE,"TERA SOFTWARE",456.5,4939777
TEXINFRA,"TEXMACO INFRA & HOLDG",93.5,2956545
TEXMOPIPES,"TEXMO PIPE & PRODUCTS",53.93,4662785
TEXRAIL,"TEXMACO RAIL & ENG.",138.45,5587969
TFCILTD,"TOURISM FINANCE CORP. OF",73.84,887297
TFL,"TRANSWARRANTY FIN.",13.89,3665665
TGL-SM,"TEERTH GOPICON",52.55,6022657
THANGAMAYL,"THANGAMAYIL JEWELLERY",2030,4638209
THEINVEST,"THE INVEST TRUST OF IND L",144.36,5485313
THEJO,"THEJO ENGINEERING",1815,4935425
THELEELA,"SCHLOSS BANGALORE",445.6,193795585
THEMISMED,"THEMIS MEDICARE",131.35,3708161
THERMAX,"THERMAX",3178.7,889601
THESL-SM,"THINKING HATS ENTER SOL L",39.2,6565889
THOMASCOOK,"THOMAS COOK (INDIA)",151.6,891137
THOMASCOTT,"THOMAS SCOTT (INDIA)",330,7940353
THYROCARE,"THYROCARE TECH",1207.3,4360193
TI,"TILAKNAGAR INDUSTRIES",458.6,4914177
TICL,"TWAMEV CONS AND INFRA",27.7,4992257
TIGERLOGS,"TIGER LOGISTICS (INDIA) L",44.94,194349057
TIIL,"TECHNOCRAFT IND",2301,3641089
TIINDIA,"TUBE INVEST OF INDIA",3176.1,79873
TIJARIA,"TIJARIA POLYPIPES",6.16,6523393
TIL,"TIL",320.9,891905
TIMESCAN-SM,"TIMESCAN LOGISTICS IND L",51.15,1996801
TIMETECHNO,"TIME TECHNOPLAST",222.65,3764993
TIMKEN,"TIMKEN INDIA",2980,3634689
TINNARUBR,"TINNA RUBBER AND INFR",1016,193541121
TIPSFILMS,"TIPS FILMS",420.5,2911745
TIPSMUSIC,"TIPS MUSIC",546,2333953
TIRUMALCHM,"THIRUMALAI CHEMICALS",278.85,894977
TIRUPATI-SM,"SHREE TIRUPATI BALAJEE",670,5598209
TIRUPATIFL,"TIRUPATI FORGE",43.39,5704193
TITAGARH,"TITAGARH RAIL SYSTEMS",907,3945985
TITAN,"TITAN COMPANY",3544,897537
TMB,"TAMILNAD MERCA BANK",433,2801921
TNIDETF,"TATAAML - TNIDETF",95.42,2273793
TNPETRO-BE,"TAMILNADU PETROPRODUCTS L",112.5,1340161
TNPL,"TAMILNADU NEWSPRT & PAPER",157.8,1018881
TNTELE,"TAMILNADU TELECOMMUNICATI",14.56,899073
TOKYOPLAST,"TOKYO PLAST INTL",120.01,982273
TOLINS,"TOLINS TYRES",167.1,6467073
TOP100CASE,"ZERODHA NIFTY LARGECAP 100 ETF",10.72,6164737
TOP10ADD,"DSPAMC - TOP10ADD",96.45,6443777
TOP15IETF,"ICICIPRAMC - TOP15IETF",10.59,193991937
TORNTPHARM,"TORRENT PHARMACEUTICALS L",3542.6,900609
TORNTPOWER,"TORRENT POWER",1240.5,3529217
TOTAL,"TOTAL TRANSPORT SYS",70,5740289
TOUCHWOOD,"TOUCHWOOD ENTERTAIN",102.51,4328449
TPHQ,"TEAMO PRODUCTIONS HQ",0.65,4350977
TPLPLASTEH,"TPL PLASTECH",72.4,2360065
TRACXN,"TRACXN TECHNOLOGIES",51.57,2964993
TRANSRAILL,"TRANSRAIL LIGHTING",760,7350785
TRANSTEEL-SM,"TRANSTEEL SEATING TECH L",134.45,5069057
TRANSWIND-SM,"TRANSWIND INFRA",14.6,5442561
TRANSWORLD,"TRANSWORLD SHIP LINES",247.8,801025
TRAVELFOOD,"TRAVEL FOOD SERVICES",1353,193931521
TREEHOUSE,"TREE HOUSE EDU",7.69,6420993
TREJHARA,"TREJHARA SOLUTIONS",176,1924609
TREL,"TRANSINDIA REAL ESTATE L",29.85,4555521
TRENT,"TRENT",4663.1,502785
TRF,"TRF",352.8,4604673
TRIDENT,"TRIDENT",28.12,2479361
TRIDHYA-SM,"TRIDHYA TECH",16.25,4405761
TRIGYN-BE,"TRIGYN TECHNOLOGIES",79.75,1885697
TRITURBINE,"TRIVENI TURBINE",528,6549505
TRIVENI,"TRIVENI ENGG. & INDS.",351.2,3348737
TROM-SM,"TROM INDUSTRIES",94.95,6308353
TRU,"TRUCAP FINANCE",9.95,2400769
TRUALT,"TRUALT BIOENERGY",502,194357761
TRUST-SM,"TRUST FINTECH",72.7,5994753
TSC-SM,"TSC INDIA",63,194011649
TTKHLTCARE,"TTK HEALTHCARE",1146.3,2910465
TTKPRESTIG,"TTK PRESTIGE",637.05,907777
TTL,"T T",10.26,3664385
TTML,"TATA TELESERV(MAHARASTRA)",56.75,2292225
TUNWAL-SM,"TUNWAL E-MOTORS",31.1,6277121
TVSELECT,"TVS ELECTRONICS",612.3,2883841
TVSHLTD,"TVS HOLDINGS",13321,7426049
TVSINVIT-IV,"TVS INFRASTRUCTURE TRUST",104.4,194201089
TVSMOTOR,"TVS MOTOR COMPANY ",3481,2170625
TVSSCS,"TVS SUPPLY CHAIN SOL L",124.08,4646657
TVSSRICHAK,"TVS SRICHAKRA",3867.1,3646721
TVTODAY,"TV TODAY NETWORK",147.66,2886401
TVVISION,"TV VISION",6.71,4737025
UBL,"UNITED BREWERIES",1764.8,4278529
UCAL,"UCAL",132.36,913921
UCL-SM,"USHANTI COLOUR CHEM",44.15,1078273
UCOBANK,"UCO BANK",30.8,2873089
UDS,"UPDATER SERVICES",245.99,4892929
UEL-BE,"UJAAS ENERGY",371.35,6018305
UFLEX,"UFLEX",550,269569
UFO,"UFO MOVIEZ INDIA",72.7,2313985
UGARSUGAR,"THE UGAR SUGAR WORKS",42.75,5011969
UGROCAP,"UGRO CAPITAL",182.96,1360129
UHTL-SM,"UNITED HEAT TRANSFER",87,6639361
UJJIVANSFB,"UJJIVAN SMALL FINANC BANK",48.35,3898369
ULTRACEMCO,"ULTRATECH CEMENT",12163,2952193
UMA-SM,"UMA CONVERTER",23.95,3417345
UMAEXPORTS-BE,"UMA EXPORTS",47.35,2264321
UMESLTD,"USHA MARTIN EDU & SOL",5.78,4900353
UMIYA-MRO,"UMIYA BUILDCON",87.85,2303489
UNICHEMLAB,"UNICHEM LABORATORIES",489,916225
UNIDT,"UNITED DRILLING TOOLS",193,51457
UNIECOM,"UNICOMMERCE ESOLUTIONS L",136.6,6351105
UNIENTER,"UNIPHOS ENTERPRISES",147.89,2891009
UNIHEALTH-SM,"UNIHEALTH HOSPITALS",161.95,4756993
UNIINFO,"UNIINFO TELECOM SERVI",17.26,1994497
UNILEX-SM,"UNILEX COLOURS AND CHEM L",45.05,6562049
UNIMECH,"UNIMECH AEROSPACE N MFG L",949.7,7413761
UNIONBANK,"UNION BANK OF INDIA",137.86,2752769
UNIONGOLD,"UNIONAMC - UNIONGOLD",121.2,7599873
UNIPARTS,"UNIPARTS INDIA",453,3342593
UNITDSPR,"UNITED SPIRITS",1337.5,2674433
UNITECH,"UNITECH",7.39,920065
UNITEDPOLY-BE,"UNITED POLYFAB GUJ.",46.21,1936385
UNITEDTEA,"UNITED NILGIRI TEA",477,4607745
UNIVASTU,"UNIVASTU INDIA",262,4858113
UNIVCABLES,"UNIVERSAL CABLES",703.95,923393
UNIVPHOTO-BE,"UNIVERSUS IMAGINGS",258,4521217
UNOMINDA,"UNO MINDA",1263.9,3623425
UPL,"UPL",676.5,2889473
URAVIDEF,"URAVI DEFENCE &TECH",241,4370177
URBAN-SM,"URBAN ENVIRO WASTE MGMT L",169,4323329
URBANCO,"URBAN COMPANY",160.4,194325505
URJA,"URJA GLOBAL",12.81,5171969
USASEEDS-ST,"UPSURGE SEEDS OF AGRI",258,2717953
USHAFIN-SM,"USHA FINANCIAL SERVICES L",42,6643713
USHAMART,"USHA MARTIN",476.3,2263041
USK,"UDAYSHIVAKUMAR INFRA",29.4,3806977
UTIAMC,"UTI ASSET MNGMT CO",1275.3,134913
UTIBANKETF,"UTIAMC - UTIBANKETF",58,5744641
UTINEXT50,"UTIAMC - UTINEXT50",73.31,5498369
UTINIFTETF,"UTIAMC - UTINIFTETF",276.45,2690817
UTISENSETF,"UTIAMC - UTISENSETF",900,2691841
UTISXN50,"UTIAMC - UTISXN50",90.28,2347009
UTKARSHBNK,"UTKARSH SMALL FIN BANK L",22.16,4443649
UTSSAV-SM,"UTSSAV CZ GOLD JEWELS",163.1,6329857
UTTAMSUGAR,"UTTAM SUGAR MILLS",261,3424257
UWCSL-SM,"ULTRA WIRING CONN SYS",106.5,1521921
UYFINCORP,"U. Y. FINCORP",14.88,6560257
V2RETAIL,"V2 RETAIL",2447.9,3780097
VADILALIND,"VADILAL INDUSTRIES",5330,6194177
VAISHALI,"VAISHALI PHARMA",11.1,4246785
VAKRANGEE,"VAKRANGEE",8.2,3415553
VAL30IETF,"ICICIPRAMC - VAL30IETF",13.67,6617857
VALIANTLAB,"VALIANT LABORATORIES",88.41,4919809
VALIANTORG-BE,"VALIANT ORGANICS",319,85505
VARDHACRLC,"VARDHAMAN ACRYLICS",42.1,2872321
VARDMNPOLY,"VARDHMAN POLYTEX",8,933377
VARROC,"VARROC ENGINEERING",599,987393
VASA-SM,"VASA RETAIL & OVERSEA",5,326145
VASCONEQ,"VASCON ENGINEERS",71.35,4636161
VASWANI-BE,"VASWANI IND",55,6488065
VBL,"VARUN BEVERAGES",446,4843777
VCL,"VAXTEX COTFAB",1.01,2309121
VDEAL-SM,"VDEAL SYSTEM",210,6413825
VEDL,"VEDANTA",484.8,784129
VEEDOL,"VEEDOL CORPORATION",1871,3588865
VEEKAYEM-SM,"VEEKAYEM FASH & APP",274.95,2741761
VELS-SM,"VELS FILM INTERNATIONAL L",51.3,3735041
VENKEYS,"VENKY S (INDIA)",1484,961793
VENTIVE,"VENTIVE HOSPITALITY",708.4,7384833
VENUSPIPES,"VENUS PIPES & TUBES",1310,2455553
VENUSREM,"VENUS REMEDIES",451,3547905
VERA-SM,"VERA SYNTHETIC",100.5,682497
VERANDA,"VERANDA LEARNING SOL",223.4,2275841
VERITAAS-SM,"VERITAAS ADVERTISING",62,6086401
VERTEXPLUS-ST,"VERTEXPLUS TECHNOLOGIES L",135.8,3712769
VERTIS-IV,"VERTIS INFRASTRUCTURE TST",103.5,2753793
VERTOZ,"VERTOZ",69,4828929
VESUVIUS,"VESUVIUS INDIA",503,941057
VETO,"VETO SWITCHGEAR CABLE",114.75,2214913
VGINFOTECH-SM,"VIRTUAL GALAXY INFOTECH L",170.1,193807361
VGUARD,"V-GUARD IND",349.9,3932673
VHL,"VARDHMAN HOLDINGS",3910,3044353
VHLTD-BE,"VICEROY HOTELS",126.01,5986817
VIAZ-ST,"VIAZ TYRES",77,3667201
VIDHIING,"VIDHI SPCLTY F INGRDNTS L",365,3465217
VIESL-SM,"VISION INFRA EQUIP SOL L",217,6459137
VIGOR-SM,"VIGOR PLAST INDIA",87.7,194277889
VIJAYA,"VIJAYA DIAGNOSTIC CEN",980.35,1429761
VIJAYPD-ST,"VIJAYPD CEUTICAL",39.5,194591745
VIJIFIN-BE,"VIJI FINANCE",3.36,4529921
VIKASECO,"VIKAS ECOTECH",1.96,6593537
VIKASLIFE,"VIKAS LIFECARE",2.16,2542337
VIKRAMSOLR,"VIKRAM SOLAR",326.6,194419969
VIKRAN,"VIKRAN ENGINEERING",105.8,194297089
VILAS-SM,"VILAS TRANSCORE",485,6120705
VILINBIO-SM,"VILIN BIO MED",24.3,4340225
VIMTALABS,"VIMTA LABS",727,3353857
VINATIORGA,"VINATI ORGANICS",1692.3,4445185
VINCOFE,"VINTAGE COFFEE N BVRGS L",139.7,6613761
VINDHYATEL,"VINDHYA TELELINKS",1384.9,945665
VINEETLAB,"VINEET LABORATORIES",40.61,974593
VINNY,"VINNY OVERSEAS",1.26,3197441
VINSYS-SM,"VINSYS IT SERVICES IND LT",374,4581889
VINYAS-SM,"VINYAS INNOVATIVE TECH L",1173,4916737
VINYLINDIA,"VINYL CHEMICALS (I)",285,4306177
VIPCLOTHNG,"VIP CLOTHING",34.25,3799809
VIPIND,"VIP INDUSTRIES",426.05,947969
VIPULLTD,"VIPUL",9.2,2156545
VIRINCHI-BE,"VIRINCHI",27.45,3917825
VISAKAIND,"VISAKA INDUSTRIES",85.2,1080577
VISAMAN-ST,"VISAMAN GLOBAL SALES",123.3,6214913
VISASTEEL,"VISA STEEL",55,3403521
VISHNU,"VISHNU CHEMICALS",479.3,1768449
VISHNUINFR-SM,"VISHNUSURYA PROJ N INFR L",167,4940801
VISHWARAJ,"VISHWARAJ SUGAR IND",8.33,3507713
VISHWAS-SM,"VISHWAS AGRI SEEDS",56.9,5982721
VITAL-SM,"VITAL CHEMTECH",60,3051521
VIVIANA-SM,"VIVIANA POWER TECH",1707,2807553
VIVIDHA,"VISAGAR POLYTEX",0.79,7648513
VIVO-SM,"VIVO COLLAB SOLUTIONS",74,1948161
VLEGOV,"VL E GOV AND IT SOL",27.93,4611073
VLINFRA-SM,"V.L.INFRAPROJECTS",34,6299137
VLSFINANCE,"VLS FINANCE",218.71,951041
VMARCIND-SM,"V MARC INDIA",514.1,816129
VMART,"VMART RETAIL",851.1,7496705
VMM,"VISHAL MEGA MART",147.95,7160065
VMSTMT,"VMS TMT",74.35,194342913
VOLERCAR-ST,"VOLER CAR",230,7593217
VOLTAMP,"VOLTAMP TRANSFORMERS",7070,3475713
VOLTAS,"VOLTAS",1378,951809
VPRPL,"VISHNU PRAKASH R PUNGLI L",89.4,4695297
VR-SM,"V R INFRASPACE",191,5892609
VRAJ,"VRAJ IRON AND STEEL",150.48,6226177
VRLLOG,"VRL LOGISTICS",270,2226177
VSCL-SM,"VADIVARHE SPCLTY CHEM",23.75,5369089
VSSL,"VARDHMAN SPC STEEL",292.9,6929153
VSTIND,"VST INDUSTRIES",259.75,953345
VSTL,"VIBHOR STEEL TUBES",149.85,5818881
VSTTILLERS,"VST TILLERS TRACTORS",5574,6218753
VTL,"VARDHMAN TEXTILES",400,530689
WAAREEENER,"WAAREE ENERGIES",3338.5,6632193
WAAREEINDO-BE,"INDOSOLAR",712.65,5109505
WAAREERTL,"WAAREE RENEWABLE TECH",1110.6,193545729
WABAG,"VA TECH WABAG",1428.4,5168129
WALCHANNAG,"WALCHANDNAGAR INDUSTRIES",196.32,956417
WALPAR-SM,"WALPAR NUTRITIONS",44.1,1283329
WANBURY,"WANBURY",256.35,3600129
WCIL,"WESTERN CARRIERS (IND) L",125.37,6503169
WEALTH,"WEALTH FRST PORT. MG.",1200,492289
WEBELSOLAR,"WEBSOL ENERGY SYSTEM",1111,3738113
WEIZMANIND,"WEIZMANN",110.2,959489
WEL,"WONDER ELECTRICALS",128.9,2005761
WELCORP,"WELSPUN CORP",852.7,3026177
WELENT,"WELSPUN ENTERPRISES",519.9,2976257
WELINV-BE,"WELSPUN INV & COMM",1066.3,5069825
WELSPUNLIV,"WELSPUN LIVING",119.7,2880769
WENDT,"WENDT (INDIA)",8940,1084161
WESTLIFE,"WESTLIFE FOODWORLD",656.7,2964481
WEWIN,"WE WIN",68.4,2524673
WHEELS,"WHEELS INDIA",934.3,964097
WHIRLPOOL,"WHIRLPOOL OF INDIA",1161,4610817
WHITEFORCE-SM,"HAPPY SQUARE OUTSOURC S L",71,193962241
WILLAMAGOR,"WILLIAMSON MAGOR",34,965633
WINDLAS,"WINDLAS BIOTECH",915,1373697
WINDMACHIN,"WINDSOR MACHINES",296.25,6392065
WINNY-ST,"WINNY IMMIGRA & EDU SER L",71,6189057
WINSOL-SM,"WINSOL ENGINEERS",193.8,6070785
WINSOME-BZ,"WINSOME YARNS",1.9,3777793
WIPL,"THE WESTERN INDIA PLY",163,5243137
WIPRO,"WIPRO",246.4,969473
WOCKPHARMA,"WOCKHARDT",1402,1921537
WOL3D-SM,"WOL 3D INDIA",124.05,6554113
WOMANCART-SM,"WOMANCART",238,5024513
WONDERLA,"WONDERLA HOLIDAYS",579,768513
WORTH,"WORTH PERIPHERALS",159.5,5702913
WSI,"W.S.INDUSTRIES (I)",72.61,3795969
WSTCSTPAPR,"WEST COAST PAPER MILLS LT",471.2,972545
WTICAB-ST,"WISE TRAVEL INDIA",166.95,5818369
XCHANGING,"XCHANGING SOLUTIONS",86.15,2996481
XELPMOC,"XELPMOC DESIGN & TECH",106,2170113
XPROINDIA,"XPRO INDIA",1106,2920193
XTGLOBAL,"XTGLOBAL INFOTECH",39.46,6460161
YASHO,"YASHO INDUSTRIES",1636.5,4641537
YASHOPTICS-ST,"YASH OPTICS & LENS",128.3,6005249
YATHARTH,"YATHARTH HOSP & TRA C S L",826,4540929
YATRA,"YATRA ONLINE",161.99,4802561
YCCL-SM,"YASONS CHEMEX CARE",12,4512513
YESBANK,"YES BANK",22.43,3050241
YUDIZ-SM,"YUDIZ SOLUTIONS",30.4,4618241
YUKEN,"YUKEN INDIA",945,1408257
ZAGGLE,"ZAGGLE PREPA OCEAN SER L",339.4,4763649
ZEAL-SM,"ZEAL GLOBAL SERVICES",112.4,4548097
ZEEL,"ZEE ENTERTAINMENT ENT",110.19,975873
ZEELEARN,"ZEE LEARN",8.94,5338113
ZEEMEDIA,"ZEE MEDIA CORPORATION",11.12,3584769
ZENITHDRUG-SM,"ZENITH DRUGS",65.9,5837569
ZENITHEXPO,"ZENITH EXPORTS",247.55,1069057
ZENITHSTL,"ZENITH STEEL PIP IND",9.16,3727873
ZENSARTECH,"ZENSAR TECHNOLOGIES ",783.05,275457
ZENTEC,"ZEN TECHNOLOGIES",1415,1922049
ZFCVINDIA,"ZF COM VE CTR SYS IND",13400,4330241
ZIMLAB,"ZIM LABORATORIES",72,3170305
ZODIAC-BE,"ZODIAC ENERGY",379.95,1827329
ZODIACLOTH,"ZODIAC CLOTHING CO.",99.9,978177
ZOTA,"ZOTA HEALTH CARE",1560.5,2916865
ZTECH-SM,"Z-TECH (INDIA)",589,6137857
ZUARI,"ZUARI AGRO CHEMICALS",263.2,7436801
ZUARIIND,"ZUARI INDUSTRIES",355.15,979713
ZYDUSLIFE,"ZYDUS LIFESCIENCES",991.9,2029825
ZYDUSWELL,"ZYDUS WELLNESS",453,4514561